<?xml version="1.0" encoding="UTF-8"?>
<gpx creator="StravaGPX" version="1.1" xmlns="http://www.topografix.com/GPX/1/1" xmlns:xsi="http://www.w3.org/2001/XMLSchema-instance" xsi:schemaLocation="http://www.topografix.com/GPX/1/1 http://www.topografix.com/GPX/1/1/gpx.xsd">
 <metadata>
  <time>2026-08-02T17:42:13Z</time>
 </metadata>
 <trk>
  <name>Evening Walk</name>
  <type>walking</type>
  <trkseg>
   <trkpt lat="55.5906560" lon="-2.5558930">
    <ele>107.0</ele>
    <time>2026-08-02T17:42:13Z</time>
   </trkpt>
   <trkpt lat="55.5906560" lon="-2.5558930">
    <ele>107.0</ele>
    <time>2026-08-02T17:42:14Z</time>
   </trkpt>
   <trkpt lat="55.5906550" lon="-2.5559050">
    <ele>107.1</ele>
    <time>2026-08-02T17:42:15Z</time>
   </trkpt>
   <trkpt lat="55.5906450" lon="-2.5559200">
    <ele>107.1</ele>
    <time>2026-08-02T17:42:16Z</time>
   </trkpt>
   <trkpt lat="55.5906460" lon="-2.5559490">
    <ele>107.2</ele>
    <time>2026-08-02T17:42:18Z</time>
   </trkpt>
   <trkpt lat="55.5906410" lon="-2.5559670">
    <ele>107.3</ele>
    <time>2026-08-02T17:42:19Z</time>
   </trkpt>
   <trkpt lat="55.5906400" lon="-2.5559770">
    <ele>107.3</ele>
    <time>2026-08-02T17:42:20Z</time>
   </trkpt>
   <trkpt lat="55.5906270" lon="-2.5559940">
    <ele>107.4</ele>
    <time>2026-08-02T17:42:21Z</time>
   </trkpt>
   <trkpt lat="55.5906220" lon="-2.5560120">
    <ele>107.4</ele>
    <time>2026-08-02T17:42:22Z</time>
   </trkpt>
   <trkpt lat="55.5906210" lon="-2.5560410">
    <ele>107.5</ele>
    <time>2026-08-02T17:42:23Z</time>
   </trkpt>
   <trkpt lat="55.5906170" lon="-2.5560520">
    <ele>107.5</ele>
    <time>2026-08-02T17:42:24Z</time>
   </trkpt>
   <trkpt lat="55.5905950" lon="-2.5560750">
    <ele>107.6</ele>
    <time>2026-08-02T17:42:25Z</time>
   </trkpt>
   <trkpt lat="55.5905890" lon="-2.5560820">
    <ele>107.6</ele>
    <time>2026-08-02T17:42:26Z</time>
   </trkpt>
   <trkpt lat="55.5905870" lon="-2.5561040">
    <ele>107.7</ele>
    <time>2026-08-02T17:42:27Z</time>
   </trkpt>
   <trkpt lat="55.5905820" lon="-2.5561140">
    <ele>107.7</ele>
    <time>2026-08-02T17:42:28Z</time>
   </trkpt>
   <trkpt lat="55.5905800" lon="-2.5561230">
    <ele>107.7</ele>
    <time>2026-08-02T17:42:29Z</time>
   </trkpt>
   <trkpt lat="55.5905680" lon="-2.5561290">
    <ele>107.8</ele>
    <time>2026-08-02T17:42:30Z</time>
   </trkpt>
   <trkpt lat="55.5905610" lon="-2.5561510">
    <ele>107.8</ele>
    <time>2026-08-02T17:42:31Z</time>
   </trkpt>
   <trkpt lat="55.5905650" lon="-2.5561730">
    <ele>107.9</ele>
    <time>2026-08-02T17:42:32Z</time>
   </trkpt>
   <trkpt lat="55.5905700" lon="-2.5561870">
    <ele>107.9</ele>
    <time>2026-08-02T17:42:33Z</time>
   </trkpt>
   <trkpt lat="55.5905820" lon="-2.5561990">
    <ele>108.0</ele>
    <time>2026-08-02T17:42:34Z</time>
   </trkpt>
   <trkpt lat="55.5905910" lon="-2.5562220">
    <ele>108.0</ele>
    <time>2026-08-02T17:42:35Z</time>
   </trkpt>
   <trkpt lat="55.5906000" lon="-2.5562350">
    <ele>108.0</ele>
    <time>2026-08-02T17:42:36Z</time>
   </trkpt>
   <trkpt lat="55.5906050" lon="-2.5562540">
    <ele>108.1</ele>
    <time>2026-08-02T17:42:37Z</time>
   </trkpt>
   <trkpt lat="55.5906090" lon="-2.5562730">
    <ele>108.1</ele>
    <time>2026-08-02T17:42:38Z</time>
   </trkpt>
   <trkpt lat="55.5906160" lon="-2.5562810">
    <ele>108.2</ele>
    <time>2026-08-02T17:42:39Z</time>
   </trkpt>
   <trkpt lat="55.5906230" lon="-2.5563010">
    <ele>108.2</ele>
    <time>2026-08-02T17:42:40Z</time>
   </trkpt>
   <trkpt lat="55.5906380" lon="-2.5563110">
    <ele>108.2</ele>
    <time>2026-08-02T17:42:41Z</time>
   </trkpt>
   <trkpt lat="55.5906520" lon="-2.5563220">
    <ele>108.3</ele>
    <time>2026-08-02T17:42:42Z</time>
   </trkpt>
   <trkpt lat="55.5906650" lon="-2.5563270">
    <ele>108.3</ele>
    <time>2026-08-02T17:42:43Z</time>
   </trkpt>
   <trkpt lat="55.5906720" lon="-2.5563480">
    <ele>108.4</ele>
    <time>2026-08-02T17:42:44Z</time>
   </trkpt>
   <trkpt lat="55.5906760" lon="-2.5563700">
    <ele>108.4</ele>
    <time>2026-08-02T17:42:45Z</time>
   </trkpt>
   <trkpt lat="55.5906840" lon="-2.5564310">
    <ele>108.5</ele>
    <time>2026-08-02T17:42:46Z</time>
   </trkpt>
   <trkpt lat="55.5906900" lon="-2.5564270">
    <ele>108.5</ele>
    <time>2026-08-02T17:42:47Z</time>
   </trkpt>
   <trkpt lat="55.5906930" lon="-2.5564450">
    <ele>108.6</ele>
    <time>2026-08-02T17:42:48Z</time>
   </trkpt>
   <trkpt lat="55.5907030" lon="-2.5564570">
    <ele>108.6</ele>
    <time>2026-08-02T17:42:49Z</time>
   </trkpt>
   <trkpt lat="55.5907140" lon="-2.5564670">
    <ele>108.6</ele>
    <time>2026-08-02T17:42:50Z</time>
   </trkpt>
   <trkpt lat="55.5907190" lon="-2.5564720">
    <ele>108.7</ele>
    <time>2026-08-02T17:42:51Z</time>
   </trkpt>
   <trkpt lat="55.5907300" lon="-2.5564820">
    <ele>108.7</ele>
    <time>2026-08-02T17:42:52Z</time>
   </trkpt>
   <trkpt lat="55.5907400" lon="-2.5564830">
    <ele>108.7</ele>
    <time>2026-08-02T17:42:53Z</time>
   </trkpt>
   <trkpt lat="55.5907410" lon="-2.5564960">
    <ele>108.7</ele>
    <time>2026-08-02T17:42:54Z</time>
   </trkpt>
   <trkpt lat="55.5907490" lon="-2.5564930">
    <ele>108.8</ele>
    <time>2026-08-02T17:42:55Z</time>
   </trkpt>
   <trkpt lat="55.5907530" lon="-2.5565090">
    <ele>108.8</ele>
    <time>2026-08-02T17:42:56Z</time>
   </trkpt>
   <trkpt lat="55.5907560" lon="-2.5565220">
    <ele>108.8</ele>
    <time>2026-08-02T17:42:57Z</time>
   </trkpt>
   <trkpt lat="55.5907620" lon="-2.5565450">
    <ele>108.9</ele>
    <time>2026-08-02T17:42:58Z</time>
   </trkpt>
   <trkpt lat="55.5907700" lon="-2.5565770">
    <ele>108.9</ele>
    <time>2026-08-02T17:42:59Z</time>
   </trkpt>
   <trkpt lat="55.5907800" lon="-2.5565920">
    <ele>109.0</ele>
    <time>2026-08-02T17:43:00Z</time>
   </trkpt>
   <trkpt lat="55.5907870" lon="-2.5566080">
    <ele>109.0</ele>
    <time>2026-08-02T17:43:01Z</time>
   </trkpt>
   <trkpt lat="55.5907980" lon="-2.5566230">
    <ele>109.0</ele>
    <time>2026-08-02T17:43:02Z</time>
   </trkpt>
   <trkpt lat="55.5908070" lon="-2.5566390">
    <ele>109.1</ele>
    <time>2026-08-02T17:43:03Z</time>
   </trkpt>
   <trkpt lat="55.5908160" lon="-2.5566480">
    <ele>109.1</ele>
    <time>2026-08-02T17:43:04Z</time>
   </trkpt>
   <trkpt lat="55.5908250" lon="-2.5566630">
    <ele>109.1</ele>
    <time>2026-08-02T17:43:05Z</time>
   </trkpt>
   <trkpt lat="55.5908280" lon="-2.5566760">
    <ele>109.2</ele>
    <time>2026-08-02T17:43:06Z</time>
   </trkpt>
   <trkpt lat="55.5908350" lon="-2.5566810">
    <ele>109.2</ele>
    <time>2026-08-02T17:43:07Z</time>
   </trkpt>
   <trkpt lat="55.5908420" lon="-2.5566860">
    <ele>109.2</ele>
    <time>2026-08-02T17:43:08Z</time>
   </trkpt>
   <trkpt lat="55.5908480" lon="-2.5567000">
    <ele>109.2</ele>
    <time>2026-08-02T17:43:09Z</time>
   </trkpt>
   <trkpt lat="55.5908540" lon="-2.5567200">
    <ele>109.3</ele>
    <time>2026-08-02T17:43:10Z</time>
   </trkpt>
   <trkpt lat="55.5908580" lon="-2.5567220">
    <ele>109.3</ele>
    <time>2026-08-02T17:43:11Z</time>
   </trkpt>
   <trkpt lat="55.5908670" lon="-2.5567480">
    <ele>109.3</ele>
    <time>2026-08-02T17:43:12Z</time>
   </trkpt>
   <trkpt lat="55.5908760" lon="-2.5567650">
    <ele>109.4</ele>
    <time>2026-08-02T17:43:13Z</time>
   </trkpt>
   <trkpt lat="55.5908800" lon="-2.5567780">
    <ele>109.4</ele>
    <time>2026-08-02T17:43:14Z</time>
   </trkpt>
   <trkpt lat="55.5908850" lon="-2.5567920">
    <ele>109.4</ele>
    <time>2026-08-02T17:43:15Z</time>
   </trkpt>
   <trkpt lat="55.5908930" lon="-2.5567970">
    <ele>109.4</ele>
    <time>2026-08-02T17:43:16Z</time>
   </trkpt>
   <trkpt lat="55.5909040" lon="-2.5568090">
    <ele>109.5</ele>
    <time>2026-08-02T17:43:17Z</time>
   </trkpt>
   <trkpt lat="55.5909110" lon="-2.5568160">
    <ele>109.5</ele>
    <time>2026-08-02T17:43:18Z</time>
   </trkpt>
   <trkpt lat="55.5909200" lon="-2.5568330">
    <ele>109.5</ele>
    <time>2026-08-02T17:43:19Z</time>
   </trkpt>
   <trkpt lat="55.5909260" lon="-2.5568470">
    <ele>109.5</ele>
    <time>2026-08-02T17:43:20Z</time>
   </trkpt>
   <trkpt lat="55.5909310" lon="-2.5568640">
    <ele>109.6</ele>
    <time>2026-08-02T17:43:21Z</time>
   </trkpt>
   <trkpt lat="55.5909380" lon="-2.5568790">
    <ele>109.6</ele>
    <time>2026-08-02T17:43:22Z</time>
   </trkpt>
   <trkpt lat="55.5909440" lon="-2.5568970">
    <ele>109.7</ele>
    <time>2026-08-02T17:43:23Z</time>
   </trkpt>
   <trkpt lat="55.5909510" lon="-2.5569050">
    <ele>109.7</ele>
    <time>2026-08-02T17:43:24Z</time>
   </trkpt>
   <trkpt lat="55.5909580" lon="-2.5569230">
    <ele>109.8</ele>
    <time>2026-08-02T17:43:25Z</time>
   </trkpt>
   <trkpt lat="55.5909600" lon="-2.5569420">
    <ele>109.8</ele>
    <time>2026-08-02T17:43:26Z</time>
   </trkpt>
   <trkpt lat="55.5909700" lon="-2.5569590">
    <ele>109.9</ele>
    <time>2026-08-02T17:43:27Z</time>
   </trkpt>
   <trkpt lat="55.5909760" lon="-2.5569740">
    <ele>109.9</ele>
    <time>2026-08-02T17:43:28Z</time>
   </trkpt>
   <trkpt lat="55.5909860" lon="-2.5569840">
    <ele>110.0</ele>
    <time>2026-08-02T17:43:29Z</time>
   </trkpt>
   <trkpt lat="55.5909920" lon="-2.5569950">
    <ele>110.0</ele>
    <time>2026-08-02T17:43:30Z</time>
   </trkpt>
   <trkpt lat="55.5909940" lon="-2.5570040">
    <ele>110.0</ele>
    <time>2026-08-02T17:43:31Z</time>
   </trkpt>
   <trkpt lat="55.5910020" lon="-2.5570290">
    <ele>110.1</ele>
    <time>2026-08-02T17:43:32Z</time>
   </trkpt>
   <trkpt lat="55.5910100" lon="-2.5570390">
    <ele>110.2</ele>
    <time>2026-08-02T17:43:33Z</time>
   </trkpt>
   <trkpt lat="55.5910190" lon="-2.5570470">
    <ele>110.2</ele>
    <time>2026-08-02T17:43:34Z</time>
   </trkpt>
   <trkpt lat="55.5910270" lon="-2.5570600">
    <ele>110.3</ele>
    <time>2026-08-02T17:43:35Z</time>
   </trkpt>
   <trkpt lat="55.5910320" lon="-2.5570820">
    <ele>110.3</ele>
    <time>2026-08-02T17:43:36Z</time>
   </trkpt>
   <trkpt lat="55.5910390" lon="-2.5570980">
    <ele>110.4</ele>
    <time>2026-08-02T17:43:37Z</time>
   </trkpt>
   <trkpt lat="55.5910500" lon="-2.5571160">
    <ele>110.4</ele>
    <time>2026-08-02T17:43:38Z</time>
   </trkpt>
   <trkpt lat="55.5910570" lon="-2.5571270">
    <ele>110.5</ele>
    <time>2026-08-02T17:43:39Z</time>
   </trkpt>
   <trkpt lat="55.5910620" lon="-2.5571470">
    <ele>110.5</ele>
    <time>2026-08-02T17:43:40Z</time>
   </trkpt>
   <trkpt lat="55.5910700" lon="-2.5571580">
    <ele>110.6</ele>
    <time>2026-08-02T17:43:41Z</time>
   </trkpt>
   <trkpt lat="55.5910760" lon="-2.5571750">
    <ele>110.6</ele>
    <time>2026-08-02T17:43:42Z</time>
   </trkpt>
   <trkpt lat="55.5910850" lon="-2.5571880">
    <ele>110.7</ele>
    <time>2026-08-02T17:43:43Z</time>
   </trkpt>
   <trkpt lat="55.5910920" lon="-2.5572000">
    <ele>110.7</ele>
    <time>2026-08-02T17:43:44Z</time>
   </trkpt>
   <trkpt lat="55.5911040" lon="-2.5572170">
    <ele>110.8</ele>
    <time>2026-08-02T17:43:45Z</time>
   </trkpt>
   <trkpt lat="55.5911080" lon="-2.5572320">
    <ele>110.9</ele>
    <time>2026-08-02T17:43:46Z</time>
   </trkpt>
   <trkpt lat="55.5911110" lon="-2.5572490">
    <ele>110.9</ele>
    <time>2026-08-02T17:43:47Z</time>
   </trkpt>
   <trkpt lat="55.5911150" lon="-2.5572590">
    <ele>110.9</ele>
    <time>2026-08-02T17:43:48Z</time>
   </trkpt>
   <trkpt lat="55.5911220" lon="-2.5572740">
    <ele>111.0</ele>
    <time>2026-08-02T17:43:49Z</time>
   </trkpt>
   <trkpt lat="55.5911350" lon="-2.5572890">
    <ele>111.1</ele>
    <time>2026-08-02T17:43:50Z</time>
   </trkpt>
   <trkpt lat="55.5911400" lon="-2.5573050">
    <ele>111.1</ele>
    <time>2026-08-02T17:43:51Z</time>
   </trkpt>
   <trkpt lat="55.5911500" lon="-2.5573240">
    <ele>111.2</ele>
    <time>2026-08-02T17:43:52Z</time>
   </trkpt>
   <trkpt lat="55.5911570" lon="-2.5573370">
    <ele>111.2</ele>
    <time>2026-08-02T17:43:53Z</time>
   </trkpt>
   <trkpt lat="55.5911600" lon="-2.5573540">
    <ele>111.3</ele>
    <time>2026-08-02T17:43:54Z</time>
   </trkpt>
   <trkpt lat="55.5911740" lon="-2.5573640">
    <ele>111.3</ele>
    <time>2026-08-02T17:43:55Z</time>
   </trkpt>
   <trkpt lat="55.5911770" lon="-2.5573740">
    <ele>111.4</ele>
    <time>2026-08-02T17:43:56Z</time>
   </trkpt>
   <trkpt lat="55.5911850" lon="-2.5573850">
    <ele>111.4</ele>
    <time>2026-08-02T17:43:57Z</time>
   </trkpt>
   <trkpt lat="55.5911950" lon="-2.5573970">
    <ele>111.5</ele>
    <time>2026-08-02T17:43:58Z</time>
   </trkpt>
   <trkpt lat="55.5912030" lon="-2.5574150">
    <ele>111.5</ele>
    <time>2026-08-02T17:43:59Z</time>
   </trkpt>
   <trkpt lat="55.5912070" lon="-2.5574330">
    <ele>111.6</ele>
    <time>2026-08-02T17:44:00Z</time>
   </trkpt>
   <trkpt lat="55.5912110" lon="-2.5574490">
    <ele>111.6</ele>
    <time>2026-08-02T17:44:01Z</time>
   </trkpt>
   <trkpt lat="55.5912180" lon="-2.5574600">
    <ele>111.6</ele>
    <time>2026-08-02T17:44:02Z</time>
   </trkpt>
   <trkpt lat="55.5912260" lon="-2.5574780">
    <ele>111.7</ele>
    <time>2026-08-02T17:44:03Z</time>
   </trkpt>
   <trkpt lat="55.5912330" lon="-2.5574960">
    <ele>111.7</ele>
    <time>2026-08-02T17:44:04Z</time>
   </trkpt>
   <trkpt lat="55.5912430" lon="-2.5575110">
    <ele>111.8</ele>
    <time>2026-08-02T17:44:05Z</time>
   </trkpt>
   <trkpt lat="55.5912510" lon="-2.5575260">
    <ele>111.8</ele>
    <time>2026-08-02T17:44:06Z</time>
   </trkpt>
   <trkpt lat="55.5912570" lon="-2.5575400">
    <ele>111.9</ele>
    <time>2026-08-02T17:44:08Z</time>
   </trkpt>
   <trkpt lat="55.5912630" lon="-2.5575500">
    <ele>111.9</ele>
    <time>2026-08-02T17:44:09Z</time>
   </trkpt>
   <trkpt lat="55.5912700" lon="-2.5575690">
    <ele>112.0</ele>
    <time>2026-08-02T17:44:10Z</time>
   </trkpt>
   <trkpt lat="55.5912780" lon="-2.5575990">
    <ele>112.0</ele>
    <time>2026-08-02T17:44:11Z</time>
   </trkpt>
   <trkpt lat="55.5912840" lon="-2.5576210">
    <ele>112.1</ele>
    <time>2026-08-02T17:44:12Z</time>
   </trkpt>
   <trkpt lat="55.5912930" lon="-2.5576370">
    <ele>112.1</ele>
    <time>2026-08-02T17:44:13Z</time>
   </trkpt>
   <trkpt lat="55.5913010" lon="-2.5576490">
    <ele>112.1</ele>
    <time>2026-08-02T17:44:14Z</time>
   </trkpt>
   <trkpt lat="55.5913080" lon="-2.5576610">
    <ele>112.2</ele>
    <time>2026-08-02T17:44:15Z</time>
   </trkpt>
   <trkpt lat="55.5913180" lon="-2.5576760">
    <ele>112.2</ele>
    <time>2026-08-02T17:44:16Z</time>
   </trkpt>
   <trkpt lat="55.5913220" lon="-2.5576970">
    <ele>112.3</ele>
    <time>2026-08-02T17:44:17Z</time>
   </trkpt>
   <trkpt lat="55.5913320" lon="-2.5577140">
    <ele>112.3</ele>
    <time>2026-08-02T17:44:18Z</time>
   </trkpt>
   <trkpt lat="55.5913380" lon="-2.5577290">
    <ele>112.3</ele>
    <time>2026-08-02T17:44:19Z</time>
   </trkpt>
   <trkpt lat="55.5913450" lon="-2.5577400">
    <ele>112.3</ele>
    <time>2026-08-02T17:44:20Z</time>
   </trkpt>
   <trkpt lat="55.5913570" lon="-2.5577590">
    <ele>112.4</ele>
    <time>2026-08-02T17:44:21Z</time>
   </trkpt>
   <trkpt lat="55.5913650" lon="-2.5577670">
    <ele>112.4</ele>
    <time>2026-08-02T17:44:22Z</time>
   </trkpt>
   <trkpt lat="55.5913710" lon="-2.5577810">
    <ele>112.4</ele>
    <time>2026-08-02T17:44:23Z</time>
   </trkpt>
   <trkpt lat="55.5913770" lon="-2.5577950">
    <ele>112.5</ele>
    <time>2026-08-02T17:44:24Z</time>
   </trkpt>
   <trkpt lat="55.5913880" lon="-2.5578130">
    <ele>112.5</ele>
    <time>2026-08-02T17:44:25Z</time>
   </trkpt>
   <trkpt lat="55.5913940" lon="-2.5578270">
    <ele>112.5</ele>
    <time>2026-08-02T17:44:26Z</time>
   </trkpt>
   <trkpt lat="55.5914020" lon="-2.5578450">
    <ele>112.5</ele>
    <time>2026-08-02T17:44:27Z</time>
   </trkpt>
   <trkpt lat="55.5914070" lon="-2.5578620">
    <ele>112.6</ele>
    <time>2026-08-02T17:44:28Z</time>
   </trkpt>
   <trkpt lat="55.5914160" lon="-2.5578700">
    <ele>112.6</ele>
    <time>2026-08-02T17:44:29Z</time>
   </trkpt>
   <trkpt lat="55.5914260" lon="-2.5578830">
    <ele>112.6</ele>
    <time>2026-08-02T17:44:30Z</time>
   </trkpt>
   <trkpt lat="55.5914350" lon="-2.5578970">
    <ele>112.6</ele>
    <time>2026-08-02T17:44:31Z</time>
   </trkpt>
   <trkpt lat="55.5914390" lon="-2.5579080">
    <ele>112.6</ele>
    <time>2026-08-02T17:44:32Z</time>
   </trkpt>
   <trkpt lat="55.5914450" lon="-2.5579280">
    <ele>112.7</ele>
    <time>2026-08-02T17:44:33Z</time>
   </trkpt>
   <trkpt lat="55.5914590" lon="-2.5579440">
    <ele>112.7</ele>
    <time>2026-08-02T17:44:34Z</time>
   </trkpt>
   <trkpt lat="55.5914670" lon="-2.5579540">
    <ele>112.7</ele>
    <time>2026-08-02T17:44:35Z</time>
   </trkpt>
   <trkpt lat="55.5914750" lon="-2.5579640">
    <ele>112.7</ele>
    <time>2026-08-02T17:44:36Z</time>
   </trkpt>
   <trkpt lat="55.5914800" lon="-2.5579770">
    <ele>112.7</ele>
    <time>2026-08-02T17:44:37Z</time>
   </trkpt>
   <trkpt lat="55.5914860" lon="-2.5579890">
    <ele>112.7</ele>
    <time>2026-08-02T17:44:38Z</time>
   </trkpt>
   <trkpt lat="55.5914920" lon="-2.5580040">
    <ele>112.7</ele>
    <time>2026-08-02T17:44:39Z</time>
   </trkpt>
   <trkpt lat="55.5914980" lon="-2.5580210">
    <ele>112.7</ele>
    <time>2026-08-02T17:44:40Z</time>
   </trkpt>
   <trkpt lat="55.5915050" lon="-2.5580340">
    <ele>112.7</ele>
    <time>2026-08-02T17:44:41Z</time>
   </trkpt>
   <trkpt lat="55.5915080" lon="-2.5580410">
    <ele>112.7</ele>
    <time>2026-08-02T17:44:42Z</time>
   </trkpt>
   <trkpt lat="55.5915170" lon="-2.5580550">
    <ele>112.7</ele>
    <time>2026-08-02T17:44:43Z</time>
   </trkpt>
   <trkpt lat="55.5915220" lon="-2.5580690">
    <ele>112.7</ele>
    <time>2026-08-02T17:44:44Z</time>
   </trkpt>
   <trkpt lat="55.5915310" lon="-2.5580830">
    <ele>112.7</ele>
    <time>2026-08-02T17:44:45Z</time>
   </trkpt>
   <trkpt lat="55.5915400" lon="-2.5580970">
    <ele>112.7</ele>
    <time>2026-08-02T17:44:46Z</time>
   </trkpt>
   <trkpt lat="55.5915480" lon="-2.5581140">
    <ele>112.7</ele>
    <time>2026-08-02T17:44:47Z</time>
   </trkpt>
   <trkpt lat="55.5915550" lon="-2.5581270">
    <ele>112.7</ele>
    <time>2026-08-02T17:44:48Z</time>
   </trkpt>
   <trkpt lat="55.5915590" lon="-2.5581450">
    <ele>112.7</ele>
    <time>2026-08-02T17:44:49Z</time>
   </trkpt>
   <trkpt lat="55.5915680" lon="-2.5581560">
    <ele>112.7</ele>
    <time>2026-08-02T17:44:50Z</time>
   </trkpt>
   <trkpt lat="55.5915780" lon="-2.5581720">
    <ele>112.7</ele>
    <time>2026-08-02T17:44:51Z</time>
   </trkpt>
   <trkpt lat="55.5915850" lon="-2.5581960">
    <ele>112.7</ele>
    <time>2026-08-02T17:44:52Z</time>
   </trkpt>
   <trkpt lat="55.5915930" lon="-2.5582080">
    <ele>112.7</ele>
    <time>2026-08-02T17:44:53Z</time>
   </trkpt>
   <trkpt lat="55.5915940" lon="-2.5582220">
    <ele>112.7</ele>
    <time>2026-08-02T17:44:54Z</time>
   </trkpt>
   <trkpt lat="55.5916030" lon="-2.5582350">
    <ele>112.6</ele>
    <time>2026-08-02T17:44:55Z</time>
   </trkpt>
   <trkpt lat="55.5916130" lon="-2.5582460">
    <ele>112.6</ele>
    <time>2026-08-02T17:44:56Z</time>
   </trkpt>
   <trkpt lat="55.5916200" lon="-2.5582640">
    <ele>112.6</ele>
    <time>2026-08-02T17:44:57Z</time>
   </trkpt>
   <trkpt lat="55.5916280" lon="-2.5582930">
    <ele>112.6</ele>
    <time>2026-08-02T17:44:58Z</time>
   </trkpt>
   <trkpt lat="55.5916310" lon="-2.5583060">
    <ele>112.6</ele>
    <time>2026-08-02T17:44:59Z</time>
   </trkpt>
   <trkpt lat="55.5916390" lon="-2.5583150">
    <ele>112.6</ele>
    <time>2026-08-02T17:45:00Z</time>
   </trkpt>
   <trkpt lat="55.5916500" lon="-2.5583220">
    <ele>112.6</ele>
    <time>2026-08-02T17:45:01Z</time>
   </trkpt>
   <trkpt lat="55.5916620" lon="-2.5583310">
    <ele>112.5</ele>
    <time>2026-08-02T17:45:02Z</time>
   </trkpt>
   <trkpt lat="55.5916700" lon="-2.5583370">
    <ele>112.5</ele>
    <time>2026-08-02T17:45:03Z</time>
   </trkpt>
   <trkpt lat="55.5916750" lon="-2.5583510">
    <ele>112.5</ele>
    <time>2026-08-02T17:45:04Z</time>
   </trkpt>
   <trkpt lat="55.5916860" lon="-2.5583690">
    <ele>112.5</ele>
    <time>2026-08-02T17:45:05Z</time>
   </trkpt>
   <trkpt lat="55.5916910" lon="-2.5583800">
    <ele>112.4</ele>
    <time>2026-08-02T17:45:06Z</time>
   </trkpt>
   <trkpt lat="55.5916940" lon="-2.5583950">
    <ele>112.4</ele>
    <time>2026-08-02T17:45:07Z</time>
   </trkpt>
   <trkpt lat="55.5916990" lon="-2.5584150">
    <ele>112.3</ele>
    <time>2026-08-02T17:45:08Z</time>
   </trkpt>
   <trkpt lat="55.5917050" lon="-2.5584180">
    <ele>112.3</ele>
    <time>2026-08-02T17:45:09Z</time>
   </trkpt>
   <trkpt lat="55.5917070" lon="-2.5584240">
    <ele>112.3</ele>
    <time>2026-08-02T17:45:10Z</time>
   </trkpt>
   <trkpt lat="55.5917180" lon="-2.5584390">
    <ele>112.2</ele>
    <time>2026-08-02T17:45:11Z</time>
   </trkpt>
   <trkpt lat="55.5917180" lon="-2.5584560">
    <ele>112.1</ele>
    <time>2026-08-02T17:45:12Z</time>
   </trkpt>
   <trkpt lat="55.5917220" lon="-2.5584670">
    <ele>112.1</ele>
    <time>2026-08-02T17:45:13Z</time>
   </trkpt>
   <trkpt lat="55.5917270" lon="-2.5584730">
    <ele>112.0</ele>
    <time>2026-08-02T17:45:14Z</time>
   </trkpt>
   <trkpt lat="55.5917320" lon="-2.5584830">
    <ele>112.0</ele>
    <time>2026-08-02T17:45:15Z</time>
   </trkpt>
   <trkpt lat="55.5917310" lon="-2.5584820">
    <ele>112.0</ele>
    <time>2026-08-02T17:45:16Z</time>
   </trkpt>
   <trkpt lat="55.5917350" lon="-2.5584850">
    <ele>112.0</ele>
    <time>2026-08-02T17:45:17Z</time>
   </trkpt>
   <trkpt lat="55.5917430" lon="-2.5584870">
    <ele>111.9</ele>
    <time>2026-08-02T17:45:18Z</time>
   </trkpt>
   <trkpt lat="55.5917560" lon="-2.5584820">
    <ele>111.8</ele>
    <time>2026-08-02T17:45:19Z</time>
   </trkpt>
   <trkpt lat="55.5917530" lon="-2.5584810">
    <ele>111.8</ele>
    <time>2026-08-02T17:45:20Z</time>
   </trkpt>
   <trkpt lat="55.5917530" lon="-2.5584810">
    <ele>111.8</ele>
    <time>2026-08-02T17:45:21Z</time>
   </trkpt>
   <trkpt lat="55.5917530" lon="-2.5584810">
    <ele>111.8</ele>
    <time>2026-08-02T17:45:22Z</time>
   </trkpt>
   <trkpt lat="55.5917490" lon="-2.5584580">
    <ele>111.7</ele>
    <time>2026-08-02T17:45:23Z</time>
   </trkpt>
   <trkpt lat="55.5917420" lon="-2.5584430">
    <ele>111.7</ele>
    <time>2026-08-02T17:45:24Z</time>
   </trkpt>
   <trkpt lat="55.5917420" lon="-2.5584520">
    <ele>111.6</ele>
    <time>2026-08-02T17:45:25Z</time>
   </trkpt>
   <trkpt lat="55.5917420" lon="-2.5584420">
    <ele>111.6</ele>
    <time>2026-08-02T17:45:26Z</time>
   </trkpt>
   <trkpt lat="55.5917540" lon="-2.5584700">
    <ele>111.5</ele>
    <time>2026-08-02T17:45:27Z</time>
   </trkpt>
   <trkpt lat="55.5917720" lon="-2.5584690">
    <ele>111.3</ele>
    <time>2026-08-02T17:45:28Z</time>
   </trkpt>
   <trkpt lat="55.5917680" lon="-2.5584850">
    <ele>111.3</ele>
    <time>2026-08-02T17:45:29Z</time>
   </trkpt>
   <trkpt lat="55.5917640" lon="-2.5585150">
    <ele>111.2</ele>
    <time>2026-08-02T17:45:30Z</time>
   </trkpt>
   <trkpt lat="55.5917660" lon="-2.5585360">
    <ele>111.1</ele>
    <time>2026-08-02T17:45:31Z</time>
   </trkpt>
   <trkpt lat="55.5917680" lon="-2.5585540">
    <ele>111.0</ele>
    <time>2026-08-02T17:45:32Z</time>
   </trkpt>
   <trkpt lat="55.5917630" lon="-2.5585660">
    <ele>110.9</ele>
    <time>2026-08-02T17:45:33Z</time>
   </trkpt>
   <trkpt lat="55.5917620" lon="-2.5586000">
    <ele>110.8</ele>
    <time>2026-08-02T17:45:34Z</time>
   </trkpt>
   <trkpt lat="55.5917630" lon="-2.5586330">
    <ele>110.7</ele>
    <time>2026-08-02T17:45:35Z</time>
   </trkpt>
   <trkpt lat="55.5917670" lon="-2.5586520">
    <ele>110.6</ele>
    <time>2026-08-02T17:45:36Z</time>
   </trkpt>
   <trkpt lat="55.5917580" lon="-2.5586580">
    <ele>110.5</ele>
    <time>2026-08-02T17:45:37Z</time>
   </trkpt>
   <trkpt lat="55.5917530" lon="-2.5586510">
    <ele>110.5</ele>
    <time>2026-08-02T17:45:38Z</time>
   </trkpt>
   <trkpt lat="55.5917520" lon="-2.5586570">
    <ele>110.5</ele>
    <time>2026-08-02T17:45:39Z</time>
   </trkpt>
   <trkpt lat="55.5917530" lon="-2.5586460">
    <ele>110.4</ele>
    <time>2026-08-02T17:45:40Z</time>
   </trkpt>
   <trkpt lat="55.5917500" lon="-2.5586570">
    <ele>110.4</ele>
    <time>2026-08-02T17:45:41Z</time>
   </trkpt>
   <trkpt lat="55.5917490" lon="-2.5586540">
    <ele>110.4</ele>
    <time>2026-08-02T17:45:42Z</time>
   </trkpt>
   <trkpt lat="55.5917490" lon="-2.5586510">
    <ele>110.4</ele>
    <time>2026-08-02T17:45:43Z</time>
   </trkpt>
   <trkpt lat="55.5917470" lon="-2.5586520">
    <ele>110.3</ele>
    <time>2026-08-02T17:45:44Z</time>
   </trkpt>
   <trkpt lat="55.5917470" lon="-2.5586540">
    <ele>110.3</ele>
    <time>2026-08-02T17:45:45Z</time>
   </trkpt>
   <trkpt lat="55.5917480" lon="-2.5586520">
    <ele>110.3</ele>
    <time>2026-08-02T17:45:46Z</time>
   </trkpt>
   <trkpt lat="55.5917480" lon="-2.5586530">
    <ele>110.3</ele>
    <time>2026-08-02T17:45:47Z</time>
   </trkpt>
   <trkpt lat="55.5917470" lon="-2.5586490">
    <ele>110.3</ele>
    <time>2026-08-02T17:45:48Z</time>
   </trkpt>
   <trkpt lat="55.5917410" lon="-2.5586610">
    <ele>110.2</ele>
    <time>2026-08-02T17:45:49Z</time>
   </trkpt>
   <trkpt lat="55.5917450" lon="-2.5586520">
    <ele>110.2</ele>
    <time>2026-08-02T17:45:50Z</time>
   </trkpt>
   <trkpt lat="55.5917380" lon="-2.5586410">
    <ele>110.1</ele>
    <time>2026-08-02T17:45:51Z</time>
   </trkpt>
   <trkpt lat="55.5917420" lon="-2.5586510">
    <ele>110.1</ele>
    <time>2026-08-02T17:45:52Z</time>
   </trkpt>
   <trkpt lat="55.5917420" lon="-2.5586560">
    <ele>110.1</ele>
    <time>2026-08-02T17:45:53Z</time>
   </trkpt>
   <trkpt lat="55.5917420" lon="-2.5586430">
    <ele>110.0</ele>
    <time>2026-08-02T17:45:54Z</time>
   </trkpt>
   <trkpt lat="55.5917380" lon="-2.5586500">
    <ele>110.0</ele>
    <time>2026-08-02T17:45:55Z</time>
   </trkpt>
   <trkpt lat="55.5917310" lon="-2.5586780">
    <ele>109.9</ele>
    <time>2026-08-02T17:45:56Z</time>
   </trkpt>
   <trkpt lat="55.5917300" lon="-2.5587220">
    <ele>109.7</ele>
    <time>2026-08-02T17:45:57Z</time>
   </trkpt>
   <trkpt lat="55.5917210" lon="-2.5587150">
    <ele>109.6</ele>
    <time>2026-08-02T17:45:58Z</time>
   </trkpt>
   <trkpt lat="55.5917170" lon="-2.5587360">
    <ele>109.5</ele>
    <time>2026-08-02T17:45:59Z</time>
   </trkpt>
   <trkpt lat="55.5917100" lon="-2.5587470">
    <ele>109.5</ele>
    <time>2026-08-02T17:46:01Z</time>
   </trkpt>
   <trkpt lat="55.5917050" lon="-2.5587570">
    <ele>109.4</ele>
    <time>2026-08-02T17:46:02Z</time>
   </trkpt>
   <trkpt lat="55.5916940" lon="-2.5587820">
    <ele>109.3</ele>
    <time>2026-08-02T17:46:03Z</time>
   </trkpt>
   <trkpt lat="55.5916960" lon="-2.5588020">
    <ele>109.2</ele>
    <time>2026-08-02T17:46:04Z</time>
   </trkpt>
   <trkpt lat="55.5916790" lon="-2.5588040">
    <ele>109.1</ele>
    <time>2026-08-02T17:46:05Z</time>
   </trkpt>
   <trkpt lat="55.5916790" lon="-2.5588210">
    <ele>109.0</ele>
    <time>2026-08-02T17:46:06Z</time>
   </trkpt>
   <trkpt lat="55.5916740" lon="-2.5588410">
    <ele>108.9</ele>
    <time>2026-08-02T17:46:07Z</time>
   </trkpt>
   <trkpt lat="55.5916650" lon="-2.5588580">
    <ele>108.8</ele>
    <time>2026-08-02T17:46:08Z</time>
   </trkpt>
   <trkpt lat="55.5916600" lon="-2.5588670">
    <ele>108.8</ele>
    <time>2026-08-02T17:46:09Z</time>
   </trkpt>
   <trkpt lat="55.5916510" lon="-2.5588730">
    <ele>108.7</ele>
    <time>2026-08-02T17:46:10Z</time>
   </trkpt>
   <trkpt lat="55.5916410" lon="-2.5588820">
    <ele>108.6</ele>
    <time>2026-08-02T17:46:11Z</time>
   </trkpt>
   <trkpt lat="55.5916410" lon="-2.5588940">
    <ele>108.6</ele>
    <time>2026-08-02T17:46:12Z</time>
   </trkpt>
   <trkpt lat="55.5916380" lon="-2.5589110">
    <ele>108.5</ele>
    <time>2026-08-02T17:46:13Z</time>
   </trkpt>
   <trkpt lat="55.5916330" lon="-2.5589170">
    <ele>108.5</ele>
    <time>2026-08-02T17:46:14Z</time>
   </trkpt>
   <trkpt lat="55.5916280" lon="-2.5589290">
    <ele>108.4</ele>
    <time>2026-08-02T17:46:15Z</time>
   </trkpt>
   <trkpt lat="55.5916170" lon="-2.5589410">
    <ele>108.3</ele>
    <time>2026-08-02T17:46:16Z</time>
   </trkpt>
   <trkpt lat="55.5916040" lon="-2.5589790">
    <ele>108.1</ele>
    <time>2026-08-02T17:46:17Z</time>
   </trkpt>
   <trkpt lat="55.5916100" lon="-2.5589770">
    <ele>108.1</ele>
    <time>2026-08-02T17:46:18Z</time>
   </trkpt>
   <trkpt lat="55.5916100" lon="-2.5589960">
    <ele>108.0</ele>
    <time>2026-08-02T17:46:19Z</time>
   </trkpt>
   <trkpt lat="55.5916050" lon="-2.5590090">
    <ele>107.9</ele>
    <time>2026-08-02T17:46:20Z</time>
   </trkpt>
   <trkpt lat="55.5915970" lon="-2.5590180">
    <ele>107.9</ele>
    <time>2026-08-02T17:46:21Z</time>
   </trkpt>
   <trkpt lat="55.5915960" lon="-2.5590260">
    <ele>107.8</ele>
    <time>2026-08-02T17:46:22Z</time>
   </trkpt>
   <trkpt lat="55.5915890" lon="-2.5590440">
    <ele>107.7</ele>
    <time>2026-08-02T17:46:23Z</time>
   </trkpt>
   <trkpt lat="55.5915860" lon="-2.5590570">
    <ele>107.7</ele>
    <time>2026-08-02T17:46:24Z</time>
   </trkpt>
   <trkpt lat="55.5915790" lon="-2.5590690">
    <ele>107.6</ele>
    <time>2026-08-02T17:46:25Z</time>
   </trkpt>
   <trkpt lat="55.5915730" lon="-2.5590680">
    <ele>107.6</ele>
    <time>2026-08-02T17:46:26Z</time>
   </trkpt>
   <trkpt lat="55.5915660" lon="-2.5590840">
    <ele>107.5</ele>
    <time>2026-08-02T17:46:27Z</time>
   </trkpt>
   <trkpt lat="55.5915600" lon="-2.5591060">
    <ele>107.4</ele>
    <time>2026-08-02T17:46:28Z</time>
   </trkpt>
   <trkpt lat="55.5915580" lon="-2.5591240">
    <ele>107.3</ele>
    <time>2026-08-02T17:46:29Z</time>
   </trkpt>
   <trkpt lat="55.5915540" lon="-2.5591300">
    <ele>107.2</ele>
    <time>2026-08-02T17:46:30Z</time>
   </trkpt>
   <trkpt lat="55.5915440" lon="-2.5591410">
    <ele>107.2</ele>
    <time>2026-08-02T17:46:31Z</time>
   </trkpt>
   <trkpt lat="55.5915430" lon="-2.5591500">
    <ele>107.1</ele>
    <time>2026-08-02T17:46:32Z</time>
   </trkpt>
   <trkpt lat="55.5915370" lon="-2.5591660">
    <ele>107.0</ele>
    <time>2026-08-02T17:46:33Z</time>
   </trkpt>
   <trkpt lat="55.5915340" lon="-2.5591790">
    <ele>107.0</ele>
    <time>2026-08-02T17:46:34Z</time>
   </trkpt>
   <trkpt lat="55.5915310" lon="-2.5591870">
    <ele>106.9</ele>
    <time>2026-08-02T17:46:35Z</time>
   </trkpt>
   <trkpt lat="55.5915280" lon="-2.5592040">
    <ele>106.8</ele>
    <time>2026-08-02T17:46:36Z</time>
   </trkpt>
   <trkpt lat="55.5915180" lon="-2.5592360">
    <ele>106.7</ele>
    <time>2026-08-02T17:46:37Z</time>
   </trkpt>
   <trkpt lat="55.5915060" lon="-2.5592420">
    <ele>106.6</ele>
    <time>2026-08-02T17:46:38Z</time>
   </trkpt>
   <trkpt lat="55.5915000" lon="-2.5592510">
    <ele>106.5</ele>
    <time>2026-08-02T17:46:39Z</time>
   </trkpt>
   <trkpt lat="55.5914930" lon="-2.5592630">
    <ele>106.5</ele>
    <time>2026-08-02T17:46:40Z</time>
   </trkpt>
   <trkpt lat="55.5914880" lon="-2.5592760">
    <ele>106.4</ele>
    <time>2026-08-02T17:46:41Z</time>
   </trkpt>
   <trkpt lat="55.5914850" lon="-2.5592880">
    <ele>106.3</ele>
    <time>2026-08-02T17:46:42Z</time>
   </trkpt>
   <trkpt lat="55.5914820" lon="-2.5593100">
    <ele>106.2</ele>
    <time>2026-08-02T17:46:43Z</time>
   </trkpt>
   <trkpt lat="55.5914800" lon="-2.5593210">
    <ele>106.2</ele>
    <time>2026-08-02T17:46:44Z</time>
   </trkpt>
   <trkpt lat="55.5914730" lon="-2.5593420">
    <ele>106.1</ele>
    <time>2026-08-02T17:46:45Z</time>
   </trkpt>
   <trkpt lat="55.5914690" lon="-2.5593380">
    <ele>106.0</ele>
    <time>2026-08-02T17:46:46Z</time>
   </trkpt>
   <trkpt lat="55.5914590" lon="-2.5593570">
    <ele>105.9</ele>
    <time>2026-08-02T17:46:47Z</time>
   </trkpt>
   <trkpt lat="55.5914460" lon="-2.5593680">
    <ele>105.8</ele>
    <time>2026-08-02T17:46:48Z</time>
   </trkpt>
   <trkpt lat="55.5914400" lon="-2.5593830">
    <ele>105.7</ele>
    <time>2026-08-02T17:46:49Z</time>
   </trkpt>
   <trkpt lat="55.5914480" lon="-2.5593970">
    <ele>105.7</ele>
    <time>2026-08-02T17:46:50Z</time>
   </trkpt>
   <trkpt lat="55.5914490" lon="-2.5594130">
    <ele>105.6</ele>
    <time>2026-08-02T17:46:51Z</time>
   </trkpt>
   <trkpt lat="55.5914460" lon="-2.5594290">
    <ele>105.5</ele>
    <time>2026-08-02T17:46:52Z</time>
   </trkpt>
   <trkpt lat="55.5914410" lon="-2.5594480">
    <ele>105.4</ele>
    <time>2026-08-02T17:46:53Z</time>
   </trkpt>
   <trkpt lat="55.5914360" lon="-2.5594610">
    <ele>105.4</ele>
    <time>2026-08-02T17:46:54Z</time>
   </trkpt>
   <trkpt lat="55.5914340" lon="-2.5594540">
    <ele>105.3</ele>
    <time>2026-08-02T17:46:55Z</time>
   </trkpt>
   <trkpt lat="55.5914300" lon="-2.5594630">
    <ele>105.3</ele>
    <time>2026-08-02T17:46:56Z</time>
   </trkpt>
   <trkpt lat="55.5914280" lon="-2.5594810">
    <ele>105.2</ele>
    <time>2026-08-02T17:46:57Z</time>
   </trkpt>
   <trkpt lat="55.5914220" lon="-2.5594960">
    <ele>105.1</ele>
    <time>2026-08-02T17:46:58Z</time>
   </trkpt>
   <trkpt lat="55.5914140" lon="-2.5595110">
    <ele>105.1</ele>
    <time>2026-08-02T17:46:59Z</time>
   </trkpt>
   <trkpt lat="55.5914120" lon="-2.5595230">
    <ele>105.0</ele>
    <time>2026-08-02T17:47:00Z</time>
   </trkpt>
   <trkpt lat="55.5914110" lon="-2.5595000">
    <ele>104.9</ele>
    <time>2026-08-02T17:47:01Z</time>
   </trkpt>
   <trkpt lat="55.5914060" lon="-2.5595280">
    <ele>104.8</ele>
    <time>2026-08-02T17:47:02Z</time>
   </trkpt>
   <trkpt lat="55.5913970" lon="-2.5595440">
    <ele>104.7</ele>
    <time>2026-08-02T17:47:03Z</time>
   </trkpt>
   <trkpt lat="55.5913930" lon="-2.5595530">
    <ele>104.6</ele>
    <time>2026-08-02T17:47:04Z</time>
   </trkpt>
   <trkpt lat="55.5913890" lon="-2.5595710">
    <ele>104.6</ele>
    <time>2026-08-02T17:47:05Z</time>
   </trkpt>
   <trkpt lat="55.5913810" lon="-2.5595860">
    <ele>104.5</ele>
    <time>2026-08-02T17:47:06Z</time>
   </trkpt>
   <trkpt lat="55.5913790" lon="-2.5596030">
    <ele>104.4</ele>
    <time>2026-08-02T17:47:07Z</time>
   </trkpt>
   <trkpt lat="55.5913680" lon="-2.5596200">
    <ele>104.3</ele>
    <time>2026-08-02T17:47:08Z</time>
   </trkpt>
   <trkpt lat="55.5913610" lon="-2.5596360">
    <ele>104.2</ele>
    <time>2026-08-02T17:47:09Z</time>
   </trkpt>
   <trkpt lat="55.5913570" lon="-2.5596520">
    <ele>104.1</ele>
    <time>2026-08-02T17:47:10Z</time>
   </trkpt>
   <trkpt lat="55.5913500" lon="-2.5596680">
    <ele>104.0</ele>
    <time>2026-08-02T17:47:11Z</time>
   </trkpt>
   <trkpt lat="55.5913450" lon="-2.5596790">
    <ele>104.0</ele>
    <time>2026-08-02T17:47:12Z</time>
   </trkpt>
   <trkpt lat="55.5913430" lon="-2.5596840">
    <ele>103.9</ele>
    <time>2026-08-02T17:47:13Z</time>
   </trkpt>
   <trkpt lat="55.5913380" lon="-2.5596980">
    <ele>103.9</ele>
    <time>2026-08-02T17:47:14Z</time>
   </trkpt>
   <trkpt lat="55.5913350" lon="-2.5597130">
    <ele>103.8</ele>
    <time>2026-08-02T17:47:15Z</time>
   </trkpt>
   <trkpt lat="55.5913330" lon="-2.5597240">
    <ele>103.8</ele>
    <time>2026-08-02T17:47:16Z</time>
   </trkpt>
   <trkpt lat="55.5913340" lon="-2.5597360">
    <ele>103.7</ele>
    <time>2026-08-02T17:47:17Z</time>
   </trkpt>
   <trkpt lat="55.5913250" lon="-2.5597560">
    <ele>103.6</ele>
    <time>2026-08-02T17:47:18Z</time>
   </trkpt>
   <trkpt lat="55.5913260" lon="-2.5597700">
    <ele>103.5</ele>
    <time>2026-08-02T17:47:19Z</time>
   </trkpt>
   <trkpt lat="55.5913230" lon="-2.5597890">
    <ele>103.5</ele>
    <time>2026-08-02T17:47:20Z</time>
   </trkpt>
   <trkpt lat="55.5913180" lon="-2.5598010">
    <ele>103.4</ele>
    <time>2026-08-02T17:47:21Z</time>
   </trkpt>
   <trkpt lat="55.5913110" lon="-2.5598100">
    <ele>103.3</ele>
    <time>2026-08-02T17:47:22Z</time>
   </trkpt>
   <trkpt lat="55.5913050" lon="-2.5598210">
    <ele>103.3</ele>
    <time>2026-08-02T17:47:23Z</time>
   </trkpt>
   <trkpt lat="55.5913020" lon="-2.5598310">
    <ele>103.2</ele>
    <time>2026-08-02T17:47:24Z</time>
   </trkpt>
   <trkpt lat="55.5912950" lon="-2.5598450">
    <ele>103.1</ele>
    <time>2026-08-02T17:47:25Z</time>
   </trkpt>
   <trkpt lat="55.5912890" lon="-2.5598570">
    <ele>103.0</ele>
    <time>2026-08-02T17:47:26Z</time>
   </trkpt>
   <trkpt lat="55.5912880" lon="-2.5598680">
    <ele>103.0</ele>
    <time>2026-08-02T17:47:27Z</time>
   </trkpt>
   <trkpt lat="55.5912800" lon="-2.5598810">
    <ele>102.9</ele>
    <time>2026-08-02T17:47:28Z</time>
   </trkpt>
   <trkpt lat="55.5912760" lon="-2.5598950">
    <ele>102.8</ele>
    <time>2026-08-02T17:47:29Z</time>
   </trkpt>
   <trkpt lat="55.5912710" lon="-2.5599070">
    <ele>102.8</ele>
    <time>2026-08-02T17:47:30Z</time>
   </trkpt>
   <trkpt lat="55.5912680" lon="-2.5599160">
    <ele>102.7</ele>
    <time>2026-08-02T17:47:31Z</time>
   </trkpt>
   <trkpt lat="55.5912590" lon="-2.5599310">
    <ele>102.6</ele>
    <time>2026-08-02T17:47:32Z</time>
   </trkpt>
   <trkpt lat="55.5912550" lon="-2.5599470">
    <ele>102.5</ele>
    <time>2026-08-02T17:47:33Z</time>
   </trkpt>
   <trkpt lat="55.5912500" lon="-2.5599590">
    <ele>102.4</ele>
    <time>2026-08-02T17:47:34Z</time>
   </trkpt>
   <trkpt lat="55.5912440" lon="-2.5599650">
    <ele>102.4</ele>
    <time>2026-08-02T17:47:35Z</time>
   </trkpt>
   <trkpt lat="55.5912410" lon="-2.5599690">
    <ele>102.4</ele>
    <time>2026-08-02T17:47:36Z</time>
   </trkpt>
   <trkpt lat="55.5912400" lon="-2.5599810">
    <ele>102.3</ele>
    <time>2026-08-02T17:47:37Z</time>
   </trkpt>
   <trkpt lat="55.5912450" lon="-2.5599880">
    <ele>102.2</ele>
    <time>2026-08-02T17:47:38Z</time>
   </trkpt>
   <trkpt lat="55.5912450" lon="-2.5599820">
    <ele>102.2</ele>
    <time>2026-08-02T17:47:39Z</time>
   </trkpt>
   <trkpt lat="55.5912440" lon="-2.5599870">
    <ele>102.2</ele>
    <time>2026-08-02T17:47:40Z</time>
   </trkpt>
   <trkpt lat="55.5912450" lon="-2.5599840">
    <ele>102.2</ele>
    <time>2026-08-02T17:47:41Z</time>
   </trkpt>
   <trkpt lat="55.5912460" lon="-2.5599850">
    <ele>102.2</ele>
    <time>2026-08-02T17:47:42Z</time>
   </trkpt>
   <trkpt lat="55.5912460" lon="-2.5599830">
    <ele>102.2</ele>
    <time>2026-08-02T17:47:43Z</time>
   </trkpt>
   <trkpt lat="55.5912450" lon="-2.5599870">
    <ele>102.1</ele>
    <time>2026-08-02T17:47:44Z</time>
   </trkpt>
   <trkpt lat="55.5912440" lon="-2.5599840">
    <ele>102.1</ele>
    <time>2026-08-02T17:47:45Z</time>
   </trkpt>
   <trkpt lat="55.5912440" lon="-2.5599820">
    <ele>102.1</ele>
    <time>2026-08-02T17:47:46Z</time>
   </trkpt>
   <trkpt lat="55.5912440" lon="-2.5599820">
    <ele>102.1</ele>
    <time>2026-08-02T17:47:47Z</time>
   </trkpt>
   <trkpt lat="55.5912450" lon="-2.5599840">
    <ele>102.1</ele>
    <time>2026-08-02T17:47:48Z</time>
   </trkpt>
   <trkpt lat="55.5912450" lon="-2.5599800">
    <ele>102.1</ele>
    <time>2026-08-02T17:47:49Z</time>
   </trkpt>
   <trkpt lat="55.5912450" lon="-2.5599820">
    <ele>102.1</ele>
    <time>2026-08-02T17:47:50Z</time>
   </trkpt>
   <trkpt lat="55.5912430" lon="-2.5599720">
    <ele>102.0</ele>
    <time>2026-08-02T17:47:51Z</time>
   </trkpt>
   <trkpt lat="55.5912440" lon="-2.5599680">
    <ele>102.0</ele>
    <time>2026-08-02T17:47:52Z</time>
   </trkpt>
   <trkpt lat="55.5912450" lon="-2.5599720">
    <ele>102.0</ele>
    <time>2026-08-02T17:47:53Z</time>
   </trkpt>
   <trkpt lat="55.5912470" lon="-2.5599820">
    <ele>101.9</ele>
    <time>2026-08-02T17:47:54Z</time>
   </trkpt>
   <trkpt lat="55.5912490" lon="-2.5599930">
    <ele>101.9</ele>
    <time>2026-08-02T17:47:55Z</time>
   </trkpt>
   <trkpt lat="55.5912440" lon="-2.5599800">
    <ele>101.8</ele>
    <time>2026-08-02T17:47:56Z</time>
   </trkpt>
   <trkpt lat="55.5912450" lon="-2.5599780">
    <ele>101.8</ele>
    <time>2026-08-02T17:47:57Z</time>
   </trkpt>
   <trkpt lat="55.5912440" lon="-2.5599780">
    <ele>101.8</ele>
    <time>2026-08-02T17:47:58Z</time>
   </trkpt>
   <trkpt lat="55.5912440" lon="-2.5599750">
    <ele>101.8</ele>
    <time>2026-08-02T17:47:59Z</time>
   </trkpt>
   <trkpt lat="55.5912460" lon="-2.5599760">
    <ele>101.7</ele>
    <time>2026-08-02T17:48:00Z</time>
   </trkpt>
   <trkpt lat="55.5912460" lon="-2.5599760">
    <ele>101.7</ele>
    <time>2026-08-02T17:48:01Z</time>
   </trkpt>
   <trkpt lat="55.5912460" lon="-2.5599760">
    <ele>101.7</ele>
    <time>2026-08-02T17:48:02Z</time>
   </trkpt>
   <trkpt lat="55.5912460" lon="-2.5599760">
    <ele>101.7</ele>
    <time>2026-08-02T17:48:03Z</time>
   </trkpt>
   <trkpt lat="55.5912420" lon="-2.5599750">
    <ele>101.7</ele>
    <time>2026-08-02T17:48:04Z</time>
   </trkpt>
   <trkpt lat="55.5912400" lon="-2.5599850">
    <ele>101.7</ele>
    <time>2026-08-02T17:48:05Z</time>
   </trkpt>
   <trkpt lat="55.5912510" lon="-2.5599860">
    <ele>101.6</ele>
    <time>2026-08-02T17:48:07Z</time>
   </trkpt>
   <trkpt lat="55.5912470" lon="-2.5599800">
    <ele>101.5</ele>
    <time>2026-08-02T17:48:08Z</time>
   </trkpt>
   <trkpt lat="55.5912470" lon="-2.5599850">
    <ele>101.5</ele>
    <time>2026-08-02T17:48:09Z</time>
   </trkpt>
   <trkpt lat="55.5912430" lon="-2.5599890">
    <ele>101.5</ele>
    <time>2026-08-02T17:48:10Z</time>
   </trkpt>
   <trkpt lat="55.5912420" lon="-2.5599940">
    <ele>101.4</ele>
    <time>2026-08-02T17:48:11Z</time>
   </trkpt>
   <trkpt lat="55.5912420" lon="-2.5599990">
    <ele>101.4</ele>
    <time>2026-08-02T17:48:12Z</time>
   </trkpt>
   <trkpt lat="55.5912400" lon="-2.5600010">
    <ele>101.4</ele>
    <time>2026-08-02T17:48:13Z</time>
   </trkpt>
   <trkpt lat="55.5912430" lon="-2.5600020">
    <ele>101.4</ele>
    <time>2026-08-02T17:48:14Z</time>
   </trkpt>
   <trkpt lat="55.5912440" lon="-2.5600060">
    <ele>101.3</ele>
    <time>2026-08-02T17:48:15Z</time>
   </trkpt>
   <trkpt lat="55.5912400" lon="-2.5600130">
    <ele>101.3</ele>
    <time>2026-08-02T17:48:16Z</time>
   </trkpt>
   <trkpt lat="55.5912380" lon="-2.5600150">
    <ele>101.3</ele>
    <time>2026-08-02T17:48:17Z</time>
   </trkpt>
   <trkpt lat="55.5912370" lon="-2.5600290">
    <ele>101.2</ele>
    <time>2026-08-02T17:48:18Z</time>
   </trkpt>
   <trkpt lat="55.5912310" lon="-2.5600340">
    <ele>101.1</ele>
    <time>2026-08-02T17:48:19Z</time>
   </trkpt>
   <trkpt lat="55.5912240" lon="-2.5600450">
    <ele>101.1</ele>
    <time>2026-08-02T17:48:20Z</time>
   </trkpt>
   <trkpt lat="55.5912240" lon="-2.5600610">
    <ele>101.0</ele>
    <time>2026-08-02T17:48:21Z</time>
   </trkpt>
   <trkpt lat="55.5912230" lon="-2.5600640">
    <ele>101.0</ele>
    <time>2026-08-02T17:48:22Z</time>
   </trkpt>
   <trkpt lat="55.5912220" lon="-2.5600650">
    <ele>101.0</ele>
    <time>2026-08-02T17:48:23Z</time>
   </trkpt>
   <trkpt lat="55.5912190" lon="-2.5600680">
    <ele>100.9</ele>
    <time>2026-08-02T17:48:24Z</time>
   </trkpt>
   <trkpt lat="55.5912360" lon="-2.5601080">
    <ele>100.7</ele>
    <time>2026-08-02T17:48:25Z</time>
   </trkpt>
   <trkpt lat="55.5912210" lon="-2.5601350">
    <ele>100.5</ele>
    <time>2026-08-02T17:48:26Z</time>
   </trkpt>
   <trkpt lat="55.5912410" lon="-2.5601550">
    <ele>100.4</ele>
    <time>2026-08-02T17:48:27Z</time>
   </trkpt>
   <trkpt lat="55.5912200" lon="-2.5601520">
    <ele>100.2</ele>
    <time>2026-08-02T17:48:28Z</time>
   </trkpt>
   <trkpt lat="55.5912160" lon="-2.5601540">
    <ele>100.2</ele>
    <time>2026-08-02T17:48:29Z</time>
   </trkpt>
   <trkpt lat="55.5912070" lon="-2.5601490">
    <ele>100.1</ele>
    <time>2026-08-02T17:48:30Z</time>
   </trkpt>
   <trkpt lat="55.5912060" lon="-2.5601540">
    <ele>100.1</ele>
    <time>2026-08-02T17:48:31Z</time>
   </trkpt>
   <trkpt lat="55.5912000" lon="-2.5601710">
    <ele>100.0</ele>
    <time>2026-08-02T17:48:32Z</time>
   </trkpt>
   <trkpt lat="55.5912030" lon="-2.5601550">
    <ele>100.0</ele>
    <time>2026-08-02T17:48:33Z</time>
   </trkpt>
   <trkpt lat="55.5912010" lon="-2.5601510">
    <ele>99.9</ele>
    <time>2026-08-02T17:48:34Z</time>
   </trkpt>
   <trkpt lat="55.5911930" lon="-2.5601480">
    <ele>99.9</ele>
    <time>2026-08-02T17:48:35Z</time>
   </trkpt>
   <trkpt lat="55.5911900" lon="-2.5601530">
    <ele>99.9</ele>
    <time>2026-08-02T17:48:36Z</time>
   </trkpt>
   <trkpt lat="55.5911760" lon="-2.5601670">
    <ele>99.8</ele>
    <time>2026-08-02T17:48:37Z</time>
   </trkpt>
   <trkpt lat="55.5911730" lon="-2.5601720">
    <ele>99.7</ele>
    <time>2026-08-02T17:48:38Z</time>
   </trkpt>
   <trkpt lat="55.5911680" lon="-2.5601790">
    <ele>99.7</ele>
    <time>2026-08-02T17:48:39Z</time>
   </trkpt>
   <trkpt lat="55.5911620" lon="-2.5601820">
    <ele>99.6</ele>
    <time>2026-08-02T17:48:40Z</time>
   </trkpt>
   <trkpt lat="55.5911550" lon="-2.5601990">
    <ele>99.6</ele>
    <time>2026-08-02T17:48:41Z</time>
   </trkpt>
   <trkpt lat="55.5911550" lon="-2.5602140">
    <ele>99.5</ele>
    <time>2026-08-02T17:48:42Z</time>
   </trkpt>
   <trkpt lat="55.5911520" lon="-2.5602310">
    <ele>99.4</ele>
    <time>2026-08-02T17:48:43Z</time>
   </trkpt>
   <trkpt lat="55.5911450" lon="-2.5602550">
    <ele>99.3</ele>
    <time>2026-08-02T17:48:44Z</time>
   </trkpt>
   <trkpt lat="55.5911390" lon="-2.5602780">
    <ele>99.3</ele>
    <time>2026-08-02T17:48:45Z</time>
   </trkpt>
   <trkpt lat="55.5911420" lon="-2.5602860">
    <ele>99.2</ele>
    <time>2026-08-02T17:48:46Z</time>
   </trkpt>
   <trkpt lat="55.5911340" lon="-2.5602980">
    <ele>99.2</ele>
    <time>2026-08-02T17:48:47Z</time>
   </trkpt>
   <trkpt lat="55.5911270" lon="-2.5603030">
    <ele>99.1</ele>
    <time>2026-08-02T17:48:48Z</time>
   </trkpt>
   <trkpt lat="55.5911200" lon="-2.5603150">
    <ele>99.1</ele>
    <time>2026-08-02T17:48:49Z</time>
   </trkpt>
   <trkpt lat="55.5911110" lon="-2.5603310">
    <ele>99.0</ele>
    <time>2026-08-02T17:48:50Z</time>
   </trkpt>
   <trkpt lat="55.5911070" lon="-2.5603360">
    <ele>99.0</ele>
    <time>2026-08-02T17:48:51Z</time>
   </trkpt>
   <trkpt lat="55.5911050" lon="-2.5603440">
    <ele>98.9</ele>
    <time>2026-08-02T17:48:52Z</time>
   </trkpt>
   <trkpt lat="55.5911030" lon="-2.5603590">
    <ele>98.9</ele>
    <time>2026-08-02T17:48:53Z</time>
   </trkpt>
   <trkpt lat="55.5910910" lon="-2.5603620">
    <ele>98.8</ele>
    <time>2026-08-02T17:48:54Z</time>
   </trkpt>
   <trkpt lat="55.5910890" lon="-2.5603830">
    <ele>98.7</ele>
    <time>2026-08-02T17:48:55Z</time>
   </trkpt>
   <trkpt lat="55.5910850" lon="-2.5603890">
    <ele>98.7</ele>
    <time>2026-08-02T17:48:56Z</time>
   </trkpt>
   <trkpt lat="55.5910800" lon="-2.5603920">
    <ele>98.7</ele>
    <time>2026-08-02T17:48:57Z</time>
   </trkpt>
   <trkpt lat="55.5910720" lon="-2.5604100">
    <ele>98.6</ele>
    <time>2026-08-02T17:48:58Z</time>
   </trkpt>
   <trkpt lat="55.5910700" lon="-2.5604240">
    <ele>98.6</ele>
    <time>2026-08-02T17:48:59Z</time>
   </trkpt>
   <trkpt lat="55.5910730" lon="-2.5604350">
    <ele>98.5</ele>
    <time>2026-08-02T17:49:00Z</time>
   </trkpt>
   <trkpt lat="55.5910690" lon="-2.5604420">
    <ele>98.5</ele>
    <time>2026-08-02T17:49:01Z</time>
   </trkpt>
   <trkpt lat="55.5910630" lon="-2.5604520">
    <ele>98.5</ele>
    <time>2026-08-02T17:49:02Z</time>
   </trkpt>
   <trkpt lat="55.5910590" lon="-2.5604650">
    <ele>98.4</ele>
    <time>2026-08-02T17:49:03Z</time>
   </trkpt>
   <trkpt lat="55.5910530" lon="-2.5604760">
    <ele>98.4</ele>
    <time>2026-08-02T17:49:04Z</time>
   </trkpt>
   <trkpt lat="55.5910510" lon="-2.5604860">
    <ele>98.4</ele>
    <time>2026-08-02T17:49:05Z</time>
   </trkpt>
   <trkpt lat="55.5910540" lon="-2.5604990">
    <ele>98.3</ele>
    <time>2026-08-02T17:49:06Z</time>
   </trkpt>
   <trkpt lat="55.5910450" lon="-2.5605080">
    <ele>98.3</ele>
    <time>2026-08-02T17:49:07Z</time>
   </trkpt>
   <trkpt lat="55.5910400" lon="-2.5605180">
    <ele>98.2</ele>
    <time>2026-08-02T17:49:08Z</time>
   </trkpt>
   <trkpt lat="55.5910330" lon="-2.5605290">
    <ele>98.2</ele>
    <time>2026-08-02T17:49:09Z</time>
   </trkpt>
   <trkpt lat="55.5910280" lon="-2.5605450">
    <ele>98.2</ele>
    <time>2026-08-02T17:49:10Z</time>
   </trkpt>
   <trkpt lat="55.5910240" lon="-2.5605560">
    <ele>98.1</ele>
    <time>2026-08-02T17:49:11Z</time>
   </trkpt>
   <trkpt lat="55.5910190" lon="-2.5605640">
    <ele>98.1</ele>
    <time>2026-08-02T17:49:12Z</time>
   </trkpt>
   <trkpt lat="55.5910150" lon="-2.5605780">
    <ele>98.1</ele>
    <time>2026-08-02T17:49:13Z</time>
   </trkpt>
   <trkpt lat="55.5910130" lon="-2.5605890">
    <ele>98.0</ele>
    <time>2026-08-02T17:49:14Z</time>
   </trkpt>
   <trkpt lat="55.5910050" lon="-2.5605960">
    <ele>98.0</ele>
    <time>2026-08-02T17:49:15Z</time>
   </trkpt>
   <trkpt lat="55.5909960" lon="-2.5606090">
    <ele>98.0</ele>
    <time>2026-08-02T17:49:16Z</time>
   </trkpt>
   <trkpt lat="55.5909930" lon="-2.5606240">
    <ele>97.9</ele>
    <time>2026-08-02T17:49:17Z</time>
   </trkpt>
   <trkpt lat="55.5909870" lon="-2.5606310">
    <ele>97.9</ele>
    <time>2026-08-02T17:49:18Z</time>
   </trkpt>
   <trkpt lat="55.5909800" lon="-2.5606410">
    <ele>97.9</ele>
    <time>2026-08-02T17:49:19Z</time>
   </trkpt>
   <trkpt lat="55.5909770" lon="-2.5606570">
    <ele>97.9</ele>
    <time>2026-08-02T17:49:20Z</time>
   </trkpt>
   <trkpt lat="55.5909720" lon="-2.5606630">
    <ele>97.8</ele>
    <time>2026-08-02T17:49:21Z</time>
   </trkpt>
   <trkpt lat="55.5909710" lon="-2.5606730">
    <ele>97.8</ele>
    <time>2026-08-02T17:49:22Z</time>
   </trkpt>
   <trkpt lat="55.5909650" lon="-2.5606860">
    <ele>97.8</ele>
    <time>2026-08-02T17:49:23Z</time>
   </trkpt>
   <trkpt lat="55.5909630" lon="-2.5607000">
    <ele>97.8</ele>
    <time>2026-08-02T17:49:24Z</time>
   </trkpt>
   <trkpt lat="55.5909580" lon="-2.5607080">
    <ele>97.8</ele>
    <time>2026-08-02T17:49:25Z</time>
   </trkpt>
   <trkpt lat="55.5909520" lon="-2.5607160">
    <ele>97.7</ele>
    <time>2026-08-02T17:49:26Z</time>
   </trkpt>
   <trkpt lat="55.5909470" lon="-2.5607270">
    <ele>97.7</ele>
    <time>2026-08-02T17:49:27Z</time>
   </trkpt>
   <trkpt lat="55.5909430" lon="-2.5607410">
    <ele>97.7</ele>
    <time>2026-08-02T17:49:28Z</time>
   </trkpt>
   <trkpt lat="55.5909350" lon="-2.5607480">
    <ele>97.7</ele>
    <time>2026-08-02T17:49:29Z</time>
   </trkpt>
   <trkpt lat="55.5909270" lon="-2.5607640">
    <ele>97.6</ele>
    <time>2026-08-02T17:49:30Z</time>
   </trkpt>
   <trkpt lat="55.5909260" lon="-2.5607920">
    <ele>97.6</ele>
    <time>2026-08-02T17:49:31Z</time>
   </trkpt>
   <trkpt lat="55.5909160" lon="-2.5607910">
    <ele>97.6</ele>
    <time>2026-08-02T17:49:32Z</time>
   </trkpt>
   <trkpt lat="55.5909120" lon="-2.5607990">
    <ele>97.6</ele>
    <time>2026-08-02T17:49:33Z</time>
   </trkpt>
   <trkpt lat="55.5909080" lon="-2.5607920">
    <ele>97.6</ele>
    <time>2026-08-02T17:49:34Z</time>
   </trkpt>
   <trkpt lat="55.5909010" lon="-2.5608070">
    <ele>97.5</ele>
    <time>2026-08-02T17:49:35Z</time>
   </trkpt>
   <trkpt lat="55.5908970" lon="-2.5608300">
    <ele>97.5</ele>
    <time>2026-08-02T17:49:36Z</time>
   </trkpt>
   <trkpt lat="55.5908910" lon="-2.5608340">
    <ele>97.5</ele>
    <time>2026-08-02T17:49:37Z</time>
   </trkpt>
   <trkpt lat="55.5908880" lon="-2.5608400">
    <ele>97.5</ele>
    <time>2026-08-02T17:49:38Z</time>
   </trkpt>
   <trkpt lat="55.5908840" lon="-2.5608570">
    <ele>97.5</ele>
    <time>2026-08-02T17:49:39Z</time>
   </trkpt>
   <trkpt lat="55.5908790" lon="-2.5608670">
    <ele>97.5</ele>
    <time>2026-08-02T17:49:40Z</time>
   </trkpt>
   <trkpt lat="55.5908730" lon="-2.5608880">
    <ele>97.5</ele>
    <time>2026-08-02T17:49:41Z</time>
   </trkpt>
   <trkpt lat="55.5908700" lon="-2.5608940">
    <ele>97.4</ele>
    <time>2026-08-02T17:49:42Z</time>
   </trkpt>
   <trkpt lat="55.5908630" lon="-2.5609000">
    <ele>97.4</ele>
    <time>2026-08-02T17:49:43Z</time>
   </trkpt>
   <trkpt lat="55.5908600" lon="-2.5609080">
    <ele>97.4</ele>
    <time>2026-08-02T17:49:44Z</time>
   </trkpt>
   <trkpt lat="55.5908600" lon="-2.5609300">
    <ele>97.4</ele>
    <time>2026-08-02T17:49:45Z</time>
   </trkpt>
   <trkpt lat="55.5908530" lon="-2.5609390">
    <ele>97.4</ele>
    <time>2026-08-02T17:49:46Z</time>
   </trkpt>
   <trkpt lat="55.5908480" lon="-2.5609600">
    <ele>97.4</ele>
    <time>2026-08-02T17:49:47Z</time>
   </trkpt>
   <trkpt lat="55.5908420" lon="-2.5609680">
    <ele>97.4</ele>
    <time>2026-08-02T17:49:48Z</time>
   </trkpt>
   <trkpt lat="55.5908340" lon="-2.5609800">
    <ele>97.4</ele>
    <time>2026-08-02T17:49:49Z</time>
   </trkpt>
   <trkpt lat="55.5908280" lon="-2.5609860">
    <ele>97.4</ele>
    <time>2026-08-02T17:49:50Z</time>
   </trkpt>
   <trkpt lat="55.5908240" lon="-2.5609990">
    <ele>97.4</ele>
    <time>2026-08-02T17:49:51Z</time>
   </trkpt>
   <trkpt lat="55.5908190" lon="-2.5610120">
    <ele>97.3</ele>
    <time>2026-08-02T17:49:52Z</time>
   </trkpt>
   <trkpt lat="55.5908150" lon="-2.5610210">
    <ele>97.3</ele>
    <time>2026-08-02T17:49:53Z</time>
   </trkpt>
   <trkpt lat="55.5908120" lon="-2.5610380">
    <ele>97.3</ele>
    <time>2026-08-02T17:49:54Z</time>
   </trkpt>
   <trkpt lat="55.5908060" lon="-2.5610520">
    <ele>97.3</ele>
    <time>2026-08-02T17:49:55Z</time>
   </trkpt>
   <trkpt lat="55.5908010" lon="-2.5610600">
    <ele>97.3</ele>
    <time>2026-08-02T17:49:56Z</time>
   </trkpt>
   <trkpt lat="55.5907960" lon="-2.5610800">
    <ele>97.3</ele>
    <time>2026-08-02T17:49:57Z</time>
   </trkpt>
   <trkpt lat="55.5907890" lon="-2.5610910">
    <ele>97.3</ele>
    <time>2026-08-02T17:49:58Z</time>
   </trkpt>
   <trkpt lat="55.5907820" lon="-2.5611000">
    <ele>97.3</ele>
    <time>2026-08-02T17:49:59Z</time>
   </trkpt>
   <trkpt lat="55.5907770" lon="-2.5611190">
    <ele>97.3</ele>
    <time>2026-08-02T17:50:00Z</time>
   </trkpt>
   <trkpt lat="55.5907720" lon="-2.5611350">
    <ele>97.3</ele>
    <time>2026-08-02T17:50:01Z</time>
   </trkpt>
   <trkpt lat="55.5907640" lon="-2.5611500">
    <ele>97.3</ele>
    <time>2026-08-02T17:50:02Z</time>
   </trkpt>
   <trkpt lat="55.5907580" lon="-2.5611790">
    <ele>97.3</ele>
    <time>2026-08-02T17:50:03Z</time>
   </trkpt>
   <trkpt lat="55.5907520" lon="-2.5611790">
    <ele>97.3</ele>
    <time>2026-08-02T17:50:04Z</time>
   </trkpt>
   <trkpt lat="55.5907460" lon="-2.5611900">
    <ele>97.3</ele>
    <time>2026-08-02T17:50:05Z</time>
   </trkpt>
   <trkpt lat="55.5907450" lon="-2.5611960">
    <ele>97.3</ele>
    <time>2026-08-02T17:50:06Z</time>
   </trkpt>
   <trkpt lat="55.5907390" lon="-2.5612150">
    <ele>97.3</ele>
    <time>2026-08-02T17:50:07Z</time>
   </trkpt>
   <trkpt lat="55.5907300" lon="-2.5612250">
    <ele>97.3</ele>
    <time>2026-08-02T17:50:08Z</time>
   </trkpt>
   <trkpt lat="55.5907260" lon="-2.5612380">
    <ele>97.3</ele>
    <time>2026-08-02T17:50:09Z</time>
   </trkpt>
   <trkpt lat="55.5907210" lon="-2.5612500">
    <ele>97.3</ele>
    <time>2026-08-02T17:50:10Z</time>
   </trkpt>
   <trkpt lat="55.5907180" lon="-2.5612600">
    <ele>97.3</ele>
    <time>2026-08-02T17:50:11Z</time>
   </trkpt>
   <trkpt lat="55.5907150" lon="-2.5612760">
    <ele>97.3</ele>
    <time>2026-08-02T17:50:13Z</time>
   </trkpt>
   <trkpt lat="55.5907100" lon="-2.5612910">
    <ele>97.3</ele>
    <time>2026-08-02T17:50:14Z</time>
   </trkpt>
   <trkpt lat="55.5907010" lon="-2.5613040">
    <ele>97.3</ele>
    <time>2026-08-02T17:50:15Z</time>
   </trkpt>
   <trkpt lat="55.5906970" lon="-2.5613140">
    <ele>97.3</ele>
    <time>2026-08-02T17:50:16Z</time>
   </trkpt>
   <trkpt lat="55.5906930" lon="-2.5613240">
    <ele>97.3</ele>
    <time>2026-08-02T17:50:17Z</time>
   </trkpt>
   <trkpt lat="55.5906870" lon="-2.5613400">
    <ele>97.3</ele>
    <time>2026-08-02T17:50:18Z</time>
   </trkpt>
   <trkpt lat="55.5906820" lon="-2.5613540">
    <ele>97.3</ele>
    <time>2026-08-02T17:50:19Z</time>
   </trkpt>
   <trkpt lat="55.5906790" lon="-2.5613730">
    <ele>97.3</ele>
    <time>2026-08-02T17:50:20Z</time>
   </trkpt>
   <trkpt lat="55.5906760" lon="-2.5613840">
    <ele>97.3</ele>
    <time>2026-08-02T17:50:21Z</time>
   </trkpt>
   <trkpt lat="55.5906740" lon="-2.5613880">
    <ele>97.3</ele>
    <time>2026-08-02T17:50:22Z</time>
   </trkpt>
   <trkpt lat="55.5906670" lon="-2.5613970">
    <ele>97.3</ele>
    <time>2026-08-02T17:50:23Z</time>
   </trkpt>
   <trkpt lat="55.5906640" lon="-2.5614070">
    <ele>97.3</ele>
    <time>2026-08-02T17:50:24Z</time>
   </trkpt>
   <trkpt lat="55.5906580" lon="-2.5614230">
    <ele>97.3</ele>
    <time>2026-08-02T17:50:25Z</time>
   </trkpt>
   <trkpt lat="55.5906530" lon="-2.5614340">
    <ele>97.3</ele>
    <time>2026-08-02T17:50:26Z</time>
   </trkpt>
   <trkpt lat="55.5906490" lon="-2.5614590">
    <ele>97.3</ele>
    <time>2026-08-02T17:50:27Z</time>
   </trkpt>
   <trkpt lat="55.5906480" lon="-2.5614610">
    <ele>97.3</ele>
    <time>2026-08-02T17:50:28Z</time>
   </trkpt>
   <trkpt lat="55.5906450" lon="-2.5614780">
    <ele>97.3</ele>
    <time>2026-08-02T17:50:29Z</time>
   </trkpt>
   <trkpt lat="55.5906390" lon="-2.5614970">
    <ele>97.3</ele>
    <time>2026-08-02T17:50:30Z</time>
   </trkpt>
   <trkpt lat="55.5906340" lon="-2.5615100">
    <ele>97.3</ele>
    <time>2026-08-02T17:50:31Z</time>
   </trkpt>
   <trkpt lat="55.5906290" lon="-2.5615250">
    <ele>97.3</ele>
    <time>2026-08-02T17:50:32Z</time>
   </trkpt>
   <trkpt lat="55.5906190" lon="-2.5615300">
    <ele>97.3</ele>
    <time>2026-08-02T17:50:33Z</time>
   </trkpt>
   <trkpt lat="55.5906120" lon="-2.5615460">
    <ele>97.3</ele>
    <time>2026-08-02T17:50:34Z</time>
   </trkpt>
   <trkpt lat="55.5905990" lon="-2.5615720">
    <ele>97.3</ele>
    <time>2026-08-02T17:50:35Z</time>
   </trkpt>
   <trkpt lat="55.5905950" lon="-2.5615800">
    <ele>97.3</ele>
    <time>2026-08-02T17:50:36Z</time>
   </trkpt>
   <trkpt lat="55.5905880" lon="-2.5615950">
    <ele>97.3</ele>
    <time>2026-08-02T17:50:37Z</time>
   </trkpt>
   <trkpt lat="55.5905850" lon="-2.5616080">
    <ele>97.3</ele>
    <time>2026-08-02T17:50:38Z</time>
   </trkpt>
   <trkpt lat="55.5905820" lon="-2.5616160">
    <ele>97.3</ele>
    <time>2026-08-02T17:50:39Z</time>
   </trkpt>
   <trkpt lat="55.5905730" lon="-2.5616280">
    <ele>97.3</ele>
    <time>2026-08-02T17:50:40Z</time>
   </trkpt>
   <trkpt lat="55.5905670" lon="-2.5616520">
    <ele>97.4</ele>
    <time>2026-08-02T17:50:41Z</time>
   </trkpt>
   <trkpt lat="55.5905630" lon="-2.5616580">
    <ele>97.4</ele>
    <time>2026-08-02T17:50:42Z</time>
   </trkpt>
   <trkpt lat="55.5905560" lon="-2.5616710">
    <ele>97.4</ele>
    <time>2026-08-02T17:50:43Z</time>
   </trkpt>
   <trkpt lat="55.5905530" lon="-2.5616880">
    <ele>97.4</ele>
    <time>2026-08-02T17:50:44Z</time>
   </trkpt>
   <trkpt lat="55.5905480" lon="-2.5617040">
    <ele>97.4</ele>
    <time>2026-08-02T17:50:45Z</time>
   </trkpt>
   <trkpt lat="55.5905360" lon="-2.5617160">
    <ele>97.4</ele>
    <time>2026-08-02T17:50:46Z</time>
   </trkpt>
   <trkpt lat="55.5905340" lon="-2.5617240">
    <ele>97.4</ele>
    <time>2026-08-02T17:50:47Z</time>
   </trkpt>
   <trkpt lat="55.5905280" lon="-2.5617350">
    <ele>97.4</ele>
    <time>2026-08-02T17:50:48Z</time>
   </trkpt>
   <trkpt lat="55.5905180" lon="-2.5617440">
    <ele>97.4</ele>
    <time>2026-08-02T17:50:49Z</time>
   </trkpt>
   <trkpt lat="55.5905080" lon="-2.5617550">
    <ele>97.4</ele>
    <time>2026-08-02T17:50:50Z</time>
   </trkpt>
   <trkpt lat="55.5904990" lon="-2.5617700">
    <ele>97.4</ele>
    <time>2026-08-02T17:50:51Z</time>
   </trkpt>
   <trkpt lat="55.5904940" lon="-2.5617810">
    <ele>97.4</ele>
    <time>2026-08-02T17:50:52Z</time>
   </trkpt>
   <trkpt lat="55.5904900" lon="-2.5617760">
    <ele>97.4</ele>
    <time>2026-08-02T17:50:53Z</time>
   </trkpt>
   <trkpt lat="55.5904800" lon="-2.5617830">
    <ele>97.4</ele>
    <time>2026-08-02T17:50:54Z</time>
   </trkpt>
   <trkpt lat="55.5904740" lon="-2.5617950">
    <ele>97.4</ele>
    <time>2026-08-02T17:50:55Z</time>
   </trkpt>
   <trkpt lat="55.5904750" lon="-2.5618320">
    <ele>97.4</ele>
    <time>2026-08-02T17:50:56Z</time>
   </trkpt>
   <trkpt lat="55.5904640" lon="-2.5618310">
    <ele>97.4</ele>
    <time>2026-08-02T17:50:57Z</time>
   </trkpt>
   <trkpt lat="55.5904530" lon="-2.5618350">
    <ele>97.4</ele>
    <time>2026-08-02T17:50:58Z</time>
   </trkpt>
   <trkpt lat="55.5904480" lon="-2.5618450">
    <ele>97.4</ele>
    <time>2026-08-02T17:50:59Z</time>
   </trkpt>
   <trkpt lat="55.5904400" lon="-2.5618600">
    <ele>97.4</ele>
    <time>2026-08-02T17:51:00Z</time>
   </trkpt>
   <trkpt lat="55.5904320" lon="-2.5618640">
    <ele>97.4</ele>
    <time>2026-08-02T17:51:01Z</time>
   </trkpt>
   <trkpt lat="55.5904250" lon="-2.5618720">
    <ele>97.4</ele>
    <time>2026-08-02T17:51:02Z</time>
   </trkpt>
   <trkpt lat="55.5904190" lon="-2.5618870">
    <ele>97.4</ele>
    <time>2026-08-02T17:51:03Z</time>
   </trkpt>
   <trkpt lat="55.5904160" lon="-2.5618940">
    <ele>97.4</ele>
    <time>2026-08-02T17:51:04Z</time>
   </trkpt>
   <trkpt lat="55.5904080" lon="-2.5619060">
    <ele>97.4</ele>
    <time>2026-08-02T17:51:05Z</time>
   </trkpt>
   <trkpt lat="55.5904040" lon="-2.5619030">
    <ele>97.4</ele>
    <time>2026-08-02T17:51:06Z</time>
   </trkpt>
   <trkpt lat="55.5903930" lon="-2.5619140">
    <ele>97.4</ele>
    <time>2026-08-02T17:51:07Z</time>
   </trkpt>
   <trkpt lat="55.5903860" lon="-2.5619250">
    <ele>97.4</ele>
    <time>2026-08-02T17:51:08Z</time>
   </trkpt>
   <trkpt lat="55.5903810" lon="-2.5619320">
    <ele>97.4</ele>
    <time>2026-08-02T17:51:09Z</time>
   </trkpt>
   <trkpt lat="55.5903730" lon="-2.5619430">
    <ele>97.4</ele>
    <time>2026-08-02T17:51:10Z</time>
   </trkpt>
   <trkpt lat="55.5903670" lon="-2.5619490">
    <ele>97.4</ele>
    <time>2026-08-02T17:51:11Z</time>
   </trkpt>
   <trkpt lat="55.5903580" lon="-2.5619580">
    <ele>97.4</ele>
    <time>2026-08-02T17:51:12Z</time>
   </trkpt>
   <trkpt lat="55.5903540" lon="-2.5619660">
    <ele>97.4</ele>
    <time>2026-08-02T17:51:13Z</time>
   </trkpt>
   <trkpt lat="55.5903500" lon="-2.5619800">
    <ele>97.4</ele>
    <time>2026-08-02T17:51:14Z</time>
   </trkpt>
   <trkpt lat="55.5903420" lon="-2.5619970">
    <ele>97.4</ele>
    <time>2026-08-02T17:51:15Z</time>
   </trkpt>
   <trkpt lat="55.5903340" lon="-2.5620070">
    <ele>97.4</ele>
    <time>2026-08-02T17:51:16Z</time>
   </trkpt>
   <trkpt lat="55.5903270" lon="-2.5620090">
    <ele>97.4</ele>
    <time>2026-08-02T17:51:17Z</time>
   </trkpt>
   <trkpt lat="55.5903200" lon="-2.5620290">
    <ele>97.4</ele>
    <time>2026-08-02T17:51:18Z</time>
   </trkpt>
   <trkpt lat="55.5903160" lon="-2.5620340">
    <ele>97.4</ele>
    <time>2026-08-02T17:51:19Z</time>
   </trkpt>
   <trkpt lat="55.5903110" lon="-2.5620490">
    <ele>97.4</ele>
    <time>2026-08-02T17:51:20Z</time>
   </trkpt>
   <trkpt lat="55.5903190" lon="-2.5620320">
    <ele>97.3</ele>
    <time>2026-08-02T17:51:21Z</time>
   </trkpt>
   <trkpt lat="55.5903030" lon="-2.5620550">
    <ele>97.3</ele>
    <time>2026-08-02T17:51:22Z</time>
   </trkpt>
   <trkpt lat="55.5902960" lon="-2.5620620">
    <ele>97.3</ele>
    <time>2026-08-02T17:51:23Z</time>
   </trkpt>
   <trkpt lat="55.5902890" lon="-2.5620780">
    <ele>97.3</ele>
    <time>2026-08-02T17:51:24Z</time>
   </trkpt>
   <trkpt lat="55.5902810" lon="-2.5620880">
    <ele>97.3</ele>
    <time>2026-08-02T17:51:25Z</time>
   </trkpt>
   <trkpt lat="55.5902760" lon="-2.5620940">
    <ele>97.3</ele>
    <time>2026-08-02T17:51:26Z</time>
   </trkpt>
   <trkpt lat="55.5902660" lon="-2.5621040">
    <ele>97.3</ele>
    <time>2026-08-02T17:51:27Z</time>
   </trkpt>
   <trkpt lat="55.5902540" lon="-2.5621190">
    <ele>97.3</ele>
    <time>2026-08-02T17:51:28Z</time>
   </trkpt>
   <trkpt lat="55.5902470" lon="-2.5621270">
    <ele>97.3</ele>
    <time>2026-08-02T17:51:29Z</time>
   </trkpt>
   <trkpt lat="55.5902400" lon="-2.5621300">
    <ele>97.3</ele>
    <time>2026-08-02T17:51:30Z</time>
   </trkpt>
   <trkpt lat="55.5902350" lon="-2.5621440">
    <ele>97.3</ele>
    <time>2026-08-02T17:51:31Z</time>
   </trkpt>
   <trkpt lat="55.5902210" lon="-2.5621590">
    <ele>97.2</ele>
    <time>2026-08-02T17:51:32Z</time>
   </trkpt>
   <trkpt lat="55.5902150" lon="-2.5621650">
    <ele>97.2</ele>
    <time>2026-08-02T17:51:33Z</time>
   </trkpt>
   <trkpt lat="55.5902090" lon="-2.5621770">
    <ele>97.2</ele>
    <time>2026-08-02T17:51:34Z</time>
   </trkpt>
   <trkpt lat="55.5902010" lon="-2.5621870">
    <ele>97.2</ele>
    <time>2026-08-02T17:51:35Z</time>
   </trkpt>
   <trkpt lat="55.5901950" lon="-2.5621970">
    <ele>97.2</ele>
    <time>2026-08-02T17:51:36Z</time>
   </trkpt>
   <trkpt lat="55.5901860" lon="-2.5622010">
    <ele>97.2</ele>
    <time>2026-08-02T17:51:37Z</time>
   </trkpt>
   <trkpt lat="55.5901810" lon="-2.5622140">
    <ele>97.2</ele>
    <time>2026-08-02T17:51:38Z</time>
   </trkpt>
   <trkpt lat="55.5901680" lon="-2.5622260">
    <ele>97.2</ele>
    <time>2026-08-02T17:51:39Z</time>
   </trkpt>
   <trkpt lat="55.5901630" lon="-2.5622400">
    <ele>97.2</ele>
    <time>2026-08-02T17:51:40Z</time>
   </trkpt>
   <trkpt lat="55.5901670" lon="-2.5622400">
    <ele>97.2</ele>
    <time>2026-08-02T17:51:41Z</time>
   </trkpt>
   <trkpt lat="55.5901710" lon="-2.5622320">
    <ele>97.2</ele>
    <time>2026-08-02T17:51:42Z</time>
   </trkpt>
   <trkpt lat="55.5901690" lon="-2.5622310">
    <ele>97.2</ele>
    <time>2026-08-02T17:51:43Z</time>
   </trkpt>
   <trkpt lat="55.5901720" lon="-2.5622300">
    <ele>97.2</ele>
    <time>2026-08-02T17:51:44Z</time>
   </trkpt>
   <trkpt lat="55.5901720" lon="-2.5622300">
    <ele>97.2</ele>
    <time>2026-08-02T17:51:45Z</time>
   </trkpt>
   <trkpt lat="55.5901720" lon="-2.5622300">
    <ele>97.2</ele>
    <time>2026-08-02T17:51:46Z</time>
   </trkpt>
   <trkpt lat="55.5901720" lon="-2.5622300">
    <ele>97.2</ele>
    <time>2026-08-02T17:51:47Z</time>
   </trkpt>
   <trkpt lat="55.5901690" lon="-2.5622430">
    <ele>97.2</ele>
    <time>2026-08-02T17:51:48Z</time>
   </trkpt>
   <trkpt lat="55.5901660" lon="-2.5622490">
    <ele>97.2</ele>
    <time>2026-08-02T17:51:49Z</time>
   </trkpt>
   <trkpt lat="55.5901530" lon="-2.5622600">
    <ele>97.2</ele>
    <time>2026-08-02T17:51:50Z</time>
   </trkpt>
   <trkpt lat="55.5901510" lon="-2.5622650">
    <ele>97.2</ele>
    <time>2026-08-02T17:51:51Z</time>
   </trkpt>
   <trkpt lat="55.5901460" lon="-2.5622700">
    <ele>97.2</ele>
    <time>2026-08-02T17:51:52Z</time>
   </trkpt>
   <trkpt lat="55.5901360" lon="-2.5622800">
    <ele>97.2</ele>
    <time>2026-08-02T17:51:53Z</time>
   </trkpt>
   <trkpt lat="55.5901340" lon="-2.5622850">
    <ele>97.2</ele>
    <time>2026-08-02T17:51:54Z</time>
   </trkpt>
   <trkpt lat="55.5901270" lon="-2.5622970">
    <ele>97.2</ele>
    <time>2026-08-02T17:51:55Z</time>
   </trkpt>
   <trkpt lat="55.5901230" lon="-2.5623020">
    <ele>97.2</ele>
    <time>2026-08-02T17:51:56Z</time>
   </trkpt>
   <trkpt lat="55.5901120" lon="-2.5623150">
    <ele>97.2</ele>
    <time>2026-08-02T17:51:57Z</time>
   </trkpt>
   <trkpt lat="55.5901030" lon="-2.5623290">
    <ele>97.2</ele>
    <time>2026-08-02T17:51:58Z</time>
   </trkpt>
   <trkpt lat="55.5901000" lon="-2.5623350">
    <ele>97.2</ele>
    <time>2026-08-02T17:51:59Z</time>
   </trkpt>
   <trkpt lat="55.5900930" lon="-2.5623420">
    <ele>97.2</ele>
    <time>2026-08-02T17:52:00Z</time>
   </trkpt>
   <trkpt lat="55.5900890" lon="-2.5623520">
    <ele>97.1</ele>
    <time>2026-08-02T17:52:01Z</time>
   </trkpt>
   <trkpt lat="55.5900780" lon="-2.5623690">
    <ele>97.1</ele>
    <time>2026-08-02T17:52:02Z</time>
   </trkpt>
   <trkpt lat="55.5900720" lon="-2.5623690">
    <ele>97.1</ele>
    <time>2026-08-02T17:52:03Z</time>
   </trkpt>
   <trkpt lat="55.5900610" lon="-2.5623820">
    <ele>97.1</ele>
    <time>2026-08-02T17:52:04Z</time>
   </trkpt>
   <trkpt lat="55.5900540" lon="-2.5623940">
    <ele>97.1</ele>
    <time>2026-08-02T17:52:05Z</time>
   </trkpt>
   <trkpt lat="55.5900480" lon="-2.5624090">
    <ele>97.1</ele>
    <time>2026-08-02T17:52:06Z</time>
   </trkpt>
   <trkpt lat="55.5900390" lon="-2.5624190">
    <ele>97.1</ele>
    <time>2026-08-02T17:52:07Z</time>
   </trkpt>
   <trkpt lat="55.5900270" lon="-2.5624320">
    <ele>97.1</ele>
    <time>2026-08-02T17:52:08Z</time>
   </trkpt>
   <trkpt lat="55.5900320" lon="-2.5624170">
    <ele>97.1</ele>
    <time>2026-08-02T17:52:09Z</time>
   </trkpt>
   <trkpt lat="55.5900230" lon="-2.5624270">
    <ele>97.1</ele>
    <time>2026-08-02T17:52:10Z</time>
   </trkpt>
   <trkpt lat="55.5900170" lon="-2.5624320">
    <ele>97.1</ele>
    <time>2026-08-02T17:52:11Z</time>
   </trkpt>
   <trkpt lat="55.5900110" lon="-2.5624350">
    <ele>97.1</ele>
    <time>2026-08-02T17:52:12Z</time>
   </trkpt>
   <trkpt lat="55.5900100" lon="-2.5624350">
    <ele>97.1</ele>
    <time>2026-08-02T17:52:13Z</time>
   </trkpt>
   <trkpt lat="55.5900120" lon="-2.5624310">
    <ele>97.1</ele>
    <time>2026-08-02T17:52:14Z</time>
   </trkpt>
   <trkpt lat="55.5900100" lon="-2.5624270">
    <ele>97.1</ele>
    <time>2026-08-02T17:52:15Z</time>
   </trkpt>
   <trkpt lat="55.5900110" lon="-2.5624270">
    <ele>97.1</ele>
    <time>2026-08-02T17:52:16Z</time>
   </trkpt>
   <trkpt lat="55.5900080" lon="-2.5624360">
    <ele>97.1</ele>
    <time>2026-08-02T17:52:17Z</time>
   </trkpt>
   <trkpt lat="55.5899980" lon="-2.5624450">
    <ele>97.1</ele>
    <time>2026-08-02T17:52:19Z</time>
   </trkpt>
   <trkpt lat="55.5899910" lon="-2.5624570">
    <ele>97.1</ele>
    <time>2026-08-02T17:52:20Z</time>
   </trkpt>
   <trkpt lat="55.5899880" lon="-2.5624740">
    <ele>97.1</ele>
    <time>2026-08-02T17:52:21Z</time>
   </trkpt>
   <trkpt lat="55.5899790" lon="-2.5624910">
    <ele>97.2</ele>
    <time>2026-08-02T17:52:22Z</time>
   </trkpt>
   <trkpt lat="55.5899700" lon="-2.5625090">
    <ele>97.2</ele>
    <time>2026-08-02T17:52:23Z</time>
   </trkpt>
   <trkpt lat="55.5899680" lon="-2.5625100">
    <ele>97.2</ele>
    <time>2026-08-02T17:52:24Z</time>
   </trkpt>
   <trkpt lat="55.5899640" lon="-2.5625170">
    <ele>97.2</ele>
    <time>2026-08-02T17:52:25Z</time>
   </trkpt>
   <trkpt lat="55.5899480" lon="-2.5625230">
    <ele>97.2</ele>
    <time>2026-08-02T17:52:26Z</time>
   </trkpt>
   <trkpt lat="55.5899590" lon="-2.5625260">
    <ele>97.2</ele>
    <time>2026-08-02T17:52:27Z</time>
   </trkpt>
   <trkpt lat="55.5899390" lon="-2.5625460">
    <ele>97.2</ele>
    <time>2026-08-02T17:52:28Z</time>
   </trkpt>
   <trkpt lat="55.5899350" lon="-2.5625590">
    <ele>97.2</ele>
    <time>2026-08-02T17:52:29Z</time>
   </trkpt>
   <trkpt lat="55.5899360" lon="-2.5625620">
    <ele>97.2</ele>
    <time>2026-08-02T17:52:30Z</time>
   </trkpt>
   <trkpt lat="55.5899280" lon="-2.5625740">
    <ele>97.2</ele>
    <time>2026-08-02T17:52:31Z</time>
   </trkpt>
   <trkpt lat="55.5899280" lon="-2.5625910">
    <ele>97.2</ele>
    <time>2026-08-02T17:52:32Z</time>
   </trkpt>
   <trkpt lat="55.5899180" lon="-2.5625970">
    <ele>97.2</ele>
    <time>2026-08-02T17:52:33Z</time>
   </trkpt>
   <trkpt lat="55.5899020" lon="-2.5626150">
    <ele>97.2</ele>
    <time>2026-08-02T17:52:34Z</time>
   </trkpt>
   <trkpt lat="55.5898920" lon="-2.5626280">
    <ele>97.2</ele>
    <time>2026-08-02T17:52:35Z</time>
   </trkpt>
   <trkpt lat="55.5898850" lon="-2.5626420">
    <ele>97.2</ele>
    <time>2026-08-02T17:52:36Z</time>
   </trkpt>
   <trkpt lat="55.5898830" lon="-2.5626440">
    <ele>97.2</ele>
    <time>2026-08-02T17:52:37Z</time>
   </trkpt>
   <trkpt lat="55.5898720" lon="-2.5626730">
    <ele>97.2</ele>
    <time>2026-08-02T17:52:38Z</time>
   </trkpt>
   <trkpt lat="55.5898620" lon="-2.5626840">
    <ele>97.2</ele>
    <time>2026-08-02T17:52:39Z</time>
   </trkpt>
   <trkpt lat="55.5898600" lon="-2.5626960">
    <ele>97.2</ele>
    <time>2026-08-02T17:52:40Z</time>
   </trkpt>
   <trkpt lat="55.5898490" lon="-2.5627060">
    <ele>97.2</ele>
    <time>2026-08-02T17:52:41Z</time>
   </trkpt>
   <trkpt lat="55.5898420" lon="-2.5627140">
    <ele>97.2</ele>
    <time>2026-08-02T17:52:42Z</time>
   </trkpt>
   <trkpt lat="55.5898370" lon="-2.5627140">
    <ele>97.2</ele>
    <time>2026-08-02T17:52:43Z</time>
   </trkpt>
   <trkpt lat="55.5898300" lon="-2.5627220">
    <ele>97.2</ele>
    <time>2026-08-02T17:52:44Z</time>
   </trkpt>
   <trkpt lat="55.5898230" lon="-2.5627360">
    <ele>97.3</ele>
    <time>2026-08-02T17:52:45Z</time>
   </trkpt>
   <trkpt lat="55.5898170" lon="-2.5627440">
    <ele>97.3</ele>
    <time>2026-08-02T17:52:46Z</time>
   </trkpt>
   <trkpt lat="55.5898100" lon="-2.5627530">
    <ele>97.3</ele>
    <time>2026-08-02T17:52:47Z</time>
   </trkpt>
   <trkpt lat="55.5898010" lon="-2.5627650">
    <ele>97.3</ele>
    <time>2026-08-02T17:52:48Z</time>
   </trkpt>
   <trkpt lat="55.5897940" lon="-2.5627760">
    <ele>97.3</ele>
    <time>2026-08-02T17:52:49Z</time>
   </trkpt>
   <trkpt lat="55.5897880" lon="-2.5627860">
    <ele>97.3</ele>
    <time>2026-08-02T17:52:50Z</time>
   </trkpt>
   <trkpt lat="55.5897810" lon="-2.5627910">
    <ele>97.3</ele>
    <time>2026-08-02T17:52:51Z</time>
   </trkpt>
   <trkpt lat="55.5897710" lon="-2.5627960">
    <ele>97.3</ele>
    <time>2026-08-02T17:52:52Z</time>
   </trkpt>
   <trkpt lat="55.5897640" lon="-2.5628060">
    <ele>97.3</ele>
    <time>2026-08-02T17:52:53Z</time>
   </trkpt>
   <trkpt lat="55.5897570" lon="-2.5628180">
    <ele>97.3</ele>
    <time>2026-08-02T17:52:54Z</time>
   </trkpt>
   <trkpt lat="55.5897480" lon="-2.5628240">
    <ele>97.3</ele>
    <time>2026-08-02T17:52:55Z</time>
   </trkpt>
   <trkpt lat="55.5897400" lon="-2.5628300">
    <ele>97.3</ele>
    <time>2026-08-02T17:52:56Z</time>
   </trkpt>
   <trkpt lat="55.5897320" lon="-2.5628400">
    <ele>97.3</ele>
    <time>2026-08-02T17:52:57Z</time>
   </trkpt>
   <trkpt lat="55.5897250" lon="-2.5628460">
    <ele>97.3</ele>
    <time>2026-08-02T17:52:58Z</time>
   </trkpt>
   <trkpt lat="55.5897140" lon="-2.5628570">
    <ele>97.3</ele>
    <time>2026-08-02T17:52:59Z</time>
   </trkpt>
   <trkpt lat="55.5897110" lon="-2.5628580">
    <ele>97.3</ele>
    <time>2026-08-02T17:53:00Z</time>
   </trkpt>
   <trkpt lat="55.5897070" lon="-2.5628620">
    <ele>97.3</ele>
    <time>2026-08-02T17:53:01Z</time>
   </trkpt>
   <trkpt lat="55.5896970" lon="-2.5628710">
    <ele>97.3</ele>
    <time>2026-08-02T17:53:02Z</time>
   </trkpt>
   <trkpt lat="55.5896910" lon="-2.5628800">
    <ele>97.3</ele>
    <time>2026-08-02T17:53:03Z</time>
   </trkpt>
   <trkpt lat="55.5896860" lon="-2.5628850">
    <ele>97.3</ele>
    <time>2026-08-02T17:53:04Z</time>
   </trkpt>
   <trkpt lat="55.5896720" lon="-2.5628910">
    <ele>97.3</ele>
    <time>2026-08-02T17:53:05Z</time>
   </trkpt>
   <trkpt lat="55.5896710" lon="-2.5628930">
    <ele>97.3</ele>
    <time>2026-08-02T17:53:06Z</time>
   </trkpt>
   <trkpt lat="55.5896720" lon="-2.5628980">
    <ele>97.3</ele>
    <time>2026-08-02T17:53:07Z</time>
   </trkpt>
   <trkpt lat="55.5896580" lon="-2.5629140">
    <ele>97.3</ele>
    <time>2026-08-02T17:53:08Z</time>
   </trkpt>
   <trkpt lat="55.5896520" lon="-2.5629440">
    <ele>97.3</ele>
    <time>2026-08-02T17:53:09Z</time>
   </trkpt>
   <trkpt lat="55.5896400" lon="-2.5629400">
    <ele>97.3</ele>
    <time>2026-08-02T17:53:10Z</time>
   </trkpt>
   <trkpt lat="55.5896300" lon="-2.5629410">
    <ele>97.3</ele>
    <time>2026-08-02T17:53:11Z</time>
   </trkpt>
   <trkpt lat="55.5896240" lon="-2.5629380">
    <ele>97.3</ele>
    <time>2026-08-02T17:53:12Z</time>
   </trkpt>
   <trkpt lat="55.5896130" lon="-2.5629460">
    <ele>97.3</ele>
    <time>2026-08-02T17:53:13Z</time>
   </trkpt>
   <trkpt lat="55.5895980" lon="-2.5629530">
    <ele>97.3</ele>
    <time>2026-08-02T17:53:14Z</time>
   </trkpt>
   <trkpt lat="55.5895910" lon="-2.5629540">
    <ele>97.3</ele>
    <time>2026-08-02T17:53:15Z</time>
   </trkpt>
   <trkpt lat="55.5895910" lon="-2.5629580">
    <ele>97.3</ele>
    <time>2026-08-02T17:53:16Z</time>
   </trkpt>
   <trkpt lat="55.5895740" lon="-2.5629630">
    <ele>97.3</ele>
    <time>2026-08-02T17:53:17Z</time>
   </trkpt>
   <trkpt lat="55.5895690" lon="-2.5629570">
    <ele>97.3</ele>
    <time>2026-08-02T17:53:18Z</time>
   </trkpt>
   <trkpt lat="55.5895610" lon="-2.5629630">
    <ele>97.3</ele>
    <time>2026-08-02T17:53:19Z</time>
   </trkpt>
   <trkpt lat="55.5895520" lon="-2.5629700">
    <ele>97.3</ele>
    <time>2026-08-02T17:53:20Z</time>
   </trkpt>
   <trkpt lat="55.5895430" lon="-2.5629780">
    <ele>97.3</ele>
    <time>2026-08-02T17:53:21Z</time>
   </trkpt>
   <trkpt lat="55.5895390" lon="-2.5629770">
    <ele>97.3</ele>
    <time>2026-08-02T17:53:22Z</time>
   </trkpt>
   <trkpt lat="55.5895310" lon="-2.5629860">
    <ele>97.3</ele>
    <time>2026-08-02T17:53:23Z</time>
   </trkpt>
   <trkpt lat="55.5895220" lon="-2.5629740">
    <ele>97.3</ele>
    <time>2026-08-02T17:53:24Z</time>
   </trkpt>
   <trkpt lat="55.5895190" lon="-2.5629780">
    <ele>97.3</ele>
    <time>2026-08-02T17:53:25Z</time>
   </trkpt>
   <trkpt lat="55.5895110" lon="-2.5629770">
    <ele>97.3</ele>
    <time>2026-08-02T17:53:26Z</time>
   </trkpt>
   <trkpt lat="55.5895130" lon="-2.5629820">
    <ele>97.3</ele>
    <time>2026-08-02T17:53:27Z</time>
   </trkpt>
   <trkpt lat="55.5895120" lon="-2.5629830">
    <ele>97.3</ele>
    <time>2026-08-02T17:53:28Z</time>
   </trkpt>
   <trkpt lat="55.5895120" lon="-2.5629840">
    <ele>97.3</ele>
    <time>2026-08-02T17:53:29Z</time>
   </trkpt>
   <trkpt lat="55.5895140" lon="-2.5629800">
    <ele>97.3</ele>
    <time>2026-08-02T17:53:30Z</time>
   </trkpt>
   <trkpt lat="55.5895150" lon="-2.5629760">
    <ele>97.3</ele>
    <time>2026-08-02T17:53:31Z</time>
   </trkpt>
   <trkpt lat="55.5895120" lon="-2.5629700">
    <ele>97.3</ele>
    <time>2026-08-02T17:53:32Z</time>
   </trkpt>
   <trkpt lat="55.5895140" lon="-2.5629590">
    <ele>97.3</ele>
    <time>2026-08-02T17:53:33Z</time>
   </trkpt>
   <trkpt lat="55.5895140" lon="-2.5629610">
    <ele>97.3</ele>
    <time>2026-08-02T17:53:34Z</time>
   </trkpt>
   <trkpt lat="55.5895180" lon="-2.5629590">
    <ele>97.3</ele>
    <time>2026-08-02T17:53:35Z</time>
   </trkpt>
   <trkpt lat="55.5895170" lon="-2.5629660">
    <ele>97.3</ele>
    <time>2026-08-02T17:53:36Z</time>
   </trkpt>
   <trkpt lat="55.5895180" lon="-2.5629640">
    <ele>97.3</ele>
    <time>2026-08-02T17:53:37Z</time>
   </trkpt>
   <trkpt lat="55.5895140" lon="-2.5629680">
    <ele>97.3</ele>
    <time>2026-08-02T17:53:38Z</time>
   </trkpt>
   <trkpt lat="55.5895090" lon="-2.5629660">
    <ele>97.3</ele>
    <time>2026-08-02T17:53:39Z</time>
   </trkpt>
   <trkpt lat="55.5895110" lon="-2.5629790">
    <ele>97.3</ele>
    <time>2026-08-02T17:53:40Z</time>
   </trkpt>
   <trkpt lat="55.5895110" lon="-2.5629810">
    <ele>97.3</ele>
    <time>2026-08-02T17:53:41Z</time>
   </trkpt>
   <trkpt lat="55.5895070" lon="-2.5629900">
    <ele>97.3</ele>
    <time>2026-08-02T17:53:42Z</time>
   </trkpt>
   <trkpt lat="55.5894980" lon="-2.5630060">
    <ele>97.3</ele>
    <time>2026-08-02T17:53:43Z</time>
   </trkpt>
   <trkpt lat="55.5894910" lon="-2.5630110">
    <ele>97.3</ele>
    <time>2026-08-02T17:53:44Z</time>
   </trkpt>
   <trkpt lat="55.5894850" lon="-2.5630080">
    <ele>97.3</ele>
    <time>2026-08-02T17:53:45Z</time>
   </trkpt>
   <trkpt lat="55.5894780" lon="-2.5630030">
    <ele>97.3</ele>
    <time>2026-08-02T17:53:46Z</time>
   </trkpt>
   <trkpt lat="55.5894730" lon="-2.5630110">
    <ele>97.3</ele>
    <time>2026-08-02T17:53:47Z</time>
   </trkpt>
   <trkpt lat="55.5894660" lon="-2.5630170">
    <ele>97.3</ele>
    <time>2026-08-02T17:53:48Z</time>
   </trkpt>
   <trkpt lat="55.5894600" lon="-2.5630250">
    <ele>97.3</ele>
    <time>2026-08-02T17:53:49Z</time>
   </trkpt>
   <trkpt lat="55.5894540" lon="-2.5630360">
    <ele>97.3</ele>
    <time>2026-08-02T17:53:50Z</time>
   </trkpt>
   <trkpt lat="55.5894490" lon="-2.5630410">
    <ele>97.3</ele>
    <time>2026-08-02T17:53:51Z</time>
   </trkpt>
   <trkpt lat="55.5894430" lon="-2.5630490">
    <ele>97.3</ele>
    <time>2026-08-02T17:53:52Z</time>
   </trkpt>
   <trkpt lat="55.5894340" lon="-2.5630580">
    <ele>97.3</ele>
    <time>2026-08-02T17:53:53Z</time>
   </trkpt>
   <trkpt lat="55.5894310" lon="-2.5630660">
    <ele>97.3</ele>
    <time>2026-08-02T17:53:54Z</time>
   </trkpt>
   <trkpt lat="55.5894200" lon="-2.5630740">
    <ele>97.3</ele>
    <time>2026-08-02T17:53:55Z</time>
   </trkpt>
   <trkpt lat="55.5894080" lon="-2.5630830">
    <ele>97.3</ele>
    <time>2026-08-02T17:53:56Z</time>
   </trkpt>
   <trkpt lat="55.5894030" lon="-2.5630920">
    <ele>97.3</ele>
    <time>2026-08-02T17:53:57Z</time>
   </trkpt>
   <trkpt lat="55.5894010" lon="-2.5630990">
    <ele>97.3</ele>
    <time>2026-08-02T17:53:58Z</time>
   </trkpt>
   <trkpt lat="55.5893840" lon="-2.5631190">
    <ele>97.3</ele>
    <time>2026-08-02T17:53:59Z</time>
   </trkpt>
   <trkpt lat="55.5893820" lon="-2.5631240">
    <ele>97.3</ele>
    <time>2026-08-02T17:54:00Z</time>
   </trkpt>
   <trkpt lat="55.5893780" lon="-2.5631340">
    <ele>97.3</ele>
    <time>2026-08-02T17:54:01Z</time>
   </trkpt>
   <trkpt lat="55.5893690" lon="-2.5631410">
    <ele>97.3</ele>
    <time>2026-08-02T17:54:02Z</time>
   </trkpt>
   <trkpt lat="55.5893670" lon="-2.5631500">
    <ele>97.3</ele>
    <time>2026-08-02T17:54:03Z</time>
   </trkpt>
   <trkpt lat="55.5893610" lon="-2.5631600">
    <ele>97.3</ele>
    <time>2026-08-02T17:54:04Z</time>
   </trkpt>
   <trkpt lat="55.5893540" lon="-2.5631710">
    <ele>97.3</ele>
    <time>2026-08-02T17:54:05Z</time>
   </trkpt>
   <trkpt lat="55.5893440" lon="-2.5631680">
    <ele>97.3</ele>
    <time>2026-08-02T17:54:06Z</time>
   </trkpt>
   <trkpt lat="55.5893270" lon="-2.5631890">
    <ele>97.3</ele>
    <time>2026-08-02T17:54:07Z</time>
   </trkpt>
   <trkpt lat="55.5893270" lon="-2.5631890">
    <ele>97.3</ele>
    <time>2026-08-02T17:54:08Z</time>
   </trkpt>
   <trkpt lat="55.5893270" lon="-2.5631890">
    <ele>97.3</ele>
    <time>2026-08-02T17:54:09Z</time>
   </trkpt>
   <trkpt lat="55.5893270" lon="-2.5631890">
    <ele>97.3</ele>
    <time>2026-08-02T17:54:10Z</time>
   </trkpt>
   <trkpt lat="55.5893270" lon="-2.5631890">
    <ele>97.3</ele>
    <time>2026-08-02T17:54:11Z</time>
   </trkpt>
   <trkpt lat="55.5893050" lon="-2.5632260">
    <ele>97.3</ele>
    <time>2026-08-02T17:54:12Z</time>
   </trkpt>
   <trkpt lat="55.5893050" lon="-2.5632260">
    <ele>97.3</ele>
    <time>2026-08-02T17:54:13Z</time>
   </trkpt>
   <trkpt lat="55.5893050" lon="-2.5632260">
    <ele>97.3</ele>
    <time>2026-08-02T17:54:14Z</time>
   </trkpt>
   <trkpt lat="55.5893050" lon="-2.5632260">
    <ele>97.3</ele>
    <time>2026-08-02T17:54:15Z</time>
   </trkpt>
   <trkpt lat="55.5892820" lon="-2.5632660">
    <ele>97.3</ele>
    <time>2026-08-02T17:54:16Z</time>
   </trkpt>
   <trkpt lat="55.5892820" lon="-2.5632660">
    <ele>97.3</ele>
    <time>2026-08-02T17:54:17Z</time>
   </trkpt>
   <trkpt lat="55.5892820" lon="-2.5632660">
    <ele>97.3</ele>
    <time>2026-08-02T17:54:18Z</time>
   </trkpt>
   <trkpt lat="55.5892820" lon="-2.5632660">
    <ele>97.3</ele>
    <time>2026-08-02T17:54:19Z</time>
   </trkpt>
   <trkpt lat="55.5892580" lon="-2.5633050">
    <ele>97.3</ele>
    <time>2026-08-02T17:54:20Z</time>
   </trkpt>
   <trkpt lat="55.5892580" lon="-2.5633050">
    <ele>97.3</ele>
    <time>2026-08-02T17:54:21Z</time>
   </trkpt>
   <trkpt lat="55.5892580" lon="-2.5633050">
    <ele>97.3</ele>
    <time>2026-08-02T17:54:22Z</time>
   </trkpt>
   <trkpt lat="55.5892390" lon="-2.5633380">
    <ele>97.3</ele>
    <time>2026-08-02T17:54:23Z</time>
   </trkpt>
   <trkpt lat="55.5892150" lon="-2.5633790">
    <ele>97.3</ele>
    <time>2026-08-02T17:54:25Z</time>
   </trkpt>
   <trkpt lat="55.5892030" lon="-2.5633990">
    <ele>97.3</ele>
    <time>2026-08-02T17:54:26Z</time>
   </trkpt>
   <trkpt lat="55.5892040" lon="-2.5634070">
    <ele>97.3</ele>
    <time>2026-08-02T17:54:27Z</time>
   </trkpt>
   <trkpt lat="55.5892120" lon="-2.5634060">
    <ele>97.3</ele>
    <time>2026-08-02T17:54:28Z</time>
   </trkpt>
   <trkpt lat="55.5892080" lon="-2.5634230">
    <ele>97.3</ele>
    <time>2026-08-02T17:54:29Z</time>
   </trkpt>
   <trkpt lat="55.5892080" lon="-2.5634280">
    <ele>97.3</ele>
    <time>2026-08-02T17:54:30Z</time>
   </trkpt>
   <trkpt lat="55.5892050" lon="-2.5634330">
    <ele>97.3</ele>
    <time>2026-08-02T17:54:31Z</time>
   </trkpt>
   <trkpt lat="55.5892020" lon="-2.5634560">
    <ele>97.3</ele>
    <time>2026-08-02T17:54:32Z</time>
   </trkpt>
   <trkpt lat="55.5891970" lon="-2.5634660">
    <ele>97.3</ele>
    <time>2026-08-02T17:54:33Z</time>
   </trkpt>
   <trkpt lat="55.5891910" lon="-2.5634740">
    <ele>97.3</ele>
    <time>2026-08-02T17:54:34Z</time>
   </trkpt>
   <trkpt lat="55.5891850" lon="-2.5634840">
    <ele>97.3</ele>
    <time>2026-08-02T17:54:35Z</time>
   </trkpt>
   <trkpt lat="55.5891800" lon="-2.5634920">
    <ele>97.4</ele>
    <time>2026-08-02T17:54:36Z</time>
   </trkpt>
   <trkpt lat="55.5891710" lon="-2.5635180">
    <ele>97.4</ele>
    <time>2026-08-02T17:54:37Z</time>
   </trkpt>
   <trkpt lat="55.5891690" lon="-2.5635310">
    <ele>97.4</ele>
    <time>2026-08-02T17:54:38Z</time>
   </trkpt>
   <trkpt lat="55.5891650" lon="-2.5635410">
    <ele>97.4</ele>
    <time>2026-08-02T17:54:39Z</time>
   </trkpt>
   <trkpt lat="55.5891550" lon="-2.5635700">
    <ele>97.4</ele>
    <time>2026-08-02T17:54:40Z</time>
   </trkpt>
   <trkpt lat="55.5891510" lon="-2.5635840">
    <ele>97.4</ele>
    <time>2026-08-02T17:54:41Z</time>
   </trkpt>
   <trkpt lat="55.5891380" lon="-2.5635980">
    <ele>97.4</ele>
    <time>2026-08-02T17:54:42Z</time>
   </trkpt>
   <trkpt lat="55.5891320" lon="-2.5636000">
    <ele>97.4</ele>
    <time>2026-08-02T17:54:43Z</time>
   </trkpt>
   <trkpt lat="55.5891300" lon="-2.5636080">
    <ele>97.4</ele>
    <time>2026-08-02T17:54:44Z</time>
   </trkpt>
   <trkpt lat="55.5891290" lon="-2.5636160">
    <ele>97.4</ele>
    <time>2026-08-02T17:54:45Z</time>
   </trkpt>
   <trkpt lat="55.5891280" lon="-2.5636350">
    <ele>97.4</ele>
    <time>2026-08-02T17:54:46Z</time>
   </trkpt>
   <trkpt lat="55.5891200" lon="-2.5636700">
    <ele>97.4</ele>
    <time>2026-08-02T17:54:47Z</time>
   </trkpt>
   <trkpt lat="55.5891220" lon="-2.5636780">
    <ele>97.4</ele>
    <time>2026-08-02T17:54:48Z</time>
   </trkpt>
   <trkpt lat="55.5891140" lon="-2.5636960">
    <ele>97.4</ele>
    <time>2026-08-02T17:54:49Z</time>
   </trkpt>
   <trkpt lat="55.5891100" lon="-2.5637090">
    <ele>97.4</ele>
    <time>2026-08-02T17:54:50Z</time>
   </trkpt>
   <trkpt lat="55.5891000" lon="-2.5637160">
    <ele>97.4</ele>
    <time>2026-08-02T17:54:51Z</time>
   </trkpt>
   <trkpt lat="55.5890920" lon="-2.5637310">
    <ele>97.4</ele>
    <time>2026-08-02T17:54:52Z</time>
   </trkpt>
   <trkpt lat="55.5890840" lon="-2.5637440">
    <ele>97.4</ele>
    <time>2026-08-02T17:54:53Z</time>
   </trkpt>
   <trkpt lat="55.5890780" lon="-2.5637500">
    <ele>97.4</ele>
    <time>2026-08-02T17:54:54Z</time>
   </trkpt>
   <trkpt lat="55.5890650" lon="-2.5637850">
    <ele>97.4</ele>
    <time>2026-08-02T17:54:55Z</time>
   </trkpt>
   <trkpt lat="55.5890630" lon="-2.5637730">
    <ele>97.4</ele>
    <time>2026-08-02T17:54:56Z</time>
   </trkpt>
   <trkpt lat="55.5890590" lon="-2.5637870">
    <ele>97.4</ele>
    <time>2026-08-02T17:54:57Z</time>
   </trkpt>
   <trkpt lat="55.5890520" lon="-2.5637960">
    <ele>97.4</ele>
    <time>2026-08-02T17:54:58Z</time>
   </trkpt>
   <trkpt lat="55.5890460" lon="-2.5638020">
    <ele>97.4</ele>
    <time>2026-08-02T17:54:59Z</time>
   </trkpt>
   <trkpt lat="55.5890380" lon="-2.5638170">
    <ele>97.4</ele>
    <time>2026-08-02T17:55:00Z</time>
   </trkpt>
   <trkpt lat="55.5890370" lon="-2.5638260">
    <ele>97.4</ele>
    <time>2026-08-02T17:55:01Z</time>
   </trkpt>
   <trkpt lat="55.5890260" lon="-2.5638430">
    <ele>97.4</ele>
    <time>2026-08-02T17:55:02Z</time>
   </trkpt>
   <trkpt lat="55.5890170" lon="-2.5638640">
    <ele>97.4</ele>
    <time>2026-08-02T17:55:03Z</time>
   </trkpt>
   <trkpt lat="55.5890110" lon="-2.5638720">
    <ele>97.4</ele>
    <time>2026-08-02T17:55:04Z</time>
   </trkpt>
   <trkpt lat="55.5890080" lon="-2.5638870">
    <ele>97.4</ele>
    <time>2026-08-02T17:55:05Z</time>
   </trkpt>
   <trkpt lat="55.5890050" lon="-2.5638950">
    <ele>97.4</ele>
    <time>2026-08-02T17:55:06Z</time>
   </trkpt>
   <trkpt lat="55.5889980" lon="-2.5639080">
    <ele>97.4</ele>
    <time>2026-08-02T17:55:07Z</time>
   </trkpt>
   <trkpt lat="55.5889900" lon="-2.5639150">
    <ele>97.4</ele>
    <time>2026-08-02T17:55:08Z</time>
   </trkpt>
   <trkpt lat="55.5889820" lon="-2.5639280">
    <ele>97.4</ele>
    <time>2026-08-02T17:55:09Z</time>
   </trkpt>
   <trkpt lat="55.5889810" lon="-2.5639400">
    <ele>97.4</ele>
    <time>2026-08-02T17:55:10Z</time>
   </trkpt>
   <trkpt lat="55.5889780" lon="-2.5639480">
    <ele>97.4</ele>
    <time>2026-08-02T17:55:11Z</time>
   </trkpt>
   <trkpt lat="55.5889710" lon="-2.5639560">
    <ele>97.4</ele>
    <time>2026-08-02T17:55:12Z</time>
   </trkpt>
   <trkpt lat="55.5889640" lon="-2.5639680">
    <ele>97.4</ele>
    <time>2026-08-02T17:55:13Z</time>
   </trkpt>
   <trkpt lat="55.5889570" lon="-2.5639820">
    <ele>97.5</ele>
    <time>2026-08-02T17:55:14Z</time>
   </trkpt>
   <trkpt lat="55.5889510" lon="-2.5640050">
    <ele>97.5</ele>
    <time>2026-08-02T17:55:15Z</time>
   </trkpt>
   <trkpt lat="55.5889470" lon="-2.5640130">
    <ele>97.5</ele>
    <time>2026-08-02T17:55:16Z</time>
   </trkpt>
   <trkpt lat="55.5889390" lon="-2.5640210">
    <ele>97.5</ele>
    <time>2026-08-02T17:55:17Z</time>
   </trkpt>
   <trkpt lat="55.5889430" lon="-2.5640320">
    <ele>97.5</ele>
    <time>2026-08-02T17:55:18Z</time>
   </trkpt>
   <trkpt lat="55.5889440" lon="-2.5640350">
    <ele>97.5</ele>
    <time>2026-08-02T17:55:19Z</time>
   </trkpt>
   <trkpt lat="55.5889460" lon="-2.5640280">
    <ele>97.5</ele>
    <time>2026-08-02T17:55:20Z</time>
   </trkpt>
   <trkpt lat="55.5889450" lon="-2.5640260">
    <ele>97.5</ele>
    <time>2026-08-02T17:55:21Z</time>
   </trkpt>
   <trkpt lat="55.5889460" lon="-2.5640280">
    <ele>97.5</ele>
    <time>2026-08-02T17:55:22Z</time>
   </trkpt>
   <trkpt lat="55.5889450" lon="-2.5640320">
    <ele>97.5</ele>
    <time>2026-08-02T17:55:23Z</time>
   </trkpt>
   <trkpt lat="55.5889530" lon="-2.5640470">
    <ele>97.5</ele>
    <time>2026-08-02T17:55:24Z</time>
   </trkpt>
   <trkpt lat="55.5889490" lon="-2.5640380">
    <ele>97.5</ele>
    <time>2026-08-02T17:55:25Z</time>
   </trkpt>
   <trkpt lat="55.5889490" lon="-2.5640380">
    <ele>97.5</ele>
    <time>2026-08-02T17:55:26Z</time>
   </trkpt>
   <trkpt lat="55.5889470" lon="-2.5640360">
    <ele>97.5</ele>
    <time>2026-08-02T17:55:27Z</time>
   </trkpt>
   <trkpt lat="55.5889390" lon="-2.5640400">
    <ele>97.5</ele>
    <time>2026-08-02T17:55:28Z</time>
   </trkpt>
   <trkpt lat="55.5889310" lon="-2.5640500">
    <ele>97.5</ele>
    <time>2026-08-02T17:55:29Z</time>
   </trkpt>
   <trkpt lat="55.5889240" lon="-2.5640720">
    <ele>97.5</ele>
    <time>2026-08-02T17:55:30Z</time>
   </trkpt>
   <trkpt lat="55.5889200" lon="-2.5640820">
    <ele>97.5</ele>
    <time>2026-08-02T17:55:31Z</time>
   </trkpt>
   <trkpt lat="55.5889120" lon="-2.5640940">
    <ele>97.5</ele>
    <time>2026-08-02T17:55:32Z</time>
   </trkpt>
   <trkpt lat="55.5889080" lon="-2.5641000">
    <ele>97.5</ele>
    <time>2026-08-02T17:55:33Z</time>
   </trkpt>
   <trkpt lat="55.5889040" lon="-2.5641150">
    <ele>97.6</ele>
    <time>2026-08-02T17:55:34Z</time>
   </trkpt>
   <trkpt lat="55.5888910" lon="-2.5641290">
    <ele>97.6</ele>
    <time>2026-08-02T17:55:35Z</time>
   </trkpt>
   <trkpt lat="55.5888880" lon="-2.5641380">
    <ele>97.6</ele>
    <time>2026-08-02T17:55:36Z</time>
   </trkpt>
   <trkpt lat="55.5888810" lon="-2.5641540">
    <ele>97.6</ele>
    <time>2026-08-02T17:55:37Z</time>
   </trkpt>
   <trkpt lat="55.5888740" lon="-2.5641660">
    <ele>97.6</ele>
    <time>2026-08-02T17:55:38Z</time>
   </trkpt>
   <trkpt lat="55.5888650" lon="-2.5641790">
    <ele>97.6</ele>
    <time>2026-08-02T17:55:39Z</time>
   </trkpt>
   <trkpt lat="55.5888600" lon="-2.5641990">
    <ele>97.6</ele>
    <time>2026-08-02T17:55:40Z</time>
   </trkpt>
   <trkpt lat="55.5888580" lon="-2.5641940">
    <ele>97.6</ele>
    <time>2026-08-02T17:55:41Z</time>
   </trkpt>
   <trkpt lat="55.5888440" lon="-2.5642080">
    <ele>97.6</ele>
    <time>2026-08-02T17:55:42Z</time>
   </trkpt>
   <trkpt lat="55.5888350" lon="-2.5642140">
    <ele>97.7</ele>
    <time>2026-08-02T17:55:43Z</time>
   </trkpt>
   <trkpt lat="55.5888300" lon="-2.5642210">
    <ele>97.7</ele>
    <time>2026-08-02T17:55:44Z</time>
   </trkpt>
   <trkpt lat="55.5888280" lon="-2.5642300">
    <ele>97.7</ele>
    <time>2026-08-02T17:55:45Z</time>
   </trkpt>
   <trkpt lat="55.5888180" lon="-2.5642450">
    <ele>97.7</ele>
    <time>2026-08-02T17:55:46Z</time>
   </trkpt>
   <trkpt lat="55.5888080" lon="-2.5642570">
    <ele>97.7</ele>
    <time>2026-08-02T17:55:47Z</time>
   </trkpt>
   <trkpt lat="55.5888010" lon="-2.5642640">
    <ele>97.7</ele>
    <time>2026-08-02T17:55:48Z</time>
   </trkpt>
   <trkpt lat="55.5888010" lon="-2.5642820">
    <ele>97.7</ele>
    <time>2026-08-02T17:55:49Z</time>
   </trkpt>
   <trkpt lat="55.5887910" lon="-2.5642950">
    <ele>97.8</ele>
    <time>2026-08-02T17:55:50Z</time>
   </trkpt>
   <trkpt lat="55.5887800" lon="-2.5643100">
    <ele>97.8</ele>
    <time>2026-08-02T17:55:51Z</time>
   </trkpt>
   <trkpt lat="55.5887720" lon="-2.5643200">
    <ele>97.8</ele>
    <time>2026-08-02T17:55:52Z</time>
   </trkpt>
   <trkpt lat="55.5887730" lon="-2.5643520">
    <ele>97.8</ele>
    <time>2026-08-02T17:55:53Z</time>
   </trkpt>
   <trkpt lat="55.5887780" lon="-2.5643770">
    <ele>97.9</ele>
    <time>2026-08-02T17:55:54Z</time>
   </trkpt>
   <trkpt lat="55.5887580" lon="-2.5643610">
    <ele>97.9</ele>
    <time>2026-08-02T17:55:55Z</time>
   </trkpt>
   <trkpt lat="55.5887620" lon="-2.5644220">
    <ele>98.0</ele>
    <time>2026-08-02T17:55:56Z</time>
   </trkpt>
   <trkpt lat="55.5887540" lon="-2.5644210">
    <ele>98.0</ele>
    <time>2026-08-02T17:55:57Z</time>
   </trkpt>
   <trkpt lat="55.5887440" lon="-2.5644290">
    <ele>98.0</ele>
    <time>2026-08-02T17:55:58Z</time>
   </trkpt>
   <trkpt lat="55.5887400" lon="-2.5644480">
    <ele>98.0</ele>
    <time>2026-08-02T17:55:59Z</time>
   </trkpt>
   <trkpt lat="55.5887300" lon="-2.5644590">
    <ele>98.1</ele>
    <time>2026-08-02T17:56:00Z</time>
   </trkpt>
   <trkpt lat="55.5887300" lon="-2.5644780">
    <ele>98.1</ele>
    <time>2026-08-02T17:56:01Z</time>
   </trkpt>
   <trkpt lat="55.5887240" lon="-2.5644810">
    <ele>98.1</ele>
    <time>2026-08-02T17:56:02Z</time>
   </trkpt>
   <trkpt lat="55.5887110" lon="-2.5644940">
    <ele>98.1</ele>
    <time>2026-08-02T17:56:03Z</time>
   </trkpt>
   <trkpt lat="55.5886990" lon="-2.5644950">
    <ele>98.2</ele>
    <time>2026-08-02T17:56:04Z</time>
   </trkpt>
   <trkpt lat="55.5886970" lon="-2.5645200">
    <ele>98.2</ele>
    <time>2026-08-02T17:56:05Z</time>
   </trkpt>
   <trkpt lat="55.5886800" lon="-2.5645140">
    <ele>98.2</ele>
    <time>2026-08-02T17:56:06Z</time>
   </trkpt>
   <trkpt lat="55.5886750" lon="-2.5645180">
    <ele>98.2</ele>
    <time>2026-08-02T17:56:07Z</time>
   </trkpt>
   <trkpt lat="55.5886700" lon="-2.5645250">
    <ele>98.3</ele>
    <time>2026-08-02T17:56:08Z</time>
   </trkpt>
   <trkpt lat="55.5886680" lon="-2.5645330">
    <ele>98.3</ele>
    <time>2026-08-02T17:56:09Z</time>
   </trkpt>
   <trkpt lat="55.5886570" lon="-2.5645500">
    <ele>98.3</ele>
    <time>2026-08-02T17:56:10Z</time>
   </trkpt>
   <trkpt lat="55.5886520" lon="-2.5645770">
    <ele>98.3</ele>
    <time>2026-08-02T17:56:11Z</time>
   </trkpt>
   <trkpt lat="55.5886380" lon="-2.5645800">
    <ele>98.4</ele>
    <time>2026-08-02T17:56:12Z</time>
   </trkpt>
   <trkpt lat="55.5886390" lon="-2.5646060">
    <ele>98.4</ele>
    <time>2026-08-02T17:56:13Z</time>
   </trkpt>
   <trkpt lat="55.5886370" lon="-2.5646260">
    <ele>98.4</ele>
    <time>2026-08-02T17:56:14Z</time>
   </trkpt>
   <trkpt lat="55.5886270" lon="-2.5646340">
    <ele>98.4</ele>
    <time>2026-08-02T17:56:15Z</time>
   </trkpt>
   <trkpt lat="55.5886210" lon="-2.5646430">
    <ele>98.5</ele>
    <time>2026-08-02T17:56:16Z</time>
   </trkpt>
   <trkpt lat="55.5886110" lon="-2.5646510">
    <ele>98.5</ele>
    <time>2026-08-02T17:56:17Z</time>
   </trkpt>
   <trkpt lat="55.5886050" lon="-2.5646670">
    <ele>98.5</ele>
    <time>2026-08-02T17:56:18Z</time>
   </trkpt>
   <trkpt lat="55.5886010" lon="-2.5646880">
    <ele>98.5</ele>
    <time>2026-08-02T17:56:19Z</time>
   </trkpt>
   <trkpt lat="55.5885950" lon="-2.5647050">
    <ele>98.6</ele>
    <time>2026-08-02T17:56:20Z</time>
   </trkpt>
   <trkpt lat="55.5885930" lon="-2.5647130">
    <ele>98.6</ele>
    <time>2026-08-02T17:56:21Z</time>
   </trkpt>
   <trkpt lat="55.5885870" lon="-2.5647230">
    <ele>98.6</ele>
    <time>2026-08-02T17:56:22Z</time>
   </trkpt>
   <trkpt lat="55.5885780" lon="-2.5647460">
    <ele>98.6</ele>
    <time>2026-08-02T17:56:23Z</time>
   </trkpt>
   <trkpt lat="55.5885760" lon="-2.5647540">
    <ele>98.7</ele>
    <time>2026-08-02T17:56:24Z</time>
   </trkpt>
   <trkpt lat="55.5885730" lon="-2.5647850">
    <ele>98.7</ele>
    <time>2026-08-02T17:56:25Z</time>
   </trkpt>
   <trkpt lat="55.5885690" lon="-2.5647940">
    <ele>98.7</ele>
    <time>2026-08-02T17:56:26Z</time>
   </trkpt>
   <trkpt lat="55.5885640" lon="-2.5647990">
    <ele>98.7</ele>
    <time>2026-08-02T17:56:27Z</time>
   </trkpt>
   <trkpt lat="55.5885580" lon="-2.5648090">
    <ele>98.8</ele>
    <time>2026-08-02T17:56:28Z</time>
   </trkpt>
   <trkpt lat="55.5885520" lon="-2.5648250">
    <ele>98.8</ele>
    <time>2026-08-02T17:56:29Z</time>
   </trkpt>
   <trkpt lat="55.5885480" lon="-2.5648370">
    <ele>98.8</ele>
    <time>2026-08-02T17:56:31Z</time>
   </trkpt>
   <trkpt lat="55.5885400" lon="-2.5648510">
    <ele>98.8</ele>
    <time>2026-08-02T17:56:32Z</time>
   </trkpt>
   <trkpt lat="55.5885330" lon="-2.5648570">
    <ele>98.9</ele>
    <time>2026-08-02T17:56:33Z</time>
   </trkpt>
   <trkpt lat="55.5885250" lon="-2.5648570">
    <ele>98.9</ele>
    <time>2026-08-02T17:56:34Z</time>
   </trkpt>
   <trkpt lat="55.5885200" lon="-2.5648620">
    <ele>98.9</ele>
    <time>2026-08-02T17:56:35Z</time>
   </trkpt>
   <trkpt lat="55.5885120" lon="-2.5648750">
    <ele>98.9</ele>
    <time>2026-08-02T17:56:36Z</time>
   </trkpt>
   <trkpt lat="55.5885050" lon="-2.5648860">
    <ele>99.0</ele>
    <time>2026-08-02T17:56:37Z</time>
   </trkpt>
   <trkpt lat="55.5884970" lon="-2.5648990">
    <ele>99.0</ele>
    <time>2026-08-02T17:56:38Z</time>
   </trkpt>
   <trkpt lat="55.5884940" lon="-2.5649120">
    <ele>99.0</ele>
    <time>2026-08-02T17:56:39Z</time>
   </trkpt>
   <trkpt lat="55.5884870" lon="-2.5649200">
    <ele>99.0</ele>
    <time>2026-08-02T17:56:40Z</time>
   </trkpt>
   <trkpt lat="55.5884800" lon="-2.5649300">
    <ele>99.1</ele>
    <time>2026-08-02T17:56:41Z</time>
   </trkpt>
   <trkpt lat="55.5884720" lon="-2.5649400">
    <ele>99.1</ele>
    <time>2026-08-02T17:56:42Z</time>
   </trkpt>
   <trkpt lat="55.5884660" lon="-2.5649550">
    <ele>99.1</ele>
    <time>2026-08-02T17:56:43Z</time>
   </trkpt>
   <trkpt lat="55.5884580" lon="-2.5649670">
    <ele>99.1</ele>
    <time>2026-08-02T17:56:44Z</time>
   </trkpt>
   <trkpt lat="55.5884470" lon="-2.5649860">
    <ele>99.2</ele>
    <time>2026-08-02T17:56:45Z</time>
   </trkpt>
   <trkpt lat="55.5884340" lon="-2.5649800">
    <ele>99.2</ele>
    <time>2026-08-02T17:56:46Z</time>
   </trkpt>
   <trkpt lat="55.5884270" lon="-2.5650040">
    <ele>99.3</ele>
    <time>2026-08-02T17:56:47Z</time>
   </trkpt>
   <trkpt lat="55.5884210" lon="-2.5650170">
    <ele>99.3</ele>
    <time>2026-08-02T17:56:48Z</time>
   </trkpt>
   <trkpt lat="55.5884220" lon="-2.5650300">
    <ele>99.3</ele>
    <time>2026-08-02T17:56:49Z</time>
   </trkpt>
   <trkpt lat="55.5884170" lon="-2.5650500">
    <ele>99.4</ele>
    <time>2026-08-02T17:56:50Z</time>
   </trkpt>
   <trkpt lat="55.5884080" lon="-2.5650530">
    <ele>99.4</ele>
    <time>2026-08-02T17:56:51Z</time>
   </trkpt>
   <trkpt lat="55.5884020" lon="-2.5650610">
    <ele>99.4</ele>
    <time>2026-08-02T17:56:52Z</time>
   </trkpt>
   <trkpt lat="55.5884000" lon="-2.5650930">
    <ele>99.5</ele>
    <time>2026-08-02T17:56:53Z</time>
   </trkpt>
   <trkpt lat="55.5883900" lon="-2.5650960">
    <ele>99.5</ele>
    <time>2026-08-02T17:56:54Z</time>
   </trkpt>
   <trkpt lat="55.5883770" lon="-2.5650770">
    <ele>99.5</ele>
    <time>2026-08-02T17:56:55Z</time>
   </trkpt>
   <trkpt lat="55.5883820" lon="-2.5651000">
    <ele>99.6</ele>
    <time>2026-08-02T17:56:56Z</time>
   </trkpt>
   <trkpt lat="55.5883750" lon="-2.5651210">
    <ele>99.6</ele>
    <time>2026-08-02T17:56:57Z</time>
   </trkpt>
   <trkpt lat="55.5883670" lon="-2.5651410">
    <ele>99.6</ele>
    <time>2026-08-02T17:56:58Z</time>
   </trkpt>
   <trkpt lat="55.5883610" lon="-2.5651600">
    <ele>99.7</ele>
    <time>2026-08-02T17:56:59Z</time>
   </trkpt>
   <trkpt lat="55.5883570" lon="-2.5651760">
    <ele>99.7</ele>
    <time>2026-08-02T17:57:00Z</time>
   </trkpt>
   <trkpt lat="55.5883500" lon="-2.5651880">
    <ele>99.7</ele>
    <time>2026-08-02T17:57:01Z</time>
   </trkpt>
   <trkpt lat="55.5883480" lon="-2.5651890">
    <ele>99.7</ele>
    <time>2026-08-02T17:57:02Z</time>
   </trkpt>
   <trkpt lat="55.5883350" lon="-2.5652140">
    <ele>99.8</ele>
    <time>2026-08-02T17:57:03Z</time>
   </trkpt>
   <trkpt lat="55.5883290" lon="-2.5652240">
    <ele>99.8</ele>
    <time>2026-08-02T17:57:04Z</time>
   </trkpt>
   <trkpt lat="55.5883190" lon="-2.5652420">
    <ele>99.8</ele>
    <time>2026-08-02T17:57:05Z</time>
   </trkpt>
   <trkpt lat="55.5882970" lon="-2.5652470">
    <ele>99.9</ele>
    <time>2026-08-02T17:57:06Z</time>
   </trkpt>
   <trkpt lat="55.5882960" lon="-2.5652630">
    <ele>99.9</ele>
    <time>2026-08-02T17:57:07Z</time>
   </trkpt>
   <trkpt lat="55.5882910" lon="-2.5652770">
    <ele>99.9</ele>
    <time>2026-08-02T17:57:08Z</time>
   </trkpt>
   <trkpt lat="55.5882870" lon="-2.5652890">
    <ele>99.9</ele>
    <time>2026-08-02T17:57:09Z</time>
   </trkpt>
   <trkpt lat="55.5882770" lon="-2.5653010">
    <ele>99.9</ele>
    <time>2026-08-02T17:57:10Z</time>
   </trkpt>
   <trkpt lat="55.5882740" lon="-2.5653150">
    <ele>100.0</ele>
    <time>2026-08-02T17:57:11Z</time>
   </trkpt>
   <trkpt lat="55.5882650" lon="-2.5653240">
    <ele>100.0</ele>
    <time>2026-08-02T17:57:12Z</time>
   </trkpt>
   <trkpt lat="55.5882600" lon="-2.5653430">
    <ele>100.0</ele>
    <time>2026-08-02T17:57:13Z</time>
   </trkpt>
   <trkpt lat="55.5882520" lon="-2.5653520">
    <ele>100.0</ele>
    <time>2026-08-02T17:57:14Z</time>
   </trkpt>
   <trkpt lat="55.5882510" lon="-2.5653540">
    <ele>100.0</ele>
    <time>2026-08-02T17:57:15Z</time>
   </trkpt>
   <trkpt lat="55.5882450" lon="-2.5653770">
    <ele>100.1</ele>
    <time>2026-08-02T17:57:16Z</time>
   </trkpt>
   <trkpt lat="55.5882360" lon="-2.5653910">
    <ele>100.1</ele>
    <time>2026-08-02T17:57:17Z</time>
   </trkpt>
   <trkpt lat="55.5882300" lon="-2.5653990">
    <ele>100.1</ele>
    <time>2026-08-02T17:57:18Z</time>
   </trkpt>
   <trkpt lat="55.5882250" lon="-2.5654120">
    <ele>100.1</ele>
    <time>2026-08-02T17:57:19Z</time>
   </trkpt>
   <trkpt lat="55.5882200" lon="-2.5654280">
    <ele>100.2</ele>
    <time>2026-08-02T17:57:20Z</time>
   </trkpt>
   <trkpt lat="55.5882130" lon="-2.5654430">
    <ele>100.2</ele>
    <time>2026-08-02T17:57:21Z</time>
   </trkpt>
   <trkpt lat="55.5882070" lon="-2.5654560">
    <ele>100.2</ele>
    <time>2026-08-02T17:57:22Z</time>
   </trkpt>
   <trkpt lat="55.5881990" lon="-2.5654690">
    <ele>100.2</ele>
    <time>2026-08-02T17:57:23Z</time>
   </trkpt>
   <trkpt lat="55.5881940" lon="-2.5654830">
    <ele>100.3</ele>
    <time>2026-08-02T17:57:24Z</time>
   </trkpt>
   <trkpt lat="55.5881860" lon="-2.5654990">
    <ele>100.3</ele>
    <time>2026-08-02T17:57:25Z</time>
   </trkpt>
   <trkpt lat="55.5881820" lon="-2.5655110">
    <ele>100.3</ele>
    <time>2026-08-02T17:57:26Z</time>
   </trkpt>
   <trkpt lat="55.5881730" lon="-2.5655220">
    <ele>100.3</ele>
    <time>2026-08-02T17:57:27Z</time>
   </trkpt>
   <trkpt lat="55.5881670" lon="-2.5655250">
    <ele>100.3</ele>
    <time>2026-08-02T17:57:28Z</time>
   </trkpt>
   <trkpt lat="55.5881570" lon="-2.5655340">
    <ele>100.4</ele>
    <time>2026-08-02T17:57:29Z</time>
   </trkpt>
   <trkpt lat="55.5881500" lon="-2.5655460">
    <ele>100.4</ele>
    <time>2026-08-02T17:57:30Z</time>
   </trkpt>
   <trkpt lat="55.5881470" lon="-2.5655750">
    <ele>100.4</ele>
    <time>2026-08-02T17:57:31Z</time>
   </trkpt>
   <trkpt lat="55.5881440" lon="-2.5655900">
    <ele>100.5</ele>
    <time>2026-08-02T17:57:32Z</time>
   </trkpt>
   <trkpt lat="55.5881400" lon="-2.5655920">
    <ele>100.5</ele>
    <time>2026-08-02T17:57:33Z</time>
   </trkpt>
   <trkpt lat="55.5881270" lon="-2.5656080">
    <ele>100.5</ele>
    <time>2026-08-02T17:57:34Z</time>
   </trkpt>
   <trkpt lat="55.5881240" lon="-2.5656190">
    <ele>100.5</ele>
    <time>2026-08-02T17:57:35Z</time>
   </trkpt>
   <trkpt lat="55.5881200" lon="-2.5656290">
    <ele>100.5</ele>
    <time>2026-08-02T17:57:36Z</time>
   </trkpt>
   <trkpt lat="55.5881100" lon="-2.5656410">
    <ele>100.6</ele>
    <time>2026-08-02T17:57:37Z</time>
   </trkpt>
   <trkpt lat="55.5881040" lon="-2.5656580">
    <ele>100.6</ele>
    <time>2026-08-02T17:57:38Z</time>
   </trkpt>
   <trkpt lat="55.5880950" lon="-2.5656740">
    <ele>100.6</ele>
    <time>2026-08-02T17:57:39Z</time>
   </trkpt>
   <trkpt lat="55.5880910" lon="-2.5656810">
    <ele>100.7</ele>
    <time>2026-08-02T17:57:40Z</time>
   </trkpt>
   <trkpt lat="55.5880850" lon="-2.5656960">
    <ele>100.7</ele>
    <time>2026-08-02T17:57:41Z</time>
   </trkpt>
   <trkpt lat="55.5880710" lon="-2.5657070">
    <ele>100.7</ele>
    <time>2026-08-02T17:57:42Z</time>
   </trkpt>
   <trkpt lat="55.5880660" lon="-2.5657240">
    <ele>100.7</ele>
    <time>2026-08-02T17:57:43Z</time>
   </trkpt>
   <trkpt lat="55.5880630" lon="-2.5657320">
    <ele>100.8</ele>
    <time>2026-08-02T17:57:44Z</time>
   </trkpt>
   <trkpt lat="55.5880590" lon="-2.5657480">
    <ele>100.8</ele>
    <time>2026-08-02T17:57:45Z</time>
   </trkpt>
   <trkpt lat="55.5880650" lon="-2.5657550">
    <ele>100.8</ele>
    <time>2026-08-02T17:57:46Z</time>
   </trkpt>
   <trkpt lat="55.5880570" lon="-2.5657750">
    <ele>100.9</ele>
    <time>2026-08-02T17:57:47Z</time>
   </trkpt>
   <trkpt lat="55.5880500" lon="-2.5657810">
    <ele>100.9</ele>
    <time>2026-08-02T17:57:48Z</time>
   </trkpt>
   <trkpt lat="55.5880430" lon="-2.5657930">
    <ele>100.9</ele>
    <time>2026-08-02T17:57:49Z</time>
   </trkpt>
   <trkpt lat="55.5880380" lon="-2.5658100">
    <ele>100.9</ele>
    <time>2026-08-02T17:57:50Z</time>
   </trkpt>
   <trkpt lat="55.5880350" lon="-2.5658180">
    <ele>101.0</ele>
    <time>2026-08-02T17:57:51Z</time>
   </trkpt>
   <trkpt lat="55.5880270" lon="-2.5658250">
    <ele>101.0</ele>
    <time>2026-08-02T17:57:52Z</time>
   </trkpt>
   <trkpt lat="55.5880180" lon="-2.5658360">
    <ele>101.0</ele>
    <time>2026-08-02T17:57:53Z</time>
   </trkpt>
   <trkpt lat="55.5880120" lon="-2.5658450">
    <ele>101.0</ele>
    <time>2026-08-02T17:57:54Z</time>
   </trkpt>
   <trkpt lat="55.5880010" lon="-2.5658430">
    <ele>101.1</ele>
    <time>2026-08-02T17:57:55Z</time>
   </trkpt>
   <trkpt lat="55.5879920" lon="-2.5658630">
    <ele>101.1</ele>
    <time>2026-08-02T17:57:56Z</time>
   </trkpt>
   <trkpt lat="55.5879860" lon="-2.5658790">
    <ele>101.2</ele>
    <time>2026-08-02T17:57:57Z</time>
   </trkpt>
   <trkpt lat="55.5879820" lon="-2.5658870">
    <ele>101.2</ele>
    <time>2026-08-02T17:57:58Z</time>
   </trkpt>
   <trkpt lat="55.5879780" lon="-2.5658980">
    <ele>101.2</ele>
    <time>2026-08-02T17:57:59Z</time>
   </trkpt>
   <trkpt lat="55.5879740" lon="-2.5659110">
    <ele>101.3</ele>
    <time>2026-08-02T17:58:00Z</time>
   </trkpt>
   <trkpt lat="55.5879680" lon="-2.5659250">
    <ele>101.3</ele>
    <time>2026-08-02T17:58:01Z</time>
   </trkpt>
   <trkpt lat="55.5879650" lon="-2.5659360">
    <ele>101.3</ele>
    <time>2026-08-02T17:58:02Z</time>
   </trkpt>
   <trkpt lat="55.5879620" lon="-2.5659480">
    <ele>101.3</ele>
    <time>2026-08-02T17:58:03Z</time>
   </trkpt>
   <trkpt lat="55.5879560" lon="-2.5659580">
    <ele>101.4</ele>
    <time>2026-08-02T17:58:04Z</time>
   </trkpt>
   <trkpt lat="55.5879530" lon="-2.5659670">
    <ele>101.4</ele>
    <time>2026-08-02T17:58:05Z</time>
   </trkpt>
   <trkpt lat="55.5879510" lon="-2.5659680">
    <ele>101.4</ele>
    <time>2026-08-02T17:58:06Z</time>
   </trkpt>
   <trkpt lat="55.5879510" lon="-2.5659800">
    <ele>101.4</ele>
    <time>2026-08-02T17:58:07Z</time>
   </trkpt>
   <trkpt lat="55.5879410" lon="-2.5659920">
    <ele>101.5</ele>
    <time>2026-08-02T17:58:08Z</time>
   </trkpt>
   <trkpt lat="55.5879360" lon="-2.5659840">
    <ele>101.5</ele>
    <time>2026-08-02T17:58:09Z</time>
   </trkpt>
   <trkpt lat="55.5879440" lon="-2.5659770">
    <ele>101.5</ele>
    <time>2026-08-02T17:58:10Z</time>
   </trkpt>
   <trkpt lat="55.5879440" lon="-2.5659760">
    <ele>101.5</ele>
    <time>2026-08-02T17:58:11Z</time>
   </trkpt>
   <trkpt lat="55.5879440" lon="-2.5659770">
    <ele>101.5</ele>
    <time>2026-08-02T17:58:12Z</time>
   </trkpt>
   <trkpt lat="55.5879440" lon="-2.5659770">
    <ele>101.5</ele>
    <time>2026-08-02T17:58:13Z</time>
   </trkpt>
   <trkpt lat="55.5879440" lon="-2.5659770">
    <ele>101.5</ele>
    <time>2026-08-02T17:58:14Z</time>
   </trkpt>
   <trkpt lat="55.5879420" lon="-2.5659540">
    <ele>101.6</ele>
    <time>2026-08-02T17:58:15Z</time>
   </trkpt>
   <trkpt lat="55.5879460" lon="-2.5659460">
    <ele>101.6</ele>
    <time>2026-08-02T17:58:16Z</time>
   </trkpt>
   <trkpt lat="55.5879470" lon="-2.5659460">
    <ele>101.6</ele>
    <time>2026-08-02T17:58:17Z</time>
   </trkpt>
   <trkpt lat="55.5879470" lon="-2.5659700">
    <ele>101.7</ele>
    <time>2026-08-02T17:58:18Z</time>
   </trkpt>
   <trkpt lat="55.5879470" lon="-2.5659710">
    <ele>101.7</ele>
    <time>2026-08-02T17:58:19Z</time>
   </trkpt>
   <trkpt lat="55.5879520" lon="-2.5659710">
    <ele>101.7</ele>
    <time>2026-08-02T17:58:20Z</time>
   </trkpt>
   <trkpt lat="55.5879470" lon="-2.5659690">
    <ele>101.7</ele>
    <time>2026-08-02T17:58:21Z</time>
   </trkpt>
   <trkpt lat="55.5879510" lon="-2.5659670">
    <ele>101.7</ele>
    <time>2026-08-02T17:58:22Z</time>
   </trkpt>
   <trkpt lat="55.5879530" lon="-2.5659710">
    <ele>101.7</ele>
    <time>2026-08-02T17:58:23Z</time>
   </trkpt>
   <trkpt lat="55.5879520" lon="-2.5659700">
    <ele>101.7</ele>
    <time>2026-08-02T17:58:24Z</time>
   </trkpt>
   <trkpt lat="55.5879530" lon="-2.5659750">
    <ele>101.7</ele>
    <time>2026-08-02T17:58:25Z</time>
   </trkpt>
   <trkpt lat="55.5879500" lon="-2.5659730">
    <ele>101.7</ele>
    <time>2026-08-02T17:58:26Z</time>
   </trkpt>
   <trkpt lat="55.5879490" lon="-2.5659790">
    <ele>101.8</ele>
    <time>2026-08-02T17:58:27Z</time>
   </trkpt>
   <trkpt lat="55.5879510" lon="-2.5659770">
    <ele>101.8</ele>
    <time>2026-08-02T17:58:28Z</time>
   </trkpt>
   <trkpt lat="55.5879480" lon="-2.5659780">
    <ele>101.8</ele>
    <time>2026-08-02T17:58:29Z</time>
   </trkpt>
   <trkpt lat="55.5879540" lon="-2.5659690">
    <ele>101.8</ele>
    <time>2026-08-02T17:58:30Z</time>
   </trkpt>
   <trkpt lat="55.5879600" lon="-2.5659530">
    <ele>101.8</ele>
    <time>2026-08-02T17:58:31Z</time>
   </trkpt>
   <trkpt lat="55.5879420" lon="-2.5659230">
    <ele>101.8</ele>
    <time>2026-08-02T17:58:32Z</time>
   </trkpt>
   <trkpt lat="55.5879530" lon="-2.5659310">
    <ele>101.8</ele>
    <time>2026-08-02T17:58:33Z</time>
   </trkpt>
   <trkpt lat="55.5879560" lon="-2.5659360">
    <ele>101.8</ele>
    <time>2026-08-02T17:58:34Z</time>
   </trkpt>
   <trkpt lat="55.5879560" lon="-2.5659360">
    <ele>101.8</ele>
    <time>2026-08-02T17:58:35Z</time>
   </trkpt>
   <trkpt lat="55.5879560" lon="-2.5659360">
    <ele>101.8</ele>
    <time>2026-08-02T17:58:36Z</time>
   </trkpt>
   <trkpt lat="55.5879560" lon="-2.5659360">
    <ele>101.8</ele>
    <time>2026-08-02T17:58:37Z</time>
   </trkpt>
   <trkpt lat="55.5879570" lon="-2.5659330">
    <ele>101.8</ele>
    <time>2026-08-02T17:58:38Z</time>
   </trkpt>
   <trkpt lat="55.5879600" lon="-2.5659410">
    <ele>101.7</ele>
    <time>2026-08-02T17:58:39Z</time>
   </trkpt>
   <trkpt lat="55.5879650" lon="-2.5659290">
    <ele>101.7</ele>
    <time>2026-08-02T17:58:40Z</time>
   </trkpt>
   <trkpt lat="55.5879710" lon="-2.5659160">
    <ele>101.7</ele>
    <time>2026-08-02T17:58:41Z</time>
   </trkpt>
   <trkpt lat="55.5879700" lon="-2.5659090">
    <ele>101.7</ele>
    <time>2026-08-02T17:58:42Z</time>
   </trkpt>
   <trkpt lat="55.5879770" lon="-2.5659050">
    <ele>101.6</ele>
    <time>2026-08-02T17:58:43Z</time>
   </trkpt>
   <trkpt lat="55.5879810" lon="-2.5659020">
    <ele>101.6</ele>
    <time>2026-08-02T17:58:44Z</time>
   </trkpt>
   <trkpt lat="55.5879800" lon="-2.5659040">
    <ele>101.6</ele>
    <time>2026-08-02T17:58:45Z</time>
   </trkpt>
   <trkpt lat="55.5879810" lon="-2.5659040">
    <ele>101.6</ele>
    <time>2026-08-02T17:58:46Z</time>
   </trkpt>
   <trkpt lat="55.5879810" lon="-2.5659040">
    <ele>101.6</ele>
    <time>2026-08-02T17:58:47Z</time>
   </trkpt>
   <trkpt lat="55.5879860" lon="-2.5658950">
    <ele>101.6</ele>
    <time>2026-08-02T17:58:48Z</time>
   </trkpt>
   <trkpt lat="55.5879930" lon="-2.5658810">
    <ele>101.5</ele>
    <time>2026-08-02T17:58:49Z</time>
   </trkpt>
   <trkpt lat="55.5879990" lon="-2.5658800">
    <ele>101.5</ele>
    <time>2026-08-02T17:58:50Z</time>
   </trkpt>
   <trkpt lat="55.5880090" lon="-2.5658620">
    <ele>101.5</ele>
    <time>2026-08-02T17:58:51Z</time>
   </trkpt>
   <trkpt lat="55.5880070" lon="-2.5658550">
    <ele>101.4</ele>
    <time>2026-08-02T17:58:52Z</time>
   </trkpt>
   <trkpt lat="55.5880110" lon="-2.5658470">
    <ele>101.4</ele>
    <time>2026-08-02T17:58:53Z</time>
   </trkpt>
   <trkpt lat="55.5880190" lon="-2.5658270">
    <ele>101.4</ele>
    <time>2026-08-02T17:58:54Z</time>
   </trkpt>
   <trkpt lat="55.5880190" lon="-2.5658270">
    <ele>101.4</ele>
    <time>2026-08-02T17:58:55Z</time>
   </trkpt>
   <trkpt lat="55.5880270" lon="-2.5658180">
    <ele>101.3</ele>
    <time>2026-08-02T17:58:56Z</time>
   </trkpt>
   <trkpt lat="55.5880320" lon="-2.5658090">
    <ele>101.3</ele>
    <time>2026-08-02T17:58:57Z</time>
   </trkpt>
   <trkpt lat="55.5880390" lon="-2.5658020">
    <ele>101.3</ele>
    <time>2026-08-02T17:58:58Z</time>
   </trkpt>
   <trkpt lat="55.5880420" lon="-2.5657910">
    <ele>101.2</ele>
    <time>2026-08-02T17:58:59Z</time>
   </trkpt>
   <trkpt lat="55.5880520" lon="-2.5657650">
    <ele>101.2</ele>
    <time>2026-08-02T17:59:00Z</time>
   </trkpt>
   <trkpt lat="55.5880560" lon="-2.5657600">
    <ele>101.1</ele>
    <time>2026-08-02T17:59:01Z</time>
   </trkpt>
   <trkpt lat="55.5880650" lon="-2.5657490">
    <ele>101.1</ele>
    <time>2026-08-02T17:59:02Z</time>
   </trkpt>
   <trkpt lat="55.5880700" lon="-2.5657410">
    <ele>101.1</ele>
    <time>2026-08-02T17:59:03Z</time>
   </trkpt>
   <trkpt lat="55.5880790" lon="-2.5657260">
    <ele>101.0</ele>
    <time>2026-08-02T17:59:04Z</time>
   </trkpt>
   <trkpt lat="55.5880840" lon="-2.5657050">
    <ele>101.0</ele>
    <time>2026-08-02T17:59:05Z</time>
   </trkpt>
   <trkpt lat="55.5880900" lon="-2.5657010">
    <ele>101.0</ele>
    <time>2026-08-02T17:59:06Z</time>
   </trkpt>
   <trkpt lat="55.5880940" lon="-2.5656860">
    <ele>100.9</ele>
    <time>2026-08-02T17:59:07Z</time>
   </trkpt>
   <trkpt lat="55.5880990" lon="-2.5656730">
    <ele>100.9</ele>
    <time>2026-08-02T17:59:08Z</time>
   </trkpt>
   <trkpt lat="55.5881050" lon="-2.5656620">
    <ele>100.9</ele>
    <time>2026-08-02T17:59:09Z</time>
   </trkpt>
   <trkpt lat="55.5881150" lon="-2.5656460">
    <ele>100.8</ele>
    <time>2026-08-02T17:59:10Z</time>
   </trkpt>
   <trkpt lat="55.5881200" lon="-2.5656340">
    <ele>100.8</ele>
    <time>2026-08-02T17:59:11Z</time>
   </trkpt>
   <trkpt lat="55.5881270" lon="-2.5656260">
    <ele>100.8</ele>
    <time>2026-08-02T17:59:12Z</time>
   </trkpt>
   <trkpt lat="55.5881320" lon="-2.5656100">
    <ele>100.8</ele>
    <time>2026-08-02T17:59:13Z</time>
   </trkpt>
   <trkpt lat="55.5881340" lon="-2.5655940">
    <ele>100.7</ele>
    <time>2026-08-02T17:59:14Z</time>
   </trkpt>
   <trkpt lat="55.5881410" lon="-2.5655800">
    <ele>100.7</ele>
    <time>2026-08-02T17:59:15Z</time>
   </trkpt>
   <trkpt lat="55.5881480" lon="-2.5655700">
    <ele>100.7</ele>
    <time>2026-08-02T17:59:16Z</time>
   </trkpt>
   <trkpt lat="55.5881550" lon="-2.5655630">
    <ele>100.7</ele>
    <time>2026-08-02T17:59:17Z</time>
   </trkpt>
   <trkpt lat="55.5881660" lon="-2.5655570">
    <ele>100.6</ele>
    <time>2026-08-02T17:59:18Z</time>
   </trkpt>
   <trkpt lat="55.5881720" lon="-2.5655510">
    <ele>100.6</ele>
    <time>2026-08-02T17:59:19Z</time>
   </trkpt>
   <trkpt lat="55.5881730" lon="-2.5655390">
    <ele>100.6</ele>
    <time>2026-08-02T17:59:20Z</time>
   </trkpt>
   <trkpt lat="55.5881830" lon="-2.5655330">
    <ele>100.6</ele>
    <time>2026-08-02T17:59:21Z</time>
   </trkpt>
   <trkpt lat="55.5881900" lon="-2.5655180">
    <ele>100.5</ele>
    <time>2026-08-02T17:59:22Z</time>
   </trkpt>
   <trkpt lat="55.5881960" lon="-2.5655070">
    <ele>100.5</ele>
    <time>2026-08-02T17:59:23Z</time>
   </trkpt>
   <trkpt lat="55.5882010" lon="-2.5654930">
    <ele>100.5</ele>
    <time>2026-08-02T17:59:24Z</time>
   </trkpt>
   <trkpt lat="55.5882070" lon="-2.5654770">
    <ele>100.5</ele>
    <time>2026-08-02T17:59:25Z</time>
   </trkpt>
   <trkpt lat="55.5882060" lon="-2.5654700">
    <ele>100.5</ele>
    <time>2026-08-02T17:59:26Z</time>
   </trkpt>
   <trkpt lat="55.5882190" lon="-2.5654520">
    <ele>100.4</ele>
    <time>2026-08-02T17:59:27Z</time>
   </trkpt>
   <trkpt lat="55.5882230" lon="-2.5654420">
    <ele>100.4</ele>
    <time>2026-08-02T17:59:28Z</time>
   </trkpt>
   <trkpt lat="55.5882350" lon="-2.5654160">
    <ele>100.3</ele>
    <time>2026-08-02T17:59:29Z</time>
   </trkpt>
   <trkpt lat="55.5882360" lon="-2.5654040">
    <ele>100.3</ele>
    <time>2026-08-02T17:59:30Z</time>
   </trkpt>
   <trkpt lat="55.5882380" lon="-2.5654000">
    <ele>100.3</ele>
    <time>2026-08-02T17:59:31Z</time>
   </trkpt>
   <trkpt lat="55.5882450" lon="-2.5653800">
    <ele>100.3</ele>
    <time>2026-08-02T17:59:32Z</time>
   </trkpt>
   <trkpt lat="55.5882470" lon="-2.5653770">
    <ele>100.3</ele>
    <time>2026-08-02T17:59:33Z</time>
   </trkpt>
   <trkpt lat="55.5882580" lon="-2.5653680">
    <ele>100.2</ele>
    <time>2026-08-02T17:59:34Z</time>
   </trkpt>
   <trkpt lat="55.5882700" lon="-2.5653430">
    <ele>100.2</ele>
    <time>2026-08-02T17:59:35Z</time>
   </trkpt>
   <trkpt lat="55.5882770" lon="-2.5653350">
    <ele>100.2</ele>
    <time>2026-08-02T17:59:36Z</time>
   </trkpt>
   <trkpt lat="55.5882780" lon="-2.5653140">
    <ele>100.2</ele>
    <time>2026-08-02T17:59:37Z</time>
   </trkpt>
   <trkpt lat="55.5882840" lon="-2.5653070">
    <ele>100.1</ele>
    <time>2026-08-02T17:59:38Z</time>
   </trkpt>
   <trkpt lat="55.5883090" lon="-2.5653110">
    <ele>100.1</ele>
    <time>2026-08-02T17:59:39Z</time>
   </trkpt>
   <trkpt lat="55.5883070" lon="-2.5652840">
    <ele>100.0</ele>
    <time>2026-08-02T17:59:40Z</time>
   </trkpt>
   <trkpt lat="55.5883090" lon="-2.5652680">
    <ele>100.0</ele>
    <time>2026-08-02T17:59:41Z</time>
   </trkpt>
   <trkpt lat="55.5883140" lon="-2.5652550">
    <ele>100.0</ele>
    <time>2026-08-02T17:59:42Z</time>
   </trkpt>
   <trkpt lat="55.5883190" lon="-2.5652440">
    <ele>100.0</ele>
    <time>2026-08-02T17:59:43Z</time>
   </trkpt>
   <trkpt lat="55.5883190" lon="-2.5652530">
    <ele>100.0</ele>
    <time>2026-08-02T17:59:44Z</time>
   </trkpt>
   <trkpt lat="55.5883270" lon="-2.5652400">
    <ele>99.9</ele>
    <time>2026-08-02T17:59:45Z</time>
   </trkpt>
   <trkpt lat="55.5883290" lon="-2.5652340">
    <ele>99.9</ele>
    <time>2026-08-02T17:59:46Z</time>
   </trkpt>
   <trkpt lat="55.5883320" lon="-2.5652320">
    <ele>99.9</ele>
    <time>2026-08-02T17:59:47Z</time>
   </trkpt>
   <trkpt lat="55.5883370" lon="-2.5652120">
    <ele>99.9</ele>
    <time>2026-08-02T17:59:48Z</time>
   </trkpt>
   <trkpt lat="55.5883430" lon="-2.5651850">
    <ele>99.9</ele>
    <time>2026-08-02T17:59:49Z</time>
   </trkpt>
   <trkpt lat="55.5883530" lon="-2.5651780">
    <ele>99.8</ele>
    <time>2026-08-02T17:59:50Z</time>
   </trkpt>
   <trkpt lat="55.5883570" lon="-2.5651770">
    <ele>99.8</ele>
    <time>2026-08-02T17:59:51Z</time>
   </trkpt>
   <trkpt lat="55.5883610" lon="-2.5651640">
    <ele>99.8</ele>
    <time>2026-08-02T17:59:52Z</time>
   </trkpt>
   <trkpt lat="55.5883660" lon="-2.5651530">
    <ele>99.8</ele>
    <time>2026-08-02T17:59:53Z</time>
   </trkpt>
   <trkpt lat="55.5883740" lon="-2.5651410">
    <ele>99.8</ele>
    <time>2026-08-02T17:59:54Z</time>
   </trkpt>
   <trkpt lat="55.5883780" lon="-2.5651300">
    <ele>99.7</ele>
    <time>2026-08-02T17:59:55Z</time>
   </trkpt>
   <trkpt lat="55.5883820" lon="-2.5651220">
    <ele>99.7</ele>
    <time>2026-08-02T17:59:56Z</time>
   </trkpt>
   <trkpt lat="55.5883870" lon="-2.5651080">
    <ele>99.7</ele>
    <time>2026-08-02T17:59:57Z</time>
   </trkpt>
   <trkpt lat="55.5883960" lon="-2.5650970">
    <ele>99.7</ele>
    <time>2026-08-02T17:59:58Z</time>
   </trkpt>
   <trkpt lat="55.5884010" lon="-2.5650830">
    <ele>99.7</ele>
    <time>2026-08-02T17:59:59Z</time>
   </trkpt>
   <trkpt lat="55.5884090" lon="-2.5650740">
    <ele>99.6</ele>
    <time>2026-08-02T18:00:00Z</time>
   </trkpt>
   <trkpt lat="55.5884160" lon="-2.5650670">
    <ele>99.6</ele>
    <time>2026-08-02T18:00:01Z</time>
   </trkpt>
   <trkpt lat="55.5884210" lon="-2.5650470">
    <ele>99.6</ele>
    <time>2026-08-02T18:00:02Z</time>
   </trkpt>
   <trkpt lat="55.5884300" lon="-2.5650360">
    <ele>99.5</ele>
    <time>2026-08-02T18:00:03Z</time>
   </trkpt>
   <trkpt lat="55.5884380" lon="-2.5650110">
    <ele>99.5</ele>
    <time>2026-08-02T18:00:04Z</time>
   </trkpt>
   <trkpt lat="55.5884440" lon="-2.5649990">
    <ele>99.5</ele>
    <time>2026-08-02T18:00:05Z</time>
   </trkpt>
   <trkpt lat="55.5884500" lon="-2.5649890">
    <ele>99.4</ele>
    <time>2026-08-02T18:00:06Z</time>
   </trkpt>
   <trkpt lat="55.5884570" lon="-2.5649980">
    <ele>99.4</ele>
    <time>2026-08-02T18:00:07Z</time>
   </trkpt>
   <trkpt lat="55.5884590" lon="-2.5649750">
    <ele>99.4</ele>
    <time>2026-08-02T18:00:08Z</time>
   </trkpt>
   <trkpt lat="55.5884680" lon="-2.5649820">
    <ele>99.4</ele>
    <time>2026-08-02T18:00:09Z</time>
   </trkpt>
   <trkpt lat="55.5884460" lon="-2.5649350">
    <ele>99.3</ele>
    <time>2026-08-02T18:00:10Z</time>
   </trkpt>
   <trkpt lat="55.5884530" lon="-2.5649260">
    <ele>99.2</ele>
    <time>2026-08-02T18:00:11Z</time>
   </trkpt>
   <trkpt lat="55.5884650" lon="-2.5649140">
    <ele>99.2</ele>
    <time>2026-08-02T18:00:12Z</time>
   </trkpt>
   <trkpt lat="55.5884720" lon="-2.5649090">
    <ele>99.2</ele>
    <time>2026-08-02T18:00:13Z</time>
   </trkpt>
   <trkpt lat="55.5884810" lon="-2.5648990">
    <ele>99.1</ele>
    <time>2026-08-02T18:00:14Z</time>
   </trkpt>
   <trkpt lat="55.5884840" lon="-2.5648980">
    <ele>99.1</ele>
    <time>2026-08-02T18:00:15Z</time>
   </trkpt>
   <trkpt lat="55.5884920" lon="-2.5649050">
    <ele>99.1</ele>
    <time>2026-08-02T18:00:16Z</time>
   </trkpt>
   <trkpt lat="55.5885020" lon="-2.5649190">
    <ele>99.1</ele>
    <time>2026-08-02T18:00:17Z</time>
   </trkpt>
   <trkpt lat="55.5885030" lon="-2.5649260">
    <ele>99.0</ele>
    <time>2026-08-02T18:00:18Z</time>
   </trkpt>
   <trkpt lat="55.5885020" lon="-2.5649250">
    <ele>99.0</ele>
    <time>2026-08-02T18:00:19Z</time>
   </trkpt>
   <trkpt lat="55.5885030" lon="-2.5649240">
    <ele>99.0</ele>
    <time>2026-08-02T18:00:20Z</time>
   </trkpt>
   <trkpt lat="55.5885020" lon="-2.5649280">
    <ele>99.0</ele>
    <time>2026-08-02T18:00:21Z</time>
   </trkpt>
   <trkpt lat="55.5885090" lon="-2.5649170">
    <ele>99.0</ele>
    <time>2026-08-02T18:00:22Z</time>
   </trkpt>
   <trkpt lat="55.5885060" lon="-2.5649060">
    <ele>99.0</ele>
    <time>2026-08-02T18:00:23Z</time>
   </trkpt>
   <trkpt lat="55.5885120" lon="-2.5648880">
    <ele>98.9</ele>
    <time>2026-08-02T18:00:24Z</time>
   </trkpt>
   <trkpt lat="55.5885140" lon="-2.5648730">
    <ele>98.9</ele>
    <time>2026-08-02T18:00:25Z</time>
   </trkpt>
   <trkpt lat="55.5885560" lon="-2.5648830">
    <ele>98.8</ele>
    <time>2026-08-02T18:00:26Z</time>
   </trkpt>
   <trkpt lat="55.5885170" lon="-2.5648320">
    <ele>98.7</ele>
    <time>2026-08-02T18:00:27Z</time>
   </trkpt>
   <trkpt lat="55.5885160" lon="-2.5648270">
    <ele>98.7</ele>
    <time>2026-08-02T18:00:28Z</time>
   </trkpt>
   <trkpt lat="55.5885150" lon="-2.5648210">
    <ele>98.7</ele>
    <time>2026-08-02T18:00:29Z</time>
   </trkpt>
   <trkpt lat="55.5885100" lon="-2.5648230">
    <ele>98.6</ele>
    <time>2026-08-02T18:00:30Z</time>
   </trkpt>
   <trkpt lat="55.5885100" lon="-2.5648220">
    <ele>98.6</ele>
    <time>2026-08-02T18:00:31Z</time>
   </trkpt>
   <trkpt lat="55.5885090" lon="-2.5648250">
    <ele>98.6</ele>
    <time>2026-08-02T18:00:32Z</time>
   </trkpt>
   <trkpt lat="55.5885080" lon="-2.5648240">
    <ele>98.6</ele>
    <time>2026-08-02T18:00:33Z</time>
   </trkpt>
   <trkpt lat="55.5885090" lon="-2.5648230">
    <ele>98.6</ele>
    <time>2026-08-02T18:00:34Z</time>
   </trkpt>
   <trkpt lat="55.5885100" lon="-2.5648270">
    <ele>98.6</ele>
    <time>2026-08-02T18:00:35Z</time>
   </trkpt>
   <trkpt lat="55.5885120" lon="-2.5648290">
    <ele>98.6</ele>
    <time>2026-08-02T18:00:36Z</time>
   </trkpt>
   <trkpt lat="55.5885150" lon="-2.5648320">
    <ele>98.6</ele>
    <time>2026-08-02T18:00:37Z</time>
   </trkpt>
   <trkpt lat="55.5885180" lon="-2.5648260">
    <ele>98.6</ele>
    <time>2026-08-02T18:00:38Z</time>
   </trkpt>
   <trkpt lat="55.5885250" lon="-2.5648330">
    <ele>98.6</ele>
    <time>2026-08-02T18:00:39Z</time>
   </trkpt>
   <trkpt lat="55.5885220" lon="-2.5648170">
    <ele>98.5</ele>
    <time>2026-08-02T18:00:40Z</time>
   </trkpt>
   <trkpt lat="55.5885340" lon="-2.5647870">
    <ele>98.5</ele>
    <time>2026-08-02T18:00:41Z</time>
   </trkpt>
   <trkpt lat="55.5885400" lon="-2.5647910">
    <ele>98.5</ele>
    <time>2026-08-02T18:00:42Z</time>
   </trkpt>
   <trkpt lat="55.5885430" lon="-2.5647830">
    <ele>98.5</ele>
    <time>2026-08-02T18:00:43Z</time>
   </trkpt>
   <trkpt lat="55.5885450" lon="-2.5647780">
    <ele>98.5</ele>
    <time>2026-08-02T18:00:44Z</time>
   </trkpt>
   <trkpt lat="55.5885490" lon="-2.5647670">
    <ele>98.4</ele>
    <time>2026-08-02T18:00:45Z</time>
   </trkpt>
   <trkpt lat="55.5885600" lon="-2.5647510">
    <ele>98.4</ele>
    <time>2026-08-02T18:00:46Z</time>
   </trkpt>
   <trkpt lat="55.5885660" lon="-2.5647410">
    <ele>98.4</ele>
    <time>2026-08-02T18:00:47Z</time>
   </trkpt>
   <trkpt lat="55.5885720" lon="-2.5647140">
    <ele>98.4</ele>
    <time>2026-08-02T18:00:48Z</time>
   </trkpt>
   <trkpt lat="55.5885810" lon="-2.5647510">
    <ele>98.3</ele>
    <time>2026-08-02T18:00:49Z</time>
   </trkpt>
   <trkpt lat="55.5885850" lon="-2.5647240">
    <ele>98.3</ele>
    <time>2026-08-02T18:00:50Z</time>
   </trkpt>
   <trkpt lat="55.5885890" lon="-2.5647040">
    <ele>98.2</ele>
    <time>2026-08-02T18:00:51Z</time>
   </trkpt>
   <trkpt lat="55.5885920" lon="-2.5647030">
    <ele>98.2</ele>
    <time>2026-08-02T18:00:52Z</time>
   </trkpt>
   <trkpt lat="55.5885980" lon="-2.5646870">
    <ele>98.2</ele>
    <time>2026-08-02T18:00:53Z</time>
   </trkpt>
   <trkpt lat="55.5886030" lon="-2.5646710">
    <ele>98.2</ele>
    <time>2026-08-02T18:00:54Z</time>
   </trkpt>
   <trkpt lat="55.5886110" lon="-2.5646570">
    <ele>98.2</ele>
    <time>2026-08-02T18:00:55Z</time>
   </trkpt>
   <trkpt lat="55.5886150" lon="-2.5646480">
    <ele>98.1</ele>
    <time>2026-08-02T18:00:56Z</time>
   </trkpt>
   <trkpt lat="55.5886220" lon="-2.5646420">
    <ele>98.1</ele>
    <time>2026-08-02T18:00:57Z</time>
   </trkpt>
   <trkpt lat="55.5886330" lon="-2.5646270">
    <ele>98.1</ele>
    <time>2026-08-02T18:00:58Z</time>
   </trkpt>
   <trkpt lat="55.5886340" lon="-2.5646200">
    <ele>98.1</ele>
    <time>2026-08-02T18:00:59Z</time>
   </trkpt>
   <trkpt lat="55.5886440" lon="-2.5646070">
    <ele>98.0</ele>
    <time>2026-08-02T18:01:00Z</time>
   </trkpt>
   <trkpt lat="55.5886470" lon="-2.5645920">
    <ele>98.0</ele>
    <time>2026-08-02T18:01:01Z</time>
   </trkpt>
   <trkpt lat="55.5886540" lon="-2.5645770">
    <ele>98.0</ele>
    <time>2026-08-02T18:01:02Z</time>
   </trkpt>
   <trkpt lat="55.5886580" lon="-2.5645660">
    <ele>98.0</ele>
    <time>2026-08-02T18:01:03Z</time>
   </trkpt>
   <trkpt lat="55.5886640" lon="-2.5645530">
    <ele>98.0</ele>
    <time>2026-08-02T18:01:04Z</time>
   </trkpt>
   <trkpt lat="55.5886740" lon="-2.5645330">
    <ele>97.9</ele>
    <time>2026-08-02T18:01:05Z</time>
   </trkpt>
   <trkpt lat="55.5886800" lon="-2.5645250">
    <ele>97.9</ele>
    <time>2026-08-02T18:01:06Z</time>
   </trkpt>
   <trkpt lat="55.5886840" lon="-2.5645140">
    <ele>97.9</ele>
    <time>2026-08-02T18:01:07Z</time>
   </trkpt>
   <trkpt lat="55.5886920" lon="-2.5645040">
    <ele>97.9</ele>
    <time>2026-08-02T18:01:08Z</time>
   </trkpt>
   <trkpt lat="55.5886980" lon="-2.5644920">
    <ele>97.9</ele>
    <time>2026-08-02T18:01:09Z</time>
   </trkpt>
   <trkpt lat="55.5887020" lon="-2.5644820">
    <ele>97.8</ele>
    <time>2026-08-02T18:01:10Z</time>
   </trkpt>
   <trkpt lat="55.5887110" lon="-2.5644700">
    <ele>97.8</ele>
    <time>2026-08-02T18:01:11Z</time>
   </trkpt>
   <trkpt lat="55.5887150" lon="-2.5644520">
    <ele>97.8</ele>
    <time>2026-08-02T18:01:12Z</time>
   </trkpt>
   <trkpt lat="55.5887220" lon="-2.5644410">
    <ele>97.8</ele>
    <time>2026-08-02T18:01:13Z</time>
   </trkpt>
   <trkpt lat="55.5887290" lon="-2.5644250">
    <ele>97.8</ele>
    <time>2026-08-02T18:01:14Z</time>
   </trkpt>
   <trkpt lat="55.5887350" lon="-2.5644160">
    <ele>97.8</ele>
    <time>2026-08-02T18:01:15Z</time>
   </trkpt>
   <trkpt lat="55.5887430" lon="-2.5644130">
    <ele>97.8</ele>
    <time>2026-08-02T18:01:16Z</time>
   </trkpt>
   <trkpt lat="55.5887460" lon="-2.5644040">
    <ele>97.7</ele>
    <time>2026-08-02T18:01:17Z</time>
   </trkpt>
   <trkpt lat="55.5887520" lon="-2.5643900">
    <ele>97.7</ele>
    <time>2026-08-02T18:01:18Z</time>
   </trkpt>
   <trkpt lat="55.5887560" lon="-2.5643700">
    <ele>97.7</ele>
    <time>2026-08-02T18:01:19Z</time>
   </trkpt>
   <trkpt lat="55.5887640" lon="-2.5643500">
    <ele>97.7</ele>
    <time>2026-08-02T18:01:20Z</time>
   </trkpt>
   <trkpt lat="55.5887730" lon="-2.5643340">
    <ele>97.7</ele>
    <time>2026-08-02T18:01:21Z</time>
   </trkpt>
   <trkpt lat="55.5887790" lon="-2.5643250">
    <ele>97.7</ele>
    <time>2026-08-02T18:01:22Z</time>
   </trkpt>
   <trkpt lat="55.5887900" lon="-2.5642680">
    <ele>97.6</ele>
    <time>2026-08-02T18:01:23Z</time>
   </trkpt>
   <trkpt lat="55.5887960" lon="-2.5642750">
    <ele>97.6</ele>
    <time>2026-08-02T18:01:24Z</time>
   </trkpt>
   <trkpt lat="55.5888040" lon="-2.5642640">
    <ele>97.6</ele>
    <time>2026-08-02T18:01:25Z</time>
   </trkpt>
   <trkpt lat="55.5888100" lon="-2.5642470">
    <ele>97.6</ele>
    <time>2026-08-02T18:01:26Z</time>
   </trkpt>
   <trkpt lat="55.5888130" lon="-2.5642520">
    <ele>97.6</ele>
    <time>2026-08-02T18:01:27Z</time>
   </trkpt>
   <trkpt lat="55.5888160" lon="-2.5642360">
    <ele>97.6</ele>
    <time>2026-08-02T18:01:28Z</time>
   </trkpt>
   <trkpt lat="55.5888240" lon="-2.5642240">
    <ele>97.6</ele>
    <time>2026-08-02T18:01:29Z</time>
   </trkpt>
   <trkpt lat="55.5888270" lon="-2.5642130">
    <ele>97.5</ele>
    <time>2026-08-02T18:01:30Z</time>
   </trkpt>
   <trkpt lat="55.5888330" lon="-2.5641960">
    <ele>97.5</ele>
    <time>2026-08-02T18:01:31Z</time>
   </trkpt>
   <trkpt lat="55.5888390" lon="-2.5641810">
    <ele>97.5</ele>
    <time>2026-08-02T18:01:32Z</time>
   </trkpt>
   <trkpt lat="55.5888460" lon="-2.5641720">
    <ele>97.5</ele>
    <time>2026-08-02T18:01:33Z</time>
   </trkpt>
   <trkpt lat="55.5888500" lon="-2.5641590">
    <ele>97.5</ele>
    <time>2026-08-02T18:01:34Z</time>
   </trkpt>
   <trkpt lat="55.5888540" lon="-2.5641460">
    <ele>97.5</ele>
    <time>2026-08-02T18:01:35Z</time>
   </trkpt>
   <trkpt lat="55.5888620" lon="-2.5641310">
    <ele>97.5</ele>
    <time>2026-08-02T18:01:36Z</time>
   </trkpt>
   <trkpt lat="55.5888700" lon="-2.5641270">
    <ele>97.5</ele>
    <time>2026-08-02T18:01:37Z</time>
   </trkpt>
   <trkpt lat="55.5888760" lon="-2.5641120">
    <ele>97.5</ele>
    <time>2026-08-02T18:01:38Z</time>
   </trkpt>
   <trkpt lat="55.5888840" lon="-2.5641010">
    <ele>97.5</ele>
    <time>2026-08-02T18:01:39Z</time>
   </trkpt>
   <trkpt lat="55.5888910" lon="-2.5640850">
    <ele>97.5</ele>
    <time>2026-08-02T18:01:40Z</time>
   </trkpt>
   <trkpt lat="55.5888970" lon="-2.5640720">
    <ele>97.5</ele>
    <time>2026-08-02T18:01:41Z</time>
   </trkpt>
   <trkpt lat="55.5888970" lon="-2.5640520">
    <ele>97.5</ele>
    <time>2026-08-02T18:01:42Z</time>
   </trkpt>
   <trkpt lat="55.5889010" lon="-2.5640400">
    <ele>97.5</ele>
    <time>2026-08-02T18:01:43Z</time>
   </trkpt>
   <trkpt lat="55.5889160" lon="-2.5640120">
    <ele>97.4</ele>
    <time>2026-08-02T18:01:44Z</time>
   </trkpt>
   <trkpt lat="55.5889210" lon="-2.5640100">
    <ele>97.4</ele>
    <time>2026-08-02T18:01:45Z</time>
   </trkpt>
   <trkpt lat="55.5889290" lon="-2.5639960">
    <ele>97.4</ele>
    <time>2026-08-02T18:01:46Z</time>
   </trkpt>
   <trkpt lat="55.5889320" lon="-2.5639920">
    <ele>97.4</ele>
    <time>2026-08-02T18:01:47Z</time>
   </trkpt>
   <trkpt lat="55.5889220" lon="-2.5640100">
    <ele>97.4</ele>
    <time>2026-08-02T18:01:48Z</time>
   </trkpt>
   <trkpt lat="55.5889230" lon="-2.5640380">
    <ele>97.4</ele>
    <time>2026-08-02T18:01:49Z</time>
   </trkpt>
   <trkpt lat="55.5889490" lon="-2.5639900">
    <ele>97.4</ele>
    <time>2026-08-02T18:01:50Z</time>
   </trkpt>
   <trkpt lat="55.5889590" lon="-2.5639670">
    <ele>97.4</ele>
    <time>2026-08-02T18:01:51Z</time>
   </trkpt>
   <trkpt lat="55.5889650" lon="-2.5639530">
    <ele>97.4</ele>
    <time>2026-08-02T18:01:52Z</time>
   </trkpt>
   <trkpt lat="55.5889750" lon="-2.5639380">
    <ele>97.4</ele>
    <time>2026-08-02T18:01:53Z</time>
   </trkpt>
   <trkpt lat="55.5889800" lon="-2.5639250">
    <ele>97.4</ele>
    <time>2026-08-02T18:01:54Z</time>
   </trkpt>
   <trkpt lat="55.5889890" lon="-2.5639100">
    <ele>97.4</ele>
    <time>2026-08-02T18:01:55Z</time>
   </trkpt>
   <trkpt lat="55.5889980" lon="-2.5638900">
    <ele>97.4</ele>
    <time>2026-08-02T18:01:56Z</time>
   </trkpt>
   <trkpt lat="55.5890050" lon="-2.5638770">
    <ele>97.4</ele>
    <time>2026-08-02T18:01:57Z</time>
   </trkpt>
   <trkpt lat="55.5890110" lon="-2.5638500">
    <ele>97.4</ele>
    <time>2026-08-02T18:01:58Z</time>
   </trkpt>
   <trkpt lat="55.5890140" lon="-2.5638380">
    <ele>97.4</ele>
    <time>2026-08-02T18:01:59Z</time>
   </trkpt>
   <trkpt lat="55.5890230" lon="-2.5638240">
    <ele>97.4</ele>
    <time>2026-08-02T18:02:00Z</time>
   </trkpt>
   <trkpt lat="55.5890370" lon="-2.5638130">
    <ele>97.4</ele>
    <time>2026-08-02T18:02:01Z</time>
   </trkpt>
   <trkpt lat="55.5890450" lon="-2.5638030">
    <ele>97.4</ele>
    <time>2026-08-02T18:02:02Z</time>
   </trkpt>
   <trkpt lat="55.5890500" lon="-2.5637890">
    <ele>97.4</ele>
    <time>2026-08-02T18:02:03Z</time>
   </trkpt>
   <trkpt lat="55.5890550" lon="-2.5637760">
    <ele>97.4</ele>
    <time>2026-08-02T18:02:04Z</time>
   </trkpt>
   <trkpt lat="55.5890650" lon="-2.5637620">
    <ele>97.4</ele>
    <time>2026-08-02T18:02:05Z</time>
   </trkpt>
   <trkpt lat="55.5890760" lon="-2.5637430">
    <ele>97.4</ele>
    <time>2026-08-02T18:02:06Z</time>
   </trkpt>
   <trkpt lat="55.5890830" lon="-2.5637370">
    <ele>97.4</ele>
    <time>2026-08-02T18:02:07Z</time>
   </trkpt>
   <trkpt lat="55.5890890" lon="-2.5637280">
    <ele>97.4</ele>
    <time>2026-08-02T18:02:08Z</time>
   </trkpt>
   <trkpt lat="55.5891010" lon="-2.5637150">
    <ele>97.4</ele>
    <time>2026-08-02T18:02:09Z</time>
   </trkpt>
   <trkpt lat="55.5891120" lon="-2.5636970">
    <ele>97.4</ele>
    <time>2026-08-02T18:02:10Z</time>
   </trkpt>
   <trkpt lat="55.5891100" lon="-2.5636740">
    <ele>97.4</ele>
    <time>2026-08-02T18:02:11Z</time>
   </trkpt>
   <trkpt lat="55.5891200" lon="-2.5636600">
    <ele>97.3</ele>
    <time>2026-08-02T18:02:12Z</time>
   </trkpt>
   <trkpt lat="55.5891250" lon="-2.5636440">
    <ele>97.3</ele>
    <time>2026-08-02T18:02:13Z</time>
   </trkpt>
   <trkpt lat="55.5891310" lon="-2.5636290">
    <ele>97.3</ele>
    <time>2026-08-02T18:02:14Z</time>
   </trkpt>
   <trkpt lat="55.5891320" lon="-2.5636220">
    <ele>97.3</ele>
    <time>2026-08-02T18:02:15Z</time>
   </trkpt>
   <trkpt lat="55.5891380" lon="-2.5636140">
    <ele>97.3</ele>
    <time>2026-08-02T18:02:16Z</time>
   </trkpt>
   <trkpt lat="55.5891460" lon="-2.5636050">
    <ele>97.3</ele>
    <time>2026-08-02T18:02:17Z</time>
   </trkpt>
   <trkpt lat="55.5891460" lon="-2.5635950">
    <ele>97.3</ele>
    <time>2026-08-02T18:02:18Z</time>
   </trkpt>
   <trkpt lat="55.5891540" lon="-2.5635840">
    <ele>97.3</ele>
    <time>2026-08-02T18:02:19Z</time>
   </trkpt>
   <trkpt lat="55.5891600" lon="-2.5635630">
    <ele>97.3</ele>
    <time>2026-08-02T18:02:20Z</time>
   </trkpt>
   <trkpt lat="55.5891720" lon="-2.5635470">
    <ele>97.3</ele>
    <time>2026-08-02T18:02:21Z</time>
   </trkpt>
   <trkpt lat="55.5891770" lon="-2.5635330">
    <ele>97.3</ele>
    <time>2026-08-02T18:02:22Z</time>
   </trkpt>
   <trkpt lat="55.5891850" lon="-2.5635230">
    <ele>97.3</ele>
    <time>2026-08-02T18:02:23Z</time>
   </trkpt>
   <trkpt lat="55.5891930" lon="-2.5635080">
    <ele>97.3</ele>
    <time>2026-08-02T18:02:24Z</time>
   </trkpt>
   <trkpt lat="55.5891950" lon="-2.5634930">
    <ele>97.3</ele>
    <time>2026-08-02T18:02:25Z</time>
   </trkpt>
   <trkpt lat="55.5891960" lon="-2.5634820">
    <ele>97.3</ele>
    <time>2026-08-02T18:02:26Z</time>
   </trkpt>
   <trkpt lat="55.5892020" lon="-2.5634670">
    <ele>97.3</ele>
    <time>2026-08-02T18:02:27Z</time>
   </trkpt>
   <trkpt lat="55.5892050" lon="-2.5634610">
    <ele>97.3</ele>
    <time>2026-08-02T18:02:28Z</time>
   </trkpt>
   <trkpt lat="55.5892140" lon="-2.5634400">
    <ele>97.3</ele>
    <time>2026-08-02T18:02:29Z</time>
   </trkpt>
   <trkpt lat="55.5892240" lon="-2.5634340">
    <ele>97.3</ele>
    <time>2026-08-02T18:02:30Z</time>
   </trkpt>
   <trkpt lat="55.5892230" lon="-2.5634290">
    <ele>97.3</ele>
    <time>2026-08-02T18:02:31Z</time>
   </trkpt>
   <trkpt lat="55.5892300" lon="-2.5634060">
    <ele>97.3</ele>
    <time>2026-08-02T18:02:32Z</time>
   </trkpt>
   <trkpt lat="55.5892380" lon="-2.5633870">
    <ele>97.3</ele>
    <time>2026-08-02T18:02:33Z</time>
   </trkpt>
   <trkpt lat="55.5892430" lon="-2.5633670">
    <ele>97.3</ele>
    <time>2026-08-02T18:02:34Z</time>
   </trkpt>
   <trkpt lat="55.5892460" lon="-2.5633530">
    <ele>97.3</ele>
    <time>2026-08-02T18:02:35Z</time>
   </trkpt>
   <trkpt lat="55.5892560" lon="-2.5633480">
    <ele>97.3</ele>
    <time>2026-08-02T18:02:36Z</time>
   </trkpt>
   <trkpt lat="55.5892590" lon="-2.5633430">
    <ele>97.3</ele>
    <time>2026-08-02T18:02:37Z</time>
   </trkpt>
   <trkpt lat="55.5892690" lon="-2.5633370">
    <ele>97.3</ele>
    <time>2026-08-02T18:02:38Z</time>
   </trkpt>
   <trkpt lat="55.5892810" lon="-2.5633220">
    <ele>97.3</ele>
    <time>2026-08-02T18:02:39Z</time>
   </trkpt>
   <trkpt lat="55.5892930" lon="-2.5633120">
    <ele>97.3</ele>
    <time>2026-08-02T18:02:40Z</time>
   </trkpt>
   <trkpt lat="55.5892980" lon="-2.5632940">
    <ele>97.3</ele>
    <time>2026-08-02T18:02:41Z</time>
   </trkpt>
   <trkpt lat="55.5893020" lon="-2.5632810">
    <ele>97.3</ele>
    <time>2026-08-02T18:02:42Z</time>
   </trkpt>
   <trkpt lat="55.5893110" lon="-2.5632680">
    <ele>97.3</ele>
    <time>2026-08-02T18:02:43Z</time>
   </trkpt>
   <trkpt lat="55.5893180" lon="-2.5632640">
    <ele>97.3</ele>
    <time>2026-08-02T18:02:44Z</time>
   </trkpt>
   <trkpt lat="55.5893200" lon="-2.5632540">
    <ele>97.3</ele>
    <time>2026-08-02T18:02:45Z</time>
   </trkpt>
   <trkpt lat="55.5893210" lon="-2.5632380">
    <ele>97.3</ele>
    <time>2026-08-02T18:02:46Z</time>
   </trkpt>
   <trkpt lat="55.5893250" lon="-2.5632310">
    <ele>97.3</ele>
    <time>2026-08-02T18:02:47Z</time>
   </trkpt>
   <trkpt lat="55.5893310" lon="-2.5632110">
    <ele>97.3</ele>
    <time>2026-08-02T18:02:49Z</time>
   </trkpt>
   <trkpt lat="55.5893420" lon="-2.5631940">
    <ele>97.3</ele>
    <time>2026-08-02T18:02:50Z</time>
   </trkpt>
   <trkpt lat="55.5893430" lon="-2.5631890">
    <ele>97.3</ele>
    <time>2026-08-02T18:02:51Z</time>
   </trkpt>
   <trkpt lat="55.5893590" lon="-2.5631730">
    <ele>97.3</ele>
    <time>2026-08-02T18:02:52Z</time>
   </trkpt>
   <trkpt lat="55.5893710" lon="-2.5631680">
    <ele>97.3</ele>
    <time>2026-08-02T18:02:53Z</time>
   </trkpt>
   <trkpt lat="55.5893770" lon="-2.5631620">
    <ele>97.3</ele>
    <time>2026-08-02T18:02:54Z</time>
   </trkpt>
   <trkpt lat="55.5893860" lon="-2.5631490">
    <ele>97.3</ele>
    <time>2026-08-02T18:02:55Z</time>
   </trkpt>
   <trkpt lat="55.5893950" lon="-2.5631360">
    <ele>97.3</ele>
    <time>2026-08-02T18:02:56Z</time>
   </trkpt>
   <trkpt lat="55.5893990" lon="-2.5631190">
    <ele>97.3</ele>
    <time>2026-08-02T18:02:57Z</time>
   </trkpt>
   <trkpt lat="55.5894080" lon="-2.5631080">
    <ele>97.3</ele>
    <time>2026-08-02T18:02:58Z</time>
   </trkpt>
   <trkpt lat="55.5894250" lon="-2.5630980">
    <ele>97.3</ele>
    <time>2026-08-02T18:02:59Z</time>
   </trkpt>
   <trkpt lat="55.5894410" lon="-2.5630940">
    <ele>97.3</ele>
    <time>2026-08-02T18:03:01Z</time>
   </trkpt>
   <trkpt lat="55.5894470" lon="-2.5630770">
    <ele>97.3</ele>
    <time>2026-08-02T18:03:02Z</time>
   </trkpt>
   <trkpt lat="55.5894570" lon="-2.5630590">
    <ele>97.3</ele>
    <time>2026-08-02T18:03:03Z</time>
   </trkpt>
   <trkpt lat="55.5894640" lon="-2.5630480">
    <ele>97.3</ele>
    <time>2026-08-02T18:03:04Z</time>
   </trkpt>
   <trkpt lat="55.5894700" lon="-2.5630440">
    <ele>97.3</ele>
    <time>2026-08-02T18:03:05Z</time>
   </trkpt>
   <trkpt lat="55.5894730" lon="-2.5630430">
    <ele>97.3</ele>
    <time>2026-08-02T18:03:06Z</time>
   </trkpt>
   <trkpt lat="55.5894780" lon="-2.5630340">
    <ele>97.3</ele>
    <time>2026-08-02T18:03:07Z</time>
   </trkpt>
   <trkpt lat="55.5894870" lon="-2.5630250">
    <ele>97.3</ele>
    <time>2026-08-02T18:03:08Z</time>
   </trkpt>
   <trkpt lat="55.5894900" lon="-2.5630250">
    <ele>97.3</ele>
    <time>2026-08-02T18:03:09Z</time>
   </trkpt>
   <trkpt lat="55.5894930" lon="-2.5630290">
    <ele>97.3</ele>
    <time>2026-08-02T18:03:10Z</time>
   </trkpt>
   <trkpt lat="55.5894930" lon="-2.5630330">
    <ele>97.3</ele>
    <time>2026-08-02T18:03:11Z</time>
   </trkpt>
   <trkpt lat="55.5894970" lon="-2.5630220">
    <ele>97.3</ele>
    <time>2026-08-02T18:03:12Z</time>
   </trkpt>
   <trkpt lat="55.5894970" lon="-2.5630160">
    <ele>97.3</ele>
    <time>2026-08-02T18:03:13Z</time>
   </trkpt>
   <trkpt lat="55.5895070" lon="-2.5630140">
    <ele>97.3</ele>
    <time>2026-08-02T18:03:14Z</time>
   </trkpt>
   <trkpt lat="55.5895090" lon="-2.5630020">
    <ele>97.3</ele>
    <time>2026-08-02T18:03:15Z</time>
   </trkpt>
   <trkpt lat="55.5895080" lon="-2.5629940">
    <ele>97.3</ele>
    <time>2026-08-02T18:03:16Z</time>
   </trkpt>
   <trkpt lat="55.5895100" lon="-2.5629890">
    <ele>97.3</ele>
    <time>2026-08-02T18:03:17Z</time>
   </trkpt>
   <trkpt lat="55.5895140" lon="-2.5629830">
    <ele>97.3</ele>
    <time>2026-08-02T18:03:18Z</time>
   </trkpt>
   <trkpt lat="55.5895260" lon="-2.5629760">
    <ele>97.3</ele>
    <time>2026-08-02T18:03:19Z</time>
   </trkpt>
   <trkpt lat="55.5895360" lon="-2.5629700">
    <ele>97.3</ele>
    <time>2026-08-02T18:03:20Z</time>
   </trkpt>
   <trkpt lat="55.5895350" lon="-2.5629690">
    <ele>97.3</ele>
    <time>2026-08-02T18:03:21Z</time>
   </trkpt>
   <trkpt lat="55.5895430" lon="-2.5629620">
    <ele>97.3</ele>
    <time>2026-08-02T18:03:22Z</time>
   </trkpt>
   <trkpt lat="55.5895560" lon="-2.5629520">
    <ele>97.3</ele>
    <time>2026-08-02T18:03:23Z</time>
   </trkpt>
   <trkpt lat="55.5895680" lon="-2.5629520">
    <ele>97.3</ele>
    <time>2026-08-02T18:03:24Z</time>
   </trkpt>
   <trkpt lat="55.5895790" lon="-2.5629460">
    <ele>97.3</ele>
    <time>2026-08-02T18:03:25Z</time>
   </trkpt>
   <trkpt lat="55.5895880" lon="-2.5629390">
    <ele>97.3</ele>
    <time>2026-08-02T18:03:26Z</time>
   </trkpt>
   <trkpt lat="55.5895930" lon="-2.5629410">
    <ele>97.3</ele>
    <time>2026-08-02T18:03:27Z</time>
   </trkpt>
   <trkpt lat="55.5896060" lon="-2.5629320">
    <ele>97.3</ele>
    <time>2026-08-02T18:03:28Z</time>
   </trkpt>
   <trkpt lat="55.5896100" lon="-2.5629590">
    <ele>97.3</ele>
    <time>2026-08-02T18:03:29Z</time>
   </trkpt>
   <trkpt lat="55.5896190" lon="-2.5629440">
    <ele>97.3</ele>
    <time>2026-08-02T18:03:30Z</time>
   </trkpt>
   <trkpt lat="55.5896300" lon="-2.5629360">
    <ele>97.3</ele>
    <time>2026-08-02T18:03:31Z</time>
   </trkpt>
   <trkpt lat="55.5896400" lon="-2.5629320">
    <ele>97.3</ele>
    <time>2026-08-02T18:03:32Z</time>
   </trkpt>
   <trkpt lat="55.5896480" lon="-2.5629220">
    <ele>97.3</ele>
    <time>2026-08-02T18:03:33Z</time>
   </trkpt>
   <trkpt lat="55.5896550" lon="-2.5629160">
    <ele>97.3</ele>
    <time>2026-08-02T18:03:34Z</time>
   </trkpt>
   <trkpt lat="55.5896640" lon="-2.5629100">
    <ele>97.3</ele>
    <time>2026-08-02T18:03:35Z</time>
   </trkpt>
   <trkpt lat="55.5896740" lon="-2.5629060">
    <ele>97.3</ele>
    <time>2026-08-02T18:03:36Z</time>
   </trkpt>
   <trkpt lat="55.5896830" lon="-2.5628980">
    <ele>97.3</ele>
    <time>2026-08-02T18:03:37Z</time>
   </trkpt>
   <trkpt lat="55.5896920" lon="-2.5628930">
    <ele>97.3</ele>
    <time>2026-08-02T18:03:38Z</time>
   </trkpt>
   <trkpt lat="55.5897000" lon="-2.5628900">
    <ele>97.3</ele>
    <time>2026-08-02T18:03:39Z</time>
   </trkpt>
   <trkpt lat="55.5897060" lon="-2.5628780">
    <ele>97.3</ele>
    <time>2026-08-02T18:03:40Z</time>
   </trkpt>
   <trkpt lat="55.5897130" lon="-2.5628630">
    <ele>97.3</ele>
    <time>2026-08-02T18:03:41Z</time>
   </trkpt>
   <trkpt lat="55.5897210" lon="-2.5628540">
    <ele>97.3</ele>
    <time>2026-08-02T18:03:42Z</time>
   </trkpt>
   <trkpt lat="55.5897290" lon="-2.5628440">
    <ele>97.3</ele>
    <time>2026-08-02T18:03:43Z</time>
   </trkpt>
   <trkpt lat="55.5897380" lon="-2.5628320">
    <ele>97.2</ele>
    <time>2026-08-02T18:03:44Z</time>
   </trkpt>
   <trkpt lat="55.5897470" lon="-2.5628200">
    <ele>97.2</ele>
    <time>2026-08-02T18:03:45Z</time>
   </trkpt>
   <trkpt lat="55.5897550" lon="-2.5628120">
    <ele>97.2</ele>
    <time>2026-08-02T18:03:46Z</time>
   </trkpt>
   <trkpt lat="55.5897610" lon="-2.5628000">
    <ele>97.2</ele>
    <time>2026-08-02T18:03:47Z</time>
   </trkpt>
   <trkpt lat="55.5897660" lon="-2.5627920">
    <ele>97.2</ele>
    <time>2026-08-02T18:03:48Z</time>
   </trkpt>
   <trkpt lat="55.5897740" lon="-2.5627890">
    <ele>97.2</ele>
    <time>2026-08-02T18:03:49Z</time>
   </trkpt>
   <trkpt lat="55.5897820" lon="-2.5627740">
    <ele>97.2</ele>
    <time>2026-08-02T18:03:50Z</time>
   </trkpt>
   <trkpt lat="55.5897920" lon="-2.5627660">
    <ele>97.2</ele>
    <time>2026-08-02T18:03:51Z</time>
   </trkpt>
   <trkpt lat="55.5897990" lon="-2.5627540">
    <ele>97.2</ele>
    <time>2026-08-02T18:03:52Z</time>
   </trkpt>
   <trkpt lat="55.5898060" lon="-2.5627570">
    <ele>97.2</ele>
    <time>2026-08-02T18:03:53Z</time>
   </trkpt>
   <trkpt lat="55.5898190" lon="-2.5627350">
    <ele>97.2</ele>
    <time>2026-08-02T18:03:54Z</time>
   </trkpt>
   <trkpt lat="55.5898300" lon="-2.5627360">
    <ele>97.2</ele>
    <time>2026-08-02T18:03:55Z</time>
   </trkpt>
   <trkpt lat="55.5898390" lon="-2.5627250">
    <ele>97.2</ele>
    <time>2026-08-02T18:03:56Z</time>
   </trkpt>
   <trkpt lat="55.5898480" lon="-2.5627090">
    <ele>97.2</ele>
    <time>2026-08-02T18:03:57Z</time>
   </trkpt>
   <trkpt lat="55.5898520" lon="-2.5626950">
    <ele>97.2</ele>
    <time>2026-08-02T18:03:58Z</time>
   </trkpt>
   <trkpt lat="55.5898650" lon="-2.5626800">
    <ele>97.2</ele>
    <time>2026-08-02T18:03:59Z</time>
   </trkpt>
   <trkpt lat="55.5898690" lon="-2.5626710">
    <ele>97.2</ele>
    <time>2026-08-02T18:04:00Z</time>
   </trkpt>
   <trkpt lat="55.5898780" lon="-2.5626640">
    <ele>97.2</ele>
    <time>2026-08-02T18:04:01Z</time>
   </trkpt>
   <trkpt lat="55.5898820" lon="-2.5626520">
    <ele>97.2</ele>
    <time>2026-08-02T18:04:02Z</time>
   </trkpt>
   <trkpt lat="55.5898860" lon="-2.5626400">
    <ele>97.2</ele>
    <time>2026-08-02T18:04:03Z</time>
   </trkpt>
   <trkpt lat="55.5898950" lon="-2.5626260">
    <ele>97.2</ele>
    <time>2026-08-02T18:04:04Z</time>
   </trkpt>
   <trkpt lat="55.5899020" lon="-2.5626190">
    <ele>97.2</ele>
    <time>2026-08-02T18:04:05Z</time>
   </trkpt>
   <trkpt lat="55.5899120" lon="-2.5626120">
    <ele>97.2</ele>
    <time>2026-08-02T18:04:06Z</time>
   </trkpt>
   <trkpt lat="55.5899190" lon="-2.5626030">
    <ele>97.1</ele>
    <time>2026-08-02T18:04:07Z</time>
   </trkpt>
   <trkpt lat="55.5899220" lon="-2.5625920">
    <ele>97.1</ele>
    <time>2026-08-02T18:04:08Z</time>
   </trkpt>
   <trkpt lat="55.5899240" lon="-2.5625860">
    <ele>97.1</ele>
    <time>2026-08-02T18:04:09Z</time>
   </trkpt>
   <trkpt lat="55.5899310" lon="-2.5625770">
    <ele>97.1</ele>
    <time>2026-08-02T18:04:10Z</time>
   </trkpt>
   <trkpt lat="55.5899410" lon="-2.5625670">
    <ele>97.1</ele>
    <time>2026-08-02T18:04:11Z</time>
   </trkpt>
   <trkpt lat="55.5899480" lon="-2.5625580">
    <ele>97.1</ele>
    <time>2026-08-02T18:04:12Z</time>
   </trkpt>
   <trkpt lat="55.5899540" lon="-2.5625460">
    <ele>97.1</ele>
    <time>2026-08-02T18:04:13Z</time>
   </trkpt>
   <trkpt lat="55.5899600" lon="-2.5625320">
    <ele>97.1</ele>
    <time>2026-08-02T18:04:14Z</time>
   </trkpt>
   <trkpt lat="55.5899680" lon="-2.5625290">
    <ele>97.1</ele>
    <time>2026-08-02T18:04:15Z</time>
   </trkpt>
   <trkpt lat="55.5899710" lon="-2.5625100">
    <ele>97.1</ele>
    <time>2026-08-02T18:04:16Z</time>
   </trkpt>
   <trkpt lat="55.5899750" lon="-2.5625030">
    <ele>97.1</ele>
    <time>2026-08-02T18:04:17Z</time>
   </trkpt>
   <trkpt lat="55.5899830" lon="-2.5624930">
    <ele>97.1</ele>
    <time>2026-08-02T18:04:18Z</time>
   </trkpt>
   <trkpt lat="55.5899960" lon="-2.5624810">
    <ele>97.1</ele>
    <time>2026-08-02T18:04:19Z</time>
   </trkpt>
   <trkpt lat="55.5900060" lon="-2.5624730">
    <ele>97.1</ele>
    <time>2026-08-02T18:04:20Z</time>
   </trkpt>
   <trkpt lat="55.5900120" lon="-2.5624630">
    <ele>97.1</ele>
    <time>2026-08-02T18:04:21Z</time>
   </trkpt>
   <trkpt lat="55.5900190" lon="-2.5624560">
    <ele>97.1</ele>
    <time>2026-08-02T18:04:22Z</time>
   </trkpt>
   <trkpt lat="55.5900210" lon="-2.5624410">
    <ele>97.1</ele>
    <time>2026-08-02T18:04:23Z</time>
   </trkpt>
   <trkpt lat="55.5900290" lon="-2.5624300">
    <ele>97.2</ele>
    <time>2026-08-02T18:04:24Z</time>
   </trkpt>
   <trkpt lat="55.5900400" lon="-2.5624160">
    <ele>97.2</ele>
    <time>2026-08-02T18:04:25Z</time>
   </trkpt>
   <trkpt lat="55.5900450" lon="-2.5624160">
    <ele>97.2</ele>
    <time>2026-08-02T18:04:26Z</time>
   </trkpt>
   <trkpt lat="55.5900520" lon="-2.5624000">
    <ele>97.2</ele>
    <time>2026-08-02T18:04:27Z</time>
   </trkpt>
   <trkpt lat="55.5900610" lon="-2.5623930">
    <ele>97.2</ele>
    <time>2026-08-02T18:04:28Z</time>
   </trkpt>
   <trkpt lat="55.5900700" lon="-2.5623790">
    <ele>97.2</ele>
    <time>2026-08-02T18:04:29Z</time>
   </trkpt>
   <trkpt lat="55.5900790" lon="-2.5623740">
    <ele>97.2</ele>
    <time>2026-08-02T18:04:30Z</time>
   </trkpt>
   <trkpt lat="55.5900860" lon="-2.5623600">
    <ele>97.2</ele>
    <time>2026-08-02T18:04:31Z</time>
   </trkpt>
   <trkpt lat="55.5900930" lon="-2.5623490">
    <ele>97.2</ele>
    <time>2026-08-02T18:04:32Z</time>
   </trkpt>
   <trkpt lat="55.5901020" lon="-2.5623350">
    <ele>97.2</ele>
    <time>2026-08-02T18:04:33Z</time>
   </trkpt>
   <trkpt lat="55.5901140" lon="-2.5622860">
    <ele>97.2</ele>
    <time>2026-08-02T18:04:34Z</time>
   </trkpt>
   <trkpt lat="55.5901210" lon="-2.5622940">
    <ele>97.2</ele>
    <time>2026-08-02T18:04:35Z</time>
   </trkpt>
   <trkpt lat="55.5901280" lon="-2.5622810">
    <ele>97.2</ele>
    <time>2026-08-02T18:04:36Z</time>
   </trkpt>
   <trkpt lat="55.5901340" lon="-2.5622750">
    <ele>97.2</ele>
    <time>2026-08-02T18:04:37Z</time>
   </trkpt>
   <trkpt lat="55.5901350" lon="-2.5622680">
    <ele>97.2</ele>
    <time>2026-08-02T18:04:38Z</time>
   </trkpt>
   <trkpt lat="55.5901390" lon="-2.5622590">
    <ele>97.2</ele>
    <time>2026-08-02T18:04:39Z</time>
   </trkpt>
   <trkpt lat="55.5901460" lon="-2.5622480">
    <ele>97.2</ele>
    <time>2026-08-02T18:04:40Z</time>
   </trkpt>
   <trkpt lat="55.5901530" lon="-2.5622390">
    <ele>97.2</ele>
    <time>2026-08-02T18:04:41Z</time>
   </trkpt>
   <trkpt lat="55.5901630" lon="-2.5622300">
    <ele>97.2</ele>
    <time>2026-08-02T18:04:42Z</time>
   </trkpt>
   <trkpt lat="55.5901710" lon="-2.5622220">
    <ele>97.3</ele>
    <time>2026-08-02T18:04:43Z</time>
   </trkpt>
   <trkpt lat="55.5901770" lon="-2.5622100">
    <ele>97.3</ele>
    <time>2026-08-02T18:04:44Z</time>
   </trkpt>
   <trkpt lat="55.5901880" lon="-2.5622030">
    <ele>97.3</ele>
    <time>2026-08-02T18:04:45Z</time>
   </trkpt>
   <trkpt lat="55.5901940" lon="-2.5621960">
    <ele>97.3</ele>
    <time>2026-08-02T18:04:46Z</time>
   </trkpt>
   <trkpt lat="55.5902050" lon="-2.5621850">
    <ele>97.3</ele>
    <time>2026-08-02T18:04:47Z</time>
   </trkpt>
   <trkpt lat="55.5902120" lon="-2.5621710">
    <ele>97.3</ele>
    <time>2026-08-02T18:04:48Z</time>
   </trkpt>
   <trkpt lat="55.5902190" lon="-2.5621620">
    <ele>97.3</ele>
    <time>2026-08-02T18:04:49Z</time>
   </trkpt>
   <trkpt lat="55.5902250" lon="-2.5621510">
    <ele>97.3</ele>
    <time>2026-08-02T18:04:50Z</time>
   </trkpt>
   <trkpt lat="55.5902260" lon="-2.5621430">
    <ele>97.3</ele>
    <time>2026-08-02T18:04:51Z</time>
   </trkpt>
   <trkpt lat="55.5902350" lon="-2.5621290">
    <ele>97.3</ele>
    <time>2026-08-02T18:04:52Z</time>
   </trkpt>
   <trkpt lat="55.5902480" lon="-2.5621210">
    <ele>97.3</ele>
    <time>2026-08-02T18:04:53Z</time>
   </trkpt>
   <trkpt lat="55.5902570" lon="-2.5621140">
    <ele>97.3</ele>
    <time>2026-08-02T18:04:55Z</time>
   </trkpt>
   <trkpt lat="55.5902640" lon="-2.5621060">
    <ele>97.4</ele>
    <time>2026-08-02T18:04:56Z</time>
   </trkpt>
   <trkpt lat="55.5902690" lon="-2.5620930">
    <ele>97.4</ele>
    <time>2026-08-02T18:04:57Z</time>
   </trkpt>
   <trkpt lat="55.5902740" lon="-2.5620820">
    <ele>97.4</ele>
    <time>2026-08-02T18:04:58Z</time>
   </trkpt>
   <trkpt lat="55.5902800" lon="-2.5620790">
    <ele>97.4</ele>
    <time>2026-08-02T18:04:59Z</time>
   </trkpt>
   <trkpt lat="55.5902850" lon="-2.5620630">
    <ele>97.4</ele>
    <time>2026-08-02T18:05:00Z</time>
   </trkpt>
   <trkpt lat="55.5902890" lon="-2.5620520">
    <ele>97.4</ele>
    <time>2026-08-02T18:05:01Z</time>
   </trkpt>
   <trkpt lat="55.5902940" lon="-2.5620440">
    <ele>97.4</ele>
    <time>2026-08-02T18:05:02Z</time>
   </trkpt>
   <trkpt lat="55.5903030" lon="-2.5620300">
    <ele>97.4</ele>
    <time>2026-08-02T18:05:03Z</time>
   </trkpt>
   <trkpt lat="55.5903140" lon="-2.5620200">
    <ele>97.4</ele>
    <time>2026-08-02T18:05:04Z</time>
   </trkpt>
   <trkpt lat="55.5903220" lon="-2.5620140">
    <ele>97.4</ele>
    <time>2026-08-02T18:05:05Z</time>
   </trkpt>
   <trkpt lat="55.5903280" lon="-2.5620060">
    <ele>97.4</ele>
    <time>2026-08-02T18:05:06Z</time>
   </trkpt>
   <trkpt lat="55.5903390" lon="-2.5619980">
    <ele>97.4</ele>
    <time>2026-08-02T18:05:07Z</time>
   </trkpt>
   <trkpt lat="55.5903530" lon="-2.5619830">
    <ele>97.4</ele>
    <time>2026-08-02T18:05:08Z</time>
   </trkpt>
   <trkpt lat="55.5903670" lon="-2.5619610">
    <ele>97.4</ele>
    <time>2026-08-02T18:05:09Z</time>
   </trkpt>
   <trkpt lat="55.5903760" lon="-2.5619540">
    <ele>97.4</ele>
    <time>2026-08-02T18:05:10Z</time>
   </trkpt>
   <trkpt lat="55.5903810" lon="-2.5619430">
    <ele>97.4</ele>
    <time>2026-08-02T18:05:11Z</time>
   </trkpt>
   <trkpt lat="55.5903890" lon="-2.5619310">
    <ele>97.4</ele>
    <time>2026-08-02T18:05:12Z</time>
   </trkpt>
   <trkpt lat="55.5903960" lon="-2.5619250">
    <ele>97.4</ele>
    <time>2026-08-02T18:05:13Z</time>
   </trkpt>
   <trkpt lat="55.5904040" lon="-2.5619210">
    <ele>97.4</ele>
    <time>2026-08-02T18:05:14Z</time>
   </trkpt>
   <trkpt lat="55.5904090" lon="-2.5619100">
    <ele>97.4</ele>
    <time>2026-08-02T18:05:15Z</time>
   </trkpt>
   <trkpt lat="55.5904180" lon="-2.5619000">
    <ele>97.4</ele>
    <time>2026-08-02T18:05:16Z</time>
   </trkpt>
   <trkpt lat="55.5904260" lon="-2.5618950">
    <ele>97.4</ele>
    <time>2026-08-02T18:05:17Z</time>
   </trkpt>
   <trkpt lat="55.5904320" lon="-2.5618830">
    <ele>97.4</ele>
    <time>2026-08-02T18:05:18Z</time>
   </trkpt>
   <trkpt lat="55.5904400" lon="-2.5618690">
    <ele>97.4</ele>
    <time>2026-08-02T18:05:19Z</time>
   </trkpt>
   <trkpt lat="55.5904480" lon="-2.5618630">
    <ele>97.4</ele>
    <time>2026-08-02T18:05:20Z</time>
   </trkpt>
   <trkpt lat="55.5904570" lon="-2.5618310">
    <ele>97.4</ele>
    <time>2026-08-02T18:05:21Z</time>
   </trkpt>
   <trkpt lat="55.5904620" lon="-2.5618260">
    <ele>97.4</ele>
    <time>2026-08-02T18:05:22Z</time>
   </trkpt>
   <trkpt lat="55.5904690" lon="-2.5618190">
    <ele>97.4</ele>
    <time>2026-08-02T18:05:23Z</time>
   </trkpt>
   <trkpt lat="55.5904750" lon="-2.5618110">
    <ele>97.4</ele>
    <time>2026-08-02T18:05:24Z</time>
   </trkpt>
   <trkpt lat="55.5904780" lon="-2.5618000">
    <ele>97.4</ele>
    <time>2026-08-02T18:05:25Z</time>
   </trkpt>
   <trkpt lat="55.5904870" lon="-2.5617950">
    <ele>97.4</ele>
    <time>2026-08-02T18:05:26Z</time>
   </trkpt>
   <trkpt lat="55.5904960" lon="-2.5617860">
    <ele>97.4</ele>
    <time>2026-08-02T18:05:27Z</time>
   </trkpt>
   <trkpt lat="55.5905070" lon="-2.5617760">
    <ele>97.4</ele>
    <time>2026-08-02T18:05:28Z</time>
   </trkpt>
   <trkpt lat="55.5905120" lon="-2.5617620">
    <ele>97.4</ele>
    <time>2026-08-02T18:05:29Z</time>
   </trkpt>
   <trkpt lat="55.5905160" lon="-2.5617460">
    <ele>97.4</ele>
    <time>2026-08-02T18:05:30Z</time>
   </trkpt>
   <trkpt lat="55.5905220" lon="-2.5617380">
    <ele>97.4</ele>
    <time>2026-08-02T18:05:31Z</time>
   </trkpt>
   <trkpt lat="55.5905340" lon="-2.5617250">
    <ele>97.4</ele>
    <time>2026-08-02T18:05:32Z</time>
   </trkpt>
   <trkpt lat="55.5905420" lon="-2.5617130">
    <ele>97.4</ele>
    <time>2026-08-02T18:05:33Z</time>
   </trkpt>
   <trkpt lat="55.5905470" lon="-2.5617010">
    <ele>97.3</ele>
    <time>2026-08-02T18:05:34Z</time>
   </trkpt>
   <trkpt lat="55.5905590" lon="-2.5616870">
    <ele>97.3</ele>
    <time>2026-08-02T18:05:35Z</time>
   </trkpt>
   <trkpt lat="55.5905630" lon="-2.5616800">
    <ele>97.3</ele>
    <time>2026-08-02T18:05:36Z</time>
   </trkpt>
   <trkpt lat="55.5905670" lon="-2.5616730">
    <ele>97.3</ele>
    <time>2026-08-02T18:05:37Z</time>
   </trkpt>
   <trkpt lat="55.5905760" lon="-2.5616570">
    <ele>97.3</ele>
    <time>2026-08-02T18:05:38Z</time>
   </trkpt>
   <trkpt lat="55.5905810" lon="-2.5616480">
    <ele>97.3</ele>
    <time>2026-08-02T18:05:39Z</time>
   </trkpt>
   <trkpt lat="55.5905850" lon="-2.5616330">
    <ele>97.3</ele>
    <time>2026-08-02T18:05:40Z</time>
   </trkpt>
   <trkpt lat="55.5905920" lon="-2.5616220">
    <ele>97.3</ele>
    <time>2026-08-02T18:05:41Z</time>
   </trkpt>
   <trkpt lat="55.5905950" lon="-2.5616120">
    <ele>97.3</ele>
    <time>2026-08-02T18:05:42Z</time>
   </trkpt>
   <trkpt lat="55.5906000" lon="-2.5615970">
    <ele>97.3</ele>
    <time>2026-08-02T18:05:43Z</time>
   </trkpt>
   <trkpt lat="55.5906080" lon="-2.5615800">
    <ele>97.3</ele>
    <time>2026-08-02T18:05:44Z</time>
   </trkpt>
   <trkpt lat="55.5906200" lon="-2.5615740">
    <ele>97.3</ele>
    <time>2026-08-02T18:05:45Z</time>
   </trkpt>
   <trkpt lat="55.5906300" lon="-2.5615660">
    <ele>97.3</ele>
    <time>2026-08-02T18:05:46Z</time>
   </trkpt>
   <trkpt lat="55.5906280" lon="-2.5615490">
    <ele>97.3</ele>
    <time>2026-08-02T18:05:47Z</time>
   </trkpt>
   <trkpt lat="55.5906310" lon="-2.5615250">
    <ele>97.3</ele>
    <time>2026-08-02T18:05:48Z</time>
   </trkpt>
   <trkpt lat="55.5906440" lon="-2.5615110">
    <ele>97.3</ele>
    <time>2026-08-02T18:05:49Z</time>
   </trkpt>
   <trkpt lat="55.5906530" lon="-2.5615090">
    <ele>97.3</ele>
    <time>2026-08-02T18:05:50Z</time>
   </trkpt>
   <trkpt lat="55.5906540" lon="-2.5614920">
    <ele>97.3</ele>
    <time>2026-08-02T18:05:51Z</time>
   </trkpt>
   <trkpt lat="55.5906550" lon="-2.5614810">
    <ele>97.3</ele>
    <time>2026-08-02T18:05:52Z</time>
   </trkpt>
   <trkpt lat="55.5906650" lon="-2.5614710">
    <ele>97.3</ele>
    <time>2026-08-02T18:05:53Z</time>
   </trkpt>
   <trkpt lat="55.5906680" lon="-2.5614530">
    <ele>97.3</ele>
    <time>2026-08-02T18:05:54Z</time>
   </trkpt>
   <trkpt lat="55.5906770" lon="-2.5614440">
    <ele>97.3</ele>
    <time>2026-08-02T18:05:55Z</time>
   </trkpt>
   <trkpt lat="55.5906840" lon="-2.5614290">
    <ele>97.3</ele>
    <time>2026-08-02T18:05:56Z</time>
   </trkpt>
   <trkpt lat="55.5906870" lon="-2.5614160">
    <ele>97.3</ele>
    <time>2026-08-02T18:05:57Z</time>
   </trkpt>
   <trkpt lat="55.5906910" lon="-2.5614050">
    <ele>97.3</ele>
    <time>2026-08-02T18:05:58Z</time>
   </trkpt>
   <trkpt lat="55.5906920" lon="-2.5613820">
    <ele>97.3</ele>
    <time>2026-08-02T18:05:59Z</time>
   </trkpt>
   <trkpt lat="55.5907020" lon="-2.5613720">
    <ele>97.3</ele>
    <time>2026-08-02T18:06:00Z</time>
   </trkpt>
   <trkpt lat="55.5907150" lon="-2.5613510">
    <ele>97.3</ele>
    <time>2026-08-02T18:06:01Z</time>
   </trkpt>
   <trkpt lat="55.5907190" lon="-2.5613290">
    <ele>97.3</ele>
    <time>2026-08-02T18:06:02Z</time>
   </trkpt>
   <trkpt lat="55.5907290" lon="-2.5613220">
    <ele>97.3</ele>
    <time>2026-08-02T18:06:03Z</time>
   </trkpt>
   <trkpt lat="55.5907300" lon="-2.5613100">
    <ele>97.3</ele>
    <time>2026-08-02T18:06:04Z</time>
   </trkpt>
   <trkpt lat="55.5907340" lon="-2.5612960">
    <ele>97.3</ele>
    <time>2026-08-02T18:06:05Z</time>
   </trkpt>
   <trkpt lat="55.5907370" lon="-2.5612810">
    <ele>97.3</ele>
    <time>2026-08-02T18:06:06Z</time>
   </trkpt>
   <trkpt lat="55.5907410" lon="-2.5612610">
    <ele>97.3</ele>
    <time>2026-08-02T18:06:07Z</time>
   </trkpt>
   <trkpt lat="55.5907470" lon="-2.5612490">
    <ele>97.3</ele>
    <time>2026-08-02T18:06:08Z</time>
   </trkpt>
   <trkpt lat="55.5907530" lon="-2.5612300">
    <ele>97.3</ele>
    <time>2026-08-02T18:06:09Z</time>
   </trkpt>
   <trkpt lat="55.5907590" lon="-2.5612190">
    <ele>97.3</ele>
    <time>2026-08-02T18:06:10Z</time>
   </trkpt>
   <trkpt lat="55.5907710" lon="-2.5612130">
    <ele>97.3</ele>
    <time>2026-08-02T18:06:11Z</time>
   </trkpt>
   <trkpt lat="55.5907710" lon="-2.5611970">
    <ele>97.3</ele>
    <time>2026-08-02T18:06:12Z</time>
   </trkpt>
   <trkpt lat="55.5907770" lon="-2.5611780">
    <ele>97.3</ele>
    <time>2026-08-02T18:06:13Z</time>
   </trkpt>
   <trkpt lat="55.5907830" lon="-2.5611670">
    <ele>97.3</ele>
    <time>2026-08-02T18:06:14Z</time>
   </trkpt>
   <trkpt lat="55.5907870" lon="-2.5611550">
    <ele>97.3</ele>
    <time>2026-08-02T18:06:15Z</time>
   </trkpt>
   <trkpt lat="55.5907890" lon="-2.5611410">
    <ele>97.4</ele>
    <time>2026-08-02T18:06:16Z</time>
   </trkpt>
   <trkpt lat="55.5907930" lon="-2.5611280">
    <ele>97.4</ele>
    <time>2026-08-02T18:06:17Z</time>
   </trkpt>
   <trkpt lat="55.5907980" lon="-2.5611140">
    <ele>97.4</ele>
    <time>2026-08-02T18:06:18Z</time>
   </trkpt>
   <trkpt lat="55.5908030" lon="-2.5611000">
    <ele>97.4</ele>
    <time>2026-08-02T18:06:19Z</time>
   </trkpt>
   <trkpt lat="55.5908120" lon="-2.5610920">
    <ele>97.4</ele>
    <time>2026-08-02T18:06:20Z</time>
   </trkpt>
   <trkpt lat="55.5908110" lon="-2.5610830">
    <ele>97.4</ele>
    <time>2026-08-02T18:06:21Z</time>
   </trkpt>
   <trkpt lat="55.5908180" lon="-2.5610630">
    <ele>97.4</ele>
    <time>2026-08-02T18:06:22Z</time>
   </trkpt>
   <trkpt lat="55.5908230" lon="-2.5610530">
    <ele>97.4</ele>
    <time>2026-08-02T18:06:23Z</time>
   </trkpt>
   <trkpt lat="55.5908280" lon="-2.5610420">
    <ele>97.4</ele>
    <time>2026-08-02T18:06:24Z</time>
   </trkpt>
   <trkpt lat="55.5908330" lon="-2.5610260">
    <ele>97.5</ele>
    <time>2026-08-02T18:06:25Z</time>
   </trkpt>
   <trkpt lat="55.5908410" lon="-2.5610150">
    <ele>97.5</ele>
    <time>2026-08-02T18:06:26Z</time>
   </trkpt>
   <trkpt lat="55.5908440" lon="-2.5609960">
    <ele>97.5</ele>
    <time>2026-08-02T18:06:27Z</time>
   </trkpt>
   <trkpt lat="55.5908470" lon="-2.5609780">
    <ele>97.5</ele>
    <time>2026-08-02T18:06:28Z</time>
   </trkpt>
   <trkpt lat="55.5908550" lon="-2.5609630">
    <ele>97.5</ele>
    <time>2026-08-02T18:06:29Z</time>
   </trkpt>
   <trkpt lat="55.5908590" lon="-2.5609450">
    <ele>97.6</ele>
    <time>2026-08-02T18:06:30Z</time>
   </trkpt>
   <trkpt lat="55.5908670" lon="-2.5609400">
    <ele>97.6</ele>
    <time>2026-08-02T18:06:31Z</time>
   </trkpt>
   <trkpt lat="55.5908770" lon="-2.5609350">
    <ele>97.6</ele>
    <time>2026-08-02T18:06:32Z</time>
   </trkpt>
   <trkpt lat="55.5908800" lon="-2.5609180">
    <ele>97.6</ele>
    <time>2026-08-02T18:06:33Z</time>
   </trkpt>
   <trkpt lat="55.5908820" lon="-2.5608980">
    <ele>97.6</ele>
    <time>2026-08-02T18:06:34Z</time>
   </trkpt>
   <trkpt lat="55.5908910" lon="-2.5608880">
    <ele>97.7</ele>
    <time>2026-08-02T18:06:35Z</time>
   </trkpt>
   <trkpt lat="55.5908950" lon="-2.5608520">
    <ele>97.7</ele>
    <time>2026-08-02T18:06:36Z</time>
   </trkpt>
   <trkpt lat="55.5909020" lon="-2.5608470">
    <ele>97.7</ele>
    <time>2026-08-02T18:06:37Z</time>
   </trkpt>
   <trkpt lat="55.5909040" lon="-2.5608310">
    <ele>97.8</ele>
    <time>2026-08-02T18:06:38Z</time>
   </trkpt>
   <trkpt lat="55.5909080" lon="-2.5608190">
    <ele>97.8</ele>
    <time>2026-08-02T18:06:39Z</time>
   </trkpt>
   <trkpt lat="55.5909160" lon="-2.5608200">
    <ele>97.8</ele>
    <time>2026-08-02T18:06:40Z</time>
   </trkpt>
   <trkpt lat="55.5909130" lon="-2.5607900">
    <ele>97.9</ele>
    <time>2026-08-02T18:06:41Z</time>
   </trkpt>
   <trkpt lat="55.5909190" lon="-2.5607670">
    <ele>97.9</ele>
    <time>2026-08-02T18:06:42Z</time>
   </trkpt>
   <trkpt lat="55.5909300" lon="-2.5607580">
    <ele>98.0</ele>
    <time>2026-08-02T18:06:43Z</time>
   </trkpt>
   <trkpt lat="55.5909350" lon="-2.5607460">
    <ele>98.0</ele>
    <time>2026-08-02T18:06:44Z</time>
   </trkpt>
   <trkpt lat="55.5909400" lon="-2.5607380">
    <ele>98.0</ele>
    <time>2026-08-02T18:06:45Z</time>
   </trkpt>
   <trkpt lat="55.5909400" lon="-2.5607220">
    <ele>98.0</ele>
    <time>2026-08-02T18:06:46Z</time>
   </trkpt>
   <trkpt lat="55.5909450" lon="-2.5607180">
    <ele>98.1</ele>
    <time>2026-08-02T18:06:47Z</time>
   </trkpt>
   <trkpt lat="55.5909500" lon="-2.5607050">
    <ele>98.1</ele>
    <time>2026-08-02T18:06:48Z</time>
   </trkpt>
   <trkpt lat="55.5909570" lon="-2.5606900">
    <ele>98.2</ele>
    <time>2026-08-02T18:06:49Z</time>
   </trkpt>
   <trkpt lat="55.5909640" lon="-2.5606750">
    <ele>98.2</ele>
    <time>2026-08-02T18:06:50Z</time>
   </trkpt>
   <trkpt lat="55.5909680" lon="-2.5606540">
    <ele>98.3</ele>
    <time>2026-08-02T18:06:51Z</time>
   </trkpt>
   <trkpt lat="55.5909760" lon="-2.5606480">
    <ele>98.3</ele>
    <time>2026-08-02T18:06:52Z</time>
   </trkpt>
   <trkpt lat="55.5909790" lon="-2.5606470">
    <ele>98.3</ele>
    <time>2026-08-02T18:06:53Z</time>
   </trkpt>
   <trkpt lat="55.5909860" lon="-2.5606370">
    <ele>98.4</ele>
    <time>2026-08-02T18:06:54Z</time>
   </trkpt>
   <trkpt lat="55.5909890" lon="-2.5606190">
    <ele>98.4</ele>
    <time>2026-08-02T18:06:55Z</time>
   </trkpt>
   <trkpt lat="55.5909920" lon="-2.5606050">
    <ele>98.4</ele>
    <time>2026-08-02T18:06:56Z</time>
   </trkpt>
   <trkpt lat="55.5909990" lon="-2.5605930">
    <ele>98.5</ele>
    <time>2026-08-02T18:06:57Z</time>
   </trkpt>
   <trkpt lat="55.5910040" lon="-2.5605820">
    <ele>98.5</ele>
    <time>2026-08-02T18:06:58Z</time>
   </trkpt>
   <trkpt lat="55.5910060" lon="-2.5605660">
    <ele>98.6</ele>
    <time>2026-08-02T18:06:59Z</time>
   </trkpt>
   <trkpt lat="55.5910160" lon="-2.5605590">
    <ele>98.6</ele>
    <time>2026-08-02T18:07:00Z</time>
   </trkpt>
   <trkpt lat="55.5910210" lon="-2.5605280">
    <ele>98.7</ele>
    <time>2026-08-02T18:07:02Z</time>
   </trkpt>
   <trkpt lat="55.5910220" lon="-2.5605310">
    <ele>98.7</ele>
    <time>2026-08-02T18:07:03Z</time>
   </trkpt>
   <trkpt lat="55.5910310" lon="-2.5605210">
    <ele>98.8</ele>
    <time>2026-08-02T18:07:05Z</time>
   </trkpt>
   <trkpt lat="55.5910360" lon="-2.5605070">
    <ele>98.9</ele>
    <time>2026-08-02T18:07:07Z</time>
   </trkpt>
   <trkpt lat="55.5910470" lon="-2.5604780">
    <ele>99.0</ele>
    <time>2026-08-02T18:07:08Z</time>
   </trkpt>
   <trkpt lat="55.5910570" lon="-2.5604660">
    <ele>99.1</ele>
    <time>2026-08-02T18:07:10Z</time>
   </trkpt>
   <trkpt lat="55.5910610" lon="-2.5604410">
    <ele>99.2</ele>
    <time>2026-08-02T18:07:11Z</time>
   </trkpt>
   <trkpt lat="55.5910670" lon="-2.5604330">
    <ele>99.2</ele>
    <time>2026-08-02T18:07:13Z</time>
   </trkpt>
   <trkpt lat="55.5910760" lon="-2.5604040">
    <ele>99.3</ele>
    <time>2026-08-02T18:07:14Z</time>
   </trkpt>
   <trkpt lat="55.5910800" lon="-2.5603880">
    <ele>99.4</ele>
    <time>2026-08-02T18:07:15Z</time>
   </trkpt>
   <trkpt lat="55.5910890" lon="-2.5603800">
    <ele>99.4</ele>
    <time>2026-08-02T18:07:16Z</time>
   </trkpt>
   <trkpt lat="55.5910990" lon="-2.5603720">
    <ele>99.5</ele>
    <time>2026-08-02T18:07:17Z</time>
   </trkpt>
   <trkpt lat="55.5911020" lon="-2.5603610">
    <ele>99.6</ele>
    <time>2026-08-02T18:07:18Z</time>
   </trkpt>
   <trkpt lat="55.5911130" lon="-2.5603420">
    <ele>99.7</ele>
    <time>2026-08-02T18:07:19Z</time>
   </trkpt>
   <trkpt lat="55.5911100" lon="-2.5603310">
    <ele>99.7</ele>
    <time>2026-08-02T18:07:20Z</time>
   </trkpt>
   <trkpt lat="55.5911130" lon="-2.5603180">
    <ele>99.8</ele>
    <time>2026-08-02T18:07:21Z</time>
   </trkpt>
   <trkpt lat="55.5911210" lon="-2.5602990">
    <ele>99.9</ele>
    <time>2026-08-02T18:07:22Z</time>
   </trkpt>
   <trkpt lat="55.5911240" lon="-2.5602840">
    <ele>99.9</ele>
    <time>2026-08-02T18:07:23Z</time>
   </trkpt>
   <trkpt lat="55.5911260" lon="-2.5602760">
    <ele>100.0</ele>
    <time>2026-08-02T18:07:24Z</time>
   </trkpt>
   <trkpt lat="55.5911300" lon="-2.5602660">
    <ele>100.0</ele>
    <time>2026-08-02T18:07:25Z</time>
   </trkpt>
   <trkpt lat="55.5911370" lon="-2.5602560">
    <ele>100.1</ele>
    <time>2026-08-02T18:07:26Z</time>
   </trkpt>
   <trkpt lat="55.5911420" lon="-2.5602360">
    <ele>100.2</ele>
    <time>2026-08-02T18:07:27Z</time>
   </trkpt>
   <trkpt lat="55.5911410" lon="-2.5602450">
    <ele>100.2</ele>
    <time>2026-08-02T18:07:28Z</time>
   </trkpt>
   <trkpt lat="55.5911360" lon="-2.5602530">
    <ele>100.3</ele>
    <time>2026-08-02T18:07:29Z</time>
   </trkpt>
   <trkpt lat="55.5911410" lon="-2.5602480">
    <ele>100.3</ele>
    <time>2026-08-02T18:07:30Z</time>
   </trkpt>
   <trkpt lat="55.5911370" lon="-2.5602610">
    <ele>100.4</ele>
    <time>2026-08-02T18:07:31Z</time>
   </trkpt>
   <trkpt lat="55.5911380" lon="-2.5602570">
    <ele>100.4</ele>
    <time>2026-08-02T18:07:32Z</time>
   </trkpt>
   <trkpt lat="55.5911450" lon="-2.5602660">
    <ele>100.5</ele>
    <time>2026-08-02T18:07:33Z</time>
   </trkpt>
   <trkpt lat="55.5911450" lon="-2.5602690">
    <ele>100.5</ele>
    <time>2026-08-02T18:07:34Z</time>
   </trkpt>
   <trkpt lat="55.5911450" lon="-2.5602690">
    <ele>100.5</ele>
    <time>2026-08-02T18:07:35Z</time>
   </trkpt>
   <trkpt lat="55.5911440" lon="-2.5602640">
    <ele>100.5</ele>
    <time>2026-08-02T18:07:36Z</time>
   </trkpt>
   <trkpt lat="55.5911460" lon="-2.5602600">
    <ele>100.5</ele>
    <time>2026-08-02T18:07:37Z</time>
   </trkpt>
   <trkpt lat="55.5911470" lon="-2.5602560">
    <ele>100.5</ele>
    <time>2026-08-02T18:07:38Z</time>
   </trkpt>
   <trkpt lat="55.5911440" lon="-2.5602880">
    <ele>100.7</ele>
    <time>2026-08-02T18:07:39Z</time>
   </trkpt>
   <trkpt lat="55.5911380" lon="-2.5602640">
    <ele>100.8</ele>
    <time>2026-08-02T18:07:40Z</time>
   </trkpt>
   <trkpt lat="55.5911520" lon="-2.5602430">
    <ele>101.0</ele>
    <time>2026-08-02T18:07:41Z</time>
   </trkpt>
   <trkpt lat="55.5911620" lon="-2.5602350">
    <ele>101.1</ele>
    <time>2026-08-02T18:07:42Z</time>
   </trkpt>
   <trkpt lat="55.5911620" lon="-2.5602140">
    <ele>101.2</ele>
    <time>2026-08-02T18:07:43Z</time>
   </trkpt>
   <trkpt lat="55.5911770" lon="-2.5601870">
    <ele>101.3</ele>
    <time>2026-08-02T18:07:44Z</time>
   </trkpt>
   <trkpt lat="55.5911800" lon="-2.5601700">
    <ele>101.4</ele>
    <time>2026-08-02T18:07:45Z</time>
   </trkpt>
   <trkpt lat="55.5911880" lon="-2.5601810">
    <ele>101.5</ele>
    <time>2026-08-02T18:07:46Z</time>
   </trkpt>
   <trkpt lat="55.5911850" lon="-2.5601530">
    <ele>101.7</ele>
    <time>2026-08-02T18:07:47Z</time>
   </trkpt>
   <trkpt lat="55.5911920" lon="-2.5601380">
    <ele>101.8</ele>
    <time>2026-08-02T18:07:48Z</time>
   </trkpt>
   <trkpt lat="55.5911930" lon="-2.5601010">
    <ele>102.0</ele>
    <time>2026-08-02T18:07:49Z</time>
   </trkpt>
   <trkpt lat="55.5912040" lon="-2.5600960">
    <ele>102.1</ele>
    <time>2026-08-02T18:07:50Z</time>
   </trkpt>
   <trkpt lat="55.5912220" lon="-2.5600880">
    <ele>102.2</ele>
    <time>2026-08-02T18:07:51Z</time>
   </trkpt>
   <trkpt lat="55.5912160" lon="-2.5600900">
    <ele>102.3</ele>
    <time>2026-08-02T18:07:52Z</time>
   </trkpt>
   <trkpt lat="55.5912240" lon="-2.5600650">
    <ele>102.4</ele>
    <time>2026-08-02T18:07:53Z</time>
   </trkpt>
   <trkpt lat="55.5912320" lon="-2.5600480">
    <ele>102.5</ele>
    <time>2026-08-02T18:07:54Z</time>
   </trkpt>
   <trkpt lat="55.5912320" lon="-2.5600340">
    <ele>102.6</ele>
    <time>2026-08-02T18:07:55Z</time>
   </trkpt>
   <trkpt lat="55.5912430" lon="-2.5600370">
    <ele>102.7</ele>
    <time>2026-08-02T18:07:56Z</time>
   </trkpt>
   <trkpt lat="55.5912430" lon="-2.5600120">
    <ele>102.8</ele>
    <time>2026-08-02T18:07:57Z</time>
   </trkpt>
   <trkpt lat="55.5912500" lon="-2.5600040">
    <ele>102.9</ele>
    <time>2026-08-02T18:07:58Z</time>
   </trkpt>
   <trkpt lat="55.5912500" lon="-2.5599830">
    <ele>103.0</ele>
    <time>2026-08-02T18:07:59Z</time>
   </trkpt>
   <trkpt lat="55.5912640" lon="-2.5599830">
    <ele>103.1</ele>
    <time>2026-08-02T18:08:00Z</time>
   </trkpt>
   <trkpt lat="55.5912640" lon="-2.5599700">
    <ele>103.2</ele>
    <time>2026-08-02T18:08:01Z</time>
   </trkpt>
   <trkpt lat="55.5912700" lon="-2.5599550">
    <ele>103.3</ele>
    <time>2026-08-02T18:08:02Z</time>
   </trkpt>
   <trkpt lat="55.5912760" lon="-2.5599450">
    <ele>103.3</ele>
    <time>2026-08-02T18:08:03Z</time>
   </trkpt>
   <trkpt lat="55.5912790" lon="-2.5599330">
    <ele>103.4</ele>
    <time>2026-08-02T18:08:04Z</time>
   </trkpt>
   <trkpt lat="55.5912820" lon="-2.5599140">
    <ele>103.5</ele>
    <time>2026-08-02T18:08:05Z</time>
   </trkpt>
   <trkpt lat="55.5912810" lon="-2.5599020">
    <ele>103.5</ele>
    <time>2026-08-02T18:08:06Z</time>
   </trkpt>
   <trkpt lat="55.5912850" lon="-2.5598820">
    <ele>103.6</ele>
    <time>2026-08-02T18:08:07Z</time>
   </trkpt>
   <trkpt lat="55.5912900" lon="-2.5598730">
    <ele>103.7</ele>
    <time>2026-08-02T18:08:08Z</time>
   </trkpt>
   <trkpt lat="55.5912960" lon="-2.5598610">
    <ele>103.8</ele>
    <time>2026-08-02T18:08:09Z</time>
   </trkpt>
   <trkpt lat="55.5913030" lon="-2.5598470">
    <ele>103.8</ele>
    <time>2026-08-02T18:08:10Z</time>
   </trkpt>
   <trkpt lat="55.5913080" lon="-2.5598400">
    <ele>103.9</ele>
    <time>2026-08-02T18:08:11Z</time>
   </trkpt>
   <trkpt lat="55.5913150" lon="-2.5598290">
    <ele>104.0</ele>
    <time>2026-08-02T18:08:12Z</time>
   </trkpt>
   <trkpt lat="55.5913190" lon="-2.5598130">
    <ele>104.0</ele>
    <time>2026-08-02T18:08:13Z</time>
   </trkpt>
   <trkpt lat="55.5913270" lon="-2.5598000">
    <ele>104.1</ele>
    <time>2026-08-02T18:08:14Z</time>
   </trkpt>
   <trkpt lat="55.5913280" lon="-2.5597880">
    <ele>104.2</ele>
    <time>2026-08-02T18:08:15Z</time>
   </trkpt>
   <trkpt lat="55.5913290" lon="-2.5597760">
    <ele>104.2</ele>
    <time>2026-08-02T18:08:16Z</time>
   </trkpt>
   <trkpt lat="55.5913310" lon="-2.5597590">
    <ele>104.3</ele>
    <time>2026-08-02T18:08:17Z</time>
   </trkpt>
   <trkpt lat="55.5913400" lon="-2.5597440">
    <ele>104.4</ele>
    <time>2026-08-02T18:08:18Z</time>
   </trkpt>
   <trkpt lat="55.5913470" lon="-2.5597230">
    <ele>104.5</ele>
    <time>2026-08-02T18:08:19Z</time>
   </trkpt>
   <trkpt lat="55.5913600" lon="-2.5597160">
    <ele>104.6</ele>
    <time>2026-08-02T18:08:20Z</time>
   </trkpt>
   <trkpt lat="55.5913660" lon="-2.5597040">
    <ele>104.7</ele>
    <time>2026-08-02T18:08:21Z</time>
   </trkpt>
   <trkpt lat="55.5913600" lon="-2.5596780">
    <ele>104.8</ele>
    <time>2026-08-02T18:08:22Z</time>
   </trkpt>
   <trkpt lat="55.5913730" lon="-2.5596680">
    <ele>104.9</ele>
    <time>2026-08-02T18:08:23Z</time>
   </trkpt>
   <trkpt lat="55.5913780" lon="-2.5596480">
    <ele>105.0</ele>
    <time>2026-08-02T18:08:24Z</time>
   </trkpt>
   <trkpt lat="55.5913720" lon="-2.5595990">
    <ele>105.2</ele>
    <time>2026-08-02T18:08:25Z</time>
   </trkpt>
   <trkpt lat="55.5913710" lon="-2.5595950">
    <ele>105.3</ele>
    <time>2026-08-02T18:08:26Z</time>
   </trkpt>
   <trkpt lat="55.5913900" lon="-2.5595980">
    <ele>105.4</ele>
    <time>2026-08-02T18:08:27Z</time>
   </trkpt>
   <trkpt lat="55.5913970" lon="-2.5595910">
    <ele>105.5</ele>
    <time>2026-08-02T18:08:28Z</time>
   </trkpt>
   <trkpt lat="55.5914030" lon="-2.5595750">
    <ele>105.6</ele>
    <time>2026-08-02T18:08:29Z</time>
   </trkpt>
   <trkpt lat="55.5914060" lon="-2.5595590">
    <ele>105.6</ele>
    <time>2026-08-02T18:08:30Z</time>
   </trkpt>
   <trkpt lat="55.5914090" lon="-2.5595370">
    <ele>105.7</ele>
    <time>2026-08-02T18:08:31Z</time>
   </trkpt>
   <trkpt lat="55.5914160" lon="-2.5595280">
    <ele>105.8</ele>
    <time>2026-08-02T18:08:32Z</time>
   </trkpt>
   <trkpt lat="55.5914270" lon="-2.5595220">
    <ele>105.9</ele>
    <time>2026-08-02T18:08:33Z</time>
   </trkpt>
   <trkpt lat="55.5914290" lon="-2.5595010">
    <ele>106.0</ele>
    <time>2026-08-02T18:08:34Z</time>
   </trkpt>
   <trkpt lat="55.5914180" lon="-2.5594690">
    <ele>106.1</ele>
    <time>2026-08-02T18:08:35Z</time>
   </trkpt>
   <trkpt lat="55.5914170" lon="-2.5594640">
    <ele>106.2</ele>
    <time>2026-08-02T18:08:36Z</time>
   </trkpt>
   <trkpt lat="55.5914290" lon="-2.5594520">
    <ele>106.3</ele>
    <time>2026-08-02T18:08:37Z</time>
   </trkpt>
   <trkpt lat="55.5914360" lon="-2.5594390">
    <ele>106.4</ele>
    <time>2026-08-02T18:08:38Z</time>
   </trkpt>
   <trkpt lat="55.5914430" lon="-2.5594310">
    <ele>106.4</ele>
    <time>2026-08-02T18:08:39Z</time>
   </trkpt>
   <trkpt lat="55.5914540" lon="-2.5594190">
    <ele>106.5</ele>
    <time>2026-08-02T18:08:40Z</time>
   </trkpt>
   <trkpt lat="55.5914520" lon="-2.5593960">
    <ele>106.6</ele>
    <time>2026-08-02T18:08:41Z</time>
   </trkpt>
   <trkpt lat="55.5914590" lon="-2.5593850">
    <ele>106.7</ele>
    <time>2026-08-02T18:08:42Z</time>
   </trkpt>
   <trkpt lat="55.5914690" lon="-2.5593710">
    <ele>106.8</ele>
    <time>2026-08-02T18:08:43Z</time>
   </trkpt>
   <trkpt lat="55.5914790" lon="-2.5593510">
    <ele>106.9</ele>
    <time>2026-08-02T18:08:44Z</time>
   </trkpt>
   <trkpt lat="55.5914860" lon="-2.5593400">
    <ele>107.0</ele>
    <time>2026-08-02T18:08:45Z</time>
   </trkpt>
   <trkpt lat="55.5914710" lon="-2.5593300">
    <ele>107.1</ele>
    <time>2026-08-02T18:08:46Z</time>
   </trkpt>
   <trkpt lat="55.5914750" lon="-2.5593130">
    <ele>107.2</ele>
    <time>2026-08-02T18:08:47Z</time>
   </trkpt>
   <trkpt lat="55.5914860" lon="-2.5593040">
    <ele>107.3</ele>
    <time>2026-08-02T18:08:48Z</time>
   </trkpt>
   <trkpt lat="55.5914920" lon="-2.5592850">
    <ele>107.4</ele>
    <time>2026-08-02T18:08:49Z</time>
   </trkpt>
   <trkpt lat="55.5914940" lon="-2.5592660">
    <ele>107.5</ele>
    <time>2026-08-02T18:08:50Z</time>
   </trkpt>
   <trkpt lat="55.5915050" lon="-2.5592530">
    <ele>107.6</ele>
    <time>2026-08-02T18:08:51Z</time>
   </trkpt>
   <trkpt lat="55.5915190" lon="-2.5592510">
    <ele>107.7</ele>
    <time>2026-08-02T18:08:52Z</time>
   </trkpt>
   <trkpt lat="55.5915190" lon="-2.5592410">
    <ele>107.8</ele>
    <time>2026-08-02T18:08:53Z</time>
   </trkpt>
   <trkpt lat="55.5915240" lon="-2.5592190">
    <ele>107.9</ele>
    <time>2026-08-02T18:08:54Z</time>
   </trkpt>
   <trkpt lat="55.5915320" lon="-2.5591950">
    <ele>108.0</ele>
    <time>2026-08-02T18:08:55Z</time>
   </trkpt>
   <trkpt lat="55.5915360" lon="-2.5591800">
    <ele>108.1</ele>
    <time>2026-08-02T18:08:56Z</time>
   </trkpt>
   <trkpt lat="55.5915430" lon="-2.5591730">
    <ele>108.1</ele>
    <time>2026-08-02T18:08:57Z</time>
   </trkpt>
   <trkpt lat="55.5915540" lon="-2.5591630">
    <ele>108.2</ele>
    <time>2026-08-02T18:08:58Z</time>
   </trkpt>
   <trkpt lat="55.5915660" lon="-2.5591460">
    <ele>108.3</ele>
    <time>2026-08-02T18:08:59Z</time>
   </trkpt>
   <trkpt lat="55.5915710" lon="-2.5591280">
    <ele>108.4</ele>
    <time>2026-08-02T18:09:00Z</time>
   </trkpt>
   <trkpt lat="55.5915710" lon="-2.5591170">
    <ele>108.5</ele>
    <time>2026-08-02T18:09:01Z</time>
   </trkpt>
   <trkpt lat="55.5915790" lon="-2.5591070">
    <ele>108.5</ele>
    <time>2026-08-02T18:09:02Z</time>
   </trkpt>
   <trkpt lat="55.5915790" lon="-2.5590840">
    <ele>108.6</ele>
    <time>2026-08-02T18:09:03Z</time>
   </trkpt>
   <trkpt lat="55.5915820" lon="-2.5590720">
    <ele>108.7</ele>
    <time>2026-08-02T18:09:04Z</time>
   </trkpt>
   <trkpt lat="55.5915870" lon="-2.5590480">
    <ele>108.8</ele>
    <time>2026-08-02T18:09:05Z</time>
   </trkpt>
   <trkpt lat="55.5915900" lon="-2.5590290">
    <ele>108.9</ele>
    <time>2026-08-02T18:09:07Z</time>
   </trkpt>
   <trkpt lat="55.5915990" lon="-2.5590230">
    <ele>109.0</ele>
    <time>2026-08-02T18:09:08Z</time>
   </trkpt>
   <trkpt lat="55.5916070" lon="-2.5590030">
    <ele>109.1</ele>
    <time>2026-08-02T18:09:09Z</time>
   </trkpt>
   <trkpt lat="55.5916150" lon="-2.5589890">
    <ele>109.2</ele>
    <time>2026-08-02T18:09:10Z</time>
   </trkpt>
   <trkpt lat="55.5916180" lon="-2.5589670">
    <ele>109.3</ele>
    <time>2026-08-02T18:09:11Z</time>
   </trkpt>
   <trkpt lat="55.5916230" lon="-2.5589520">
    <ele>109.3</ele>
    <time>2026-08-02T18:09:12Z</time>
   </trkpt>
   <trkpt lat="55.5916300" lon="-2.5589380">
    <ele>109.4</ele>
    <time>2026-08-02T18:09:13Z</time>
   </trkpt>
   <trkpt lat="55.5916410" lon="-2.5589250">
    <ele>109.5</ele>
    <time>2026-08-02T18:09:14Z</time>
   </trkpt>
   <trkpt lat="55.5916520" lon="-2.5589170">
    <ele>109.6</ele>
    <time>2026-08-02T18:09:15Z</time>
   </trkpt>
   <trkpt lat="55.5916490" lon="-2.5589030">
    <ele>109.6</ele>
    <time>2026-08-02T18:09:16Z</time>
   </trkpt>
   <trkpt lat="55.5916510" lon="-2.5588870">
    <ele>109.7</ele>
    <time>2026-08-02T18:09:17Z</time>
   </trkpt>
   <trkpt lat="55.5916600" lon="-2.5588730">
    <ele>109.8</ele>
    <time>2026-08-02T18:09:18Z</time>
   </trkpt>
   <trkpt lat="55.5916630" lon="-2.5588510">
    <ele>109.9</ele>
    <time>2026-08-02T18:09:19Z</time>
   </trkpt>
   <trkpt lat="55.5916780" lon="-2.5588270">
    <ele>110.0</ele>
    <time>2026-08-02T18:09:20Z</time>
   </trkpt>
   <trkpt lat="55.5916800" lon="-2.5588110">
    <ele>110.1</ele>
    <time>2026-08-02T18:09:21Z</time>
   </trkpt>
   <trkpt lat="55.5916890" lon="-2.5588050">
    <ele>110.2</ele>
    <time>2026-08-02T18:09:22Z</time>
   </trkpt>
   <trkpt lat="55.5916940" lon="-2.5587940">
    <ele>110.2</ele>
    <time>2026-08-02T18:09:23Z</time>
   </trkpt>
   <trkpt lat="55.5916990" lon="-2.5587850">
    <ele>110.3</ele>
    <time>2026-08-02T18:09:24Z</time>
   </trkpt>
   <trkpt lat="55.5917070" lon="-2.5587690">
    <ele>110.4</ele>
    <time>2026-08-02T18:09:25Z</time>
   </trkpt>
   <trkpt lat="55.5917060" lon="-2.5587640">
    <ele>110.4</ele>
    <time>2026-08-02T18:09:26Z</time>
   </trkpt>
   <trkpt lat="55.5917040" lon="-2.5587610">
    <ele>110.4</ele>
    <time>2026-08-02T18:09:27Z</time>
   </trkpt>
   <trkpt lat="55.5917020" lon="-2.5587610">
    <ele>110.4</ele>
    <time>2026-08-02T18:09:28Z</time>
   </trkpt>
   <trkpt lat="55.5917080" lon="-2.5587570">
    <ele>110.5</ele>
    <time>2026-08-02T18:09:29Z</time>
   </trkpt>
   <trkpt lat="55.5917160" lon="-2.5587520">
    <ele>110.5</ele>
    <time>2026-08-02T18:09:30Z</time>
   </trkpt>
   <trkpt lat="55.5917130" lon="-2.5587480">
    <ele>110.5</ele>
    <time>2026-08-02T18:09:31Z</time>
   </trkpt>
   <trkpt lat="55.5917180" lon="-2.5587340">
    <ele>110.6</ele>
    <time>2026-08-02T18:09:32Z</time>
   </trkpt>
   <trkpt lat="55.5917200" lon="-2.5587190">
    <ele>110.7</ele>
    <time>2026-08-02T18:09:33Z</time>
   </trkpt>
   <trkpt lat="55.5917260" lon="-2.5587110">
    <ele>110.7</ele>
    <time>2026-08-02T18:09:34Z</time>
   </trkpt>
   <trkpt lat="55.5917290" lon="-2.5586970">
    <ele>110.8</ele>
    <time>2026-08-02T18:09:35Z</time>
   </trkpt>
   <trkpt lat="55.5917370" lon="-2.5586860">
    <ele>110.9</ele>
    <time>2026-08-02T18:09:36Z</time>
   </trkpt>
   <trkpt lat="55.5917360" lon="-2.5586710">
    <ele>110.9</ele>
    <time>2026-08-02T18:09:37Z</time>
   </trkpt>
   <trkpt lat="55.5917460" lon="-2.5586460">
    <ele>111.0</ele>
    <time>2026-08-02T18:09:38Z</time>
   </trkpt>
   <trkpt lat="55.5917450" lon="-2.5586300">
    <ele>111.1</ele>
    <time>2026-08-02T18:09:39Z</time>
   </trkpt>
   <trkpt lat="55.5917700" lon="-2.5586300">
    <ele>111.3</ele>
    <time>2026-08-02T18:09:40Z</time>
   </trkpt>
   <trkpt lat="55.5917680" lon="-2.5586060">
    <ele>111.4</ele>
    <time>2026-08-02T18:09:41Z</time>
   </trkpt>
   <trkpt lat="55.5917730" lon="-2.5585860">
    <ele>111.5</ele>
    <time>2026-08-02T18:09:42Z</time>
   </trkpt>
   <trkpt lat="55.5917700" lon="-2.5585590">
    <ele>111.6</ele>
    <time>2026-08-02T18:09:43Z</time>
   </trkpt>
   <trkpt lat="55.5917710" lon="-2.5585430">
    <ele>111.6</ele>
    <time>2026-08-02T18:09:44Z</time>
   </trkpt>
   <trkpt lat="55.5917560" lon="-2.5585060">
    <ele>111.8</ele>
    <time>2026-08-02T18:09:45Z</time>
   </trkpt>
   <trkpt lat="55.5917610" lon="-2.5584990">
    <ele>111.8</ele>
    <time>2026-08-02T18:09:46Z</time>
   </trkpt>
   <trkpt lat="55.5917610" lon="-2.5584840">
    <ele>111.9</ele>
    <time>2026-08-02T18:09:47Z</time>
   </trkpt>
   <trkpt lat="55.5917520" lon="-2.5584590">
    <ele>112.0</ele>
    <time>2026-08-02T18:09:48Z</time>
   </trkpt>
   <trkpt lat="55.5917470" lon="-2.5584520">
    <ele>112.0</ele>
    <time>2026-08-02T18:09:49Z</time>
   </trkpt>
   <trkpt lat="55.5917480" lon="-2.5584390">
    <ele>112.1</ele>
    <time>2026-08-02T18:09:50Z</time>
   </trkpt>
   <trkpt lat="55.5917490" lon="-2.5584230">
    <ele>112.1</ele>
    <time>2026-08-02T18:09:51Z</time>
   </trkpt>
   <trkpt lat="55.5917460" lon="-2.5584120">
    <ele>112.2</ele>
    <time>2026-08-02T18:09:52Z</time>
   </trkpt>
   <trkpt lat="55.5917430" lon="-2.5584000">
    <ele>112.2</ele>
    <time>2026-08-02T18:09:53Z</time>
   </trkpt>
   <trkpt lat="55.5917350" lon="-2.5583850">
    <ele>112.3</ele>
    <time>2026-08-02T18:09:54Z</time>
   </trkpt>
   <trkpt lat="55.5917280" lon="-2.5583680">
    <ele>112.4</ele>
    <time>2026-08-02T18:09:55Z</time>
   </trkpt>
   <trkpt lat="55.5917230" lon="-2.5583580">
    <ele>112.4</ele>
    <time>2026-08-02T18:09:56Z</time>
   </trkpt>
   <trkpt lat="55.5917110" lon="-2.5583420">
    <ele>112.5</ele>
    <time>2026-08-02T18:09:57Z</time>
   </trkpt>
   <trkpt lat="55.5917160" lon="-2.5583330">
    <ele>112.5</ele>
    <time>2026-08-02T18:09:58Z</time>
   </trkpt>
   <trkpt lat="55.5917050" lon="-2.5583270">
    <ele>112.5</ele>
    <time>2026-08-02T18:09:59Z</time>
   </trkpt>
   <trkpt lat="55.5916970" lon="-2.5583190">
    <ele>112.5</ele>
    <time>2026-08-02T18:10:00Z</time>
   </trkpt>
   <trkpt lat="55.5916880" lon="-2.5583170">
    <ele>112.6</ele>
    <time>2026-08-02T18:10:01Z</time>
   </trkpt>
   <trkpt lat="55.5916780" lon="-2.5583060">
    <ele>112.6</ele>
    <time>2026-08-02T18:10:02Z</time>
   </trkpt>
   <trkpt lat="55.5916680" lon="-2.5582970">
    <ele>112.6</ele>
    <time>2026-08-02T18:10:03Z</time>
   </trkpt>
   <trkpt lat="55.5916640" lon="-2.5582820">
    <ele>112.6</ele>
    <time>2026-08-02T18:10:04Z</time>
   </trkpt>
   <trkpt lat="55.5916620" lon="-2.5582580">
    <ele>112.6</ele>
    <time>2026-08-02T18:10:05Z</time>
   </trkpt>
   <trkpt lat="55.5916490" lon="-2.5582470">
    <ele>112.6</ele>
    <time>2026-08-02T18:10:06Z</time>
   </trkpt>
   <trkpt lat="55.5916440" lon="-2.5582320">
    <ele>112.6</ele>
    <time>2026-08-02T18:10:07Z</time>
   </trkpt>
   <trkpt lat="55.5916370" lon="-2.5582280">
    <ele>112.6</ele>
    <time>2026-08-02T18:10:08Z</time>
   </trkpt>
   <trkpt lat="55.5916300" lon="-2.5582180">
    <ele>112.6</ele>
    <time>2026-08-02T18:10:09Z</time>
   </trkpt>
   <trkpt lat="55.5916220" lon="-2.5582060">
    <ele>112.7</ele>
    <time>2026-08-02T18:10:10Z</time>
   </trkpt>
   <trkpt lat="55.5916170" lon="-2.5581980">
    <ele>112.7</ele>
    <time>2026-08-02T18:10:11Z</time>
   </trkpt>
   <trkpt lat="55.5916070" lon="-2.5581890">
    <ele>112.7</ele>
    <time>2026-08-02T18:10:12Z</time>
   </trkpt>
   <trkpt lat="55.5915950" lon="-2.5581750">
    <ele>112.7</ele>
    <time>2026-08-02T18:10:13Z</time>
   </trkpt>
   <trkpt lat="55.5915860" lon="-2.5581660">
    <ele>112.7</ele>
    <time>2026-08-02T18:10:14Z</time>
   </trkpt>
   <trkpt lat="55.5915830" lon="-2.5581600">
    <ele>112.7</ele>
    <time>2026-08-02T18:10:15Z</time>
   </trkpt>
   <trkpt lat="55.5915770" lon="-2.5581440">
    <ele>112.7</ele>
    <time>2026-08-02T18:10:16Z</time>
   </trkpt>
   <trkpt lat="55.5915680" lon="-2.5581270">
    <ele>112.7</ele>
    <time>2026-08-02T18:10:17Z</time>
   </trkpt>
   <trkpt lat="55.5915620" lon="-2.5581110">
    <ele>112.7</ele>
    <time>2026-08-02T18:10:18Z</time>
   </trkpt>
   <trkpt lat="55.5915520" lon="-2.5580990">
    <ele>112.7</ele>
    <time>2026-08-02T18:10:19Z</time>
   </trkpt>
   <trkpt lat="55.5915460" lon="-2.5580860">
    <ele>112.7</ele>
    <time>2026-08-02T18:10:20Z</time>
   </trkpt>
   <trkpt lat="55.5915390" lon="-2.5580720">
    <ele>112.7</ele>
    <time>2026-08-02T18:10:21Z</time>
   </trkpt>
   <trkpt lat="55.5915280" lon="-2.5580610">
    <ele>112.7</ele>
    <time>2026-08-02T18:10:22Z</time>
   </trkpt>
   <trkpt lat="55.5915210" lon="-2.5580520">
    <ele>112.7</ele>
    <time>2026-08-02T18:10:23Z</time>
   </trkpt>
   <trkpt lat="55.5915140" lon="-2.5580390">
    <ele>112.8</ele>
    <time>2026-08-02T18:10:24Z</time>
   </trkpt>
   <trkpt lat="55.5915200" lon="-2.5580460">
    <ele>112.7</ele>
    <time>2026-08-02T18:10:25Z</time>
   </trkpt>
   <trkpt lat="55.5915190" lon="-2.5580420">
    <ele>112.7</ele>
    <time>2026-08-02T18:10:26Z</time>
   </trkpt>
   <trkpt lat="55.5915430" lon="-2.5579990">
    <ele>112.7</ele>
    <time>2026-08-02T18:10:27Z</time>
   </trkpt>
   <trkpt lat="55.5915420" lon="-2.5580080">
    <ele>112.7</ele>
    <time>2026-08-02T18:10:28Z</time>
   </trkpt>
   <trkpt lat="55.5915420" lon="-2.5580080">
    <ele>112.7</ele>
    <time>2026-08-02T18:10:29Z</time>
   </trkpt>
   <trkpt lat="55.5915340" lon="-2.5580280">
    <ele>112.7</ele>
    <time>2026-08-02T18:10:30Z</time>
   </trkpt>
   <trkpt lat="55.5915370" lon="-2.5580300">
    <ele>112.7</ele>
    <time>2026-08-02T18:10:31Z</time>
   </trkpt>
   <trkpt lat="55.5915290" lon="-2.5580270">
    <ele>112.7</ele>
    <time>2026-08-02T18:10:32Z</time>
   </trkpt>
   <trkpt lat="55.5915190" lon="-2.5580180">
    <ele>112.7</ele>
    <time>2026-08-02T18:10:33Z</time>
   </trkpt>
   <trkpt lat="55.5915070" lon="-2.5580060">
    <ele>112.7</ele>
    <time>2026-08-02T18:10:34Z</time>
   </trkpt>
   <trkpt lat="55.5914990" lon="-2.5579900">
    <ele>112.6</ele>
    <time>2026-08-02T18:10:35Z</time>
   </trkpt>
   <trkpt lat="55.5914910" lon="-2.5579750">
    <ele>112.6</ele>
    <time>2026-08-02T18:10:36Z</time>
   </trkpt>
   <trkpt lat="55.5914920" lon="-2.5579650">
    <ele>112.6</ele>
    <time>2026-08-02T18:10:37Z</time>
   </trkpt>
   <trkpt lat="55.5914860" lon="-2.5579530">
    <ele>112.6</ele>
    <time>2026-08-02T18:10:38Z</time>
   </trkpt>
   <trkpt lat="55.5914800" lon="-2.5579410">
    <ele>112.6</ele>
    <time>2026-08-02T18:10:39Z</time>
   </trkpt>
   <trkpt lat="55.5914720" lon="-2.5579250">
    <ele>112.6</ele>
    <time>2026-08-02T18:10:40Z</time>
   </trkpt>
   <trkpt lat="55.5914620" lon="-2.5579170">
    <ele>112.5</ele>
    <time>2026-08-02T18:10:41Z</time>
   </trkpt>
   <trkpt lat="55.5914590" lon="-2.5578990">
    <ele>112.5</ele>
    <time>2026-08-02T18:10:42Z</time>
   </trkpt>
   <trkpt lat="55.5914510" lon="-2.5578900">
    <ele>112.5</ele>
    <time>2026-08-02T18:10:43Z</time>
   </trkpt>
   <trkpt lat="55.5914470" lon="-2.5578730">
    <ele>112.5</ele>
    <time>2026-08-02T18:10:44Z</time>
   </trkpt>
   <trkpt lat="55.5914400" lon="-2.5578560">
    <ele>112.5</ele>
    <time>2026-08-02T18:10:45Z</time>
   </trkpt>
   <trkpt lat="55.5914310" lon="-2.5578430">
    <ele>112.5</ele>
    <time>2026-08-02T18:10:46Z</time>
   </trkpt>
   <trkpt lat="55.5914270" lon="-2.5578300">
    <ele>112.4</ele>
    <time>2026-08-02T18:10:47Z</time>
   </trkpt>
   <trkpt lat="55.5914180" lon="-2.5578180">
    <ele>112.4</ele>
    <time>2026-08-02T18:10:48Z</time>
   </trkpt>
   <trkpt lat="55.5914130" lon="-2.5577980">
    <ele>112.4</ele>
    <time>2026-08-02T18:10:49Z</time>
   </trkpt>
   <trkpt lat="55.5914060" lon="-2.5577790">
    <ele>112.4</ele>
    <time>2026-08-02T18:10:50Z</time>
   </trkpt>
   <trkpt lat="55.5913990" lon="-2.5577680">
    <ele>112.3</ele>
    <time>2026-08-02T18:10:51Z</time>
   </trkpt>
   <trkpt lat="55.5913920" lon="-2.5577570">
    <ele>112.3</ele>
    <time>2026-08-02T18:10:52Z</time>
   </trkpt>
   <trkpt lat="55.5913840" lon="-2.5577440">
    <ele>112.3</ele>
    <time>2026-08-02T18:10:53Z</time>
   </trkpt>
   <trkpt lat="55.5913780" lon="-2.5577250">
    <ele>112.3</ele>
    <time>2026-08-02T18:10:54Z</time>
   </trkpt>
   <trkpt lat="55.5913700" lon="-2.5577180">
    <ele>112.2</ele>
    <time>2026-08-02T18:10:55Z</time>
   </trkpt>
   <trkpt lat="55.5913640" lon="-2.5577090">
    <ele>112.2</ele>
    <time>2026-08-02T18:10:56Z</time>
   </trkpt>
   <trkpt lat="55.5913580" lon="-2.5577010">
    <ele>112.2</ele>
    <time>2026-08-02T18:10:57Z</time>
   </trkpt>
   <trkpt lat="55.5913470" lon="-2.5576700">
    <ele>112.1</ele>
    <time>2026-08-02T18:10:58Z</time>
   </trkpt>
   <trkpt lat="55.5913330" lon="-2.5576280">
    <ele>112.1</ele>
    <time>2026-08-02T18:10:59Z</time>
   </trkpt>
   <trkpt lat="55.5913270" lon="-2.5576350">
    <ele>112.0</ele>
    <time>2026-08-02T18:11:00Z</time>
   </trkpt>
   <trkpt lat="55.5913120" lon="-2.5576310">
    <ele>112.0</ele>
    <time>2026-08-02T18:11:01Z</time>
   </trkpt>
   <trkpt lat="55.5913100" lon="-2.5576130">
    <ele>112.0</ele>
    <time>2026-08-02T18:11:02Z</time>
   </trkpt>
   <trkpt lat="55.5913040" lon="-2.5576090">
    <ele>112.0</ele>
    <time>2026-08-02T18:11:03Z</time>
   </trkpt>
   <trkpt lat="55.5912960" lon="-2.5575940">
    <ele>111.9</ele>
    <time>2026-08-02T18:11:04Z</time>
   </trkpt>
   <trkpt lat="55.5912890" lon="-2.5575880">
    <ele>111.9</ele>
    <time>2026-08-02T18:11:05Z</time>
   </trkpt>
   <trkpt lat="55.5912890" lon="-2.5575620">
    <ele>111.8</ele>
    <time>2026-08-02T18:11:06Z</time>
   </trkpt>
   <trkpt lat="55.5912810" lon="-2.5575500">
    <ele>111.8</ele>
    <time>2026-08-02T18:11:07Z</time>
   </trkpt>
   <trkpt lat="55.5912760" lon="-2.5575410">
    <ele>111.8</ele>
    <time>2026-08-02T18:11:08Z</time>
   </trkpt>
   <trkpt lat="55.5912710" lon="-2.5575260">
    <ele>111.7</ele>
    <time>2026-08-02T18:11:09Z</time>
   </trkpt>
   <trkpt lat="55.5912670" lon="-2.5575150">
    <ele>111.7</ele>
    <time>2026-08-02T18:11:10Z</time>
   </trkpt>
   <trkpt lat="55.5912620" lon="-2.5575090">
    <ele>111.7</ele>
    <time>2026-08-02T18:11:11Z</time>
   </trkpt>
   <trkpt lat="55.5912530" lon="-2.5574890">
    <ele>111.7</ele>
    <time>2026-08-02T18:11:13Z</time>
   </trkpt>
   <trkpt lat="55.5912380" lon="-2.5574640">
    <ele>111.6</ele>
    <time>2026-08-02T18:11:14Z</time>
   </trkpt>
   <trkpt lat="55.5912350" lon="-2.5574530">
    <ele>111.6</ele>
    <time>2026-08-02T18:11:15Z</time>
   </trkpt>
   <trkpt lat="55.5912320" lon="-2.5574470">
    <ele>111.5</ele>
    <time>2026-08-02T18:11:16Z</time>
   </trkpt>
   <trkpt lat="55.5912270" lon="-2.5574320">
    <ele>111.5</ele>
    <time>2026-08-02T18:11:17Z</time>
   </trkpt>
   <trkpt lat="55.5912170" lon="-2.5574180">
    <ele>111.5</ele>
    <time>2026-08-02T18:11:18Z</time>
   </trkpt>
   <trkpt lat="55.5912100" lon="-2.5574100">
    <ele>111.4</ele>
    <time>2026-08-02T18:11:19Z</time>
   </trkpt>
   <trkpt lat="55.5912090" lon="-2.5574000">
    <ele>111.4</ele>
    <time>2026-08-02T18:11:20Z</time>
   </trkpt>
   <trkpt lat="55.5912050" lon="-2.5573970">
    <ele>111.4</ele>
    <time>2026-08-02T18:11:21Z</time>
   </trkpt>
   <trkpt lat="55.5911890" lon="-2.5573420">
    <ele>111.3</ele>
    <time>2026-08-02T18:11:22Z</time>
   </trkpt>
   <trkpt lat="55.5911890" lon="-2.5573500">
    <ele>111.3</ele>
    <time>2026-08-02T18:11:23Z</time>
   </trkpt>
   <trkpt lat="55.5911830" lon="-2.5573300">
    <ele>111.2</ele>
    <time>2026-08-02T18:11:24Z</time>
   </trkpt>
   <trkpt lat="55.5911680" lon="-2.5573120">
    <ele>111.1</ele>
    <time>2026-08-02T18:11:25Z</time>
   </trkpt>
   <trkpt lat="55.5911600" lon="-2.5572990">
    <ele>111.1</ele>
    <time>2026-08-02T18:11:26Z</time>
   </trkpt>
   <trkpt lat="55.5911510" lon="-2.5573010">
    <ele>111.1</ele>
    <time>2026-08-02T18:11:27Z</time>
   </trkpt>
   <trkpt lat="55.5911460" lon="-2.5573040">
    <ele>111.0</ele>
    <time>2026-08-02T18:11:28Z</time>
   </trkpt>
   <trkpt lat="55.5911290" lon="-2.5572640">
    <ele>110.9</ele>
    <time>2026-08-02T18:11:29Z</time>
   </trkpt>
   <trkpt lat="55.5911260" lon="-2.5572380">
    <ele>110.9</ele>
    <time>2026-08-02T18:11:30Z</time>
   </trkpt>
   <trkpt lat="55.5911250" lon="-2.5572270">
    <ele>110.8</ele>
    <time>2026-08-02T18:11:31Z</time>
   </trkpt>
   <trkpt lat="55.5911140" lon="-2.5572470">
    <ele>110.8</ele>
    <time>2026-08-02T18:11:32Z</time>
   </trkpt>
   <trkpt lat="55.5911090" lon="-2.5572190">
    <ele>110.7</ele>
    <time>2026-08-02T18:11:33Z</time>
   </trkpt>
   <trkpt lat="55.5911040" lon="-2.5572130">
    <ele>110.7</ele>
    <time>2026-08-02T18:11:34Z</time>
   </trkpt>
   <trkpt lat="55.5911050" lon="-2.5572080">
    <ele>110.7</ele>
    <time>2026-08-02T18:11:35Z</time>
   </trkpt>
   <trkpt lat="55.5911030" lon="-2.5571730">
    <ele>110.6</ele>
    <time>2026-08-02T18:11:36Z</time>
   </trkpt>
   <trkpt lat="55.5910930" lon="-2.5571620">
    <ele>110.5</ele>
    <time>2026-08-02T18:11:37Z</time>
   </trkpt>
   <trkpt lat="55.5910850" lon="-2.5571560">
    <ele>110.5</ele>
    <time>2026-08-02T18:11:38Z</time>
   </trkpt>
   <trkpt lat="55.5910810" lon="-2.5571360">
    <ele>110.5</ele>
    <time>2026-08-02T18:11:39Z</time>
   </trkpt>
   <trkpt lat="55.5910730" lon="-2.5571250">
    <ele>110.4</ele>
    <time>2026-08-02T18:11:40Z</time>
   </trkpt>
   <trkpt lat="55.5910670" lon="-2.5571150">
    <ele>110.4</ele>
    <time>2026-08-02T18:11:41Z</time>
   </trkpt>
   <trkpt lat="55.5910600" lon="-2.5571030">
    <ele>110.4</ele>
    <time>2026-08-02T18:11:42Z</time>
   </trkpt>
   <trkpt lat="55.5910520" lon="-2.5570900">
    <ele>110.3</ele>
    <time>2026-08-02T18:11:43Z</time>
   </trkpt>
   <trkpt lat="55.5910470" lon="-2.5570740">
    <ele>110.3</ele>
    <time>2026-08-02T18:11:44Z</time>
   </trkpt>
   <trkpt lat="55.5910430" lon="-2.5570670">
    <ele>110.3</ele>
    <time>2026-08-02T18:11:45Z</time>
   </trkpt>
   <trkpt lat="55.5910310" lon="-2.5570520">
    <ele>110.2</ele>
    <time>2026-08-02T18:11:46Z</time>
   </trkpt>
   <trkpt lat="55.5910260" lon="-2.5570330">
    <ele>110.1</ele>
    <time>2026-08-02T18:11:47Z</time>
   </trkpt>
   <trkpt lat="55.5910200" lon="-2.5570110">
    <ele>110.1</ele>
    <time>2026-08-02T18:11:48Z</time>
   </trkpt>
   <trkpt lat="55.5910100" lon="-2.5570050">
    <ele>110.1</ele>
    <time>2026-08-02T18:11:49Z</time>
   </trkpt>
   <trkpt lat="55.5910060" lon="-2.5569910">
    <ele>110.0</ele>
    <time>2026-08-02T18:11:50Z</time>
   </trkpt>
   <trkpt lat="55.5910010" lon="-2.5569760">
    <ele>110.0</ele>
    <time>2026-08-02T18:11:51Z</time>
   </trkpt>
   <trkpt lat="55.5909980" lon="-2.5569640">
    <ele>110.0</ele>
    <time>2026-08-02T18:11:52Z</time>
   </trkpt>
   <trkpt lat="55.5909930" lon="-2.5569620">
    <ele>109.9</ele>
    <time>2026-08-02T18:11:53Z</time>
   </trkpt>
   <trkpt lat="55.5909840" lon="-2.5569510">
    <ele>109.9</ele>
    <time>2026-08-02T18:11:54Z</time>
   </trkpt>
   <trkpt lat="55.5909770" lon="-2.5569340">
    <ele>109.8</ele>
    <time>2026-08-02T18:11:55Z</time>
   </trkpt>
   <trkpt lat="55.5909670" lon="-2.5569160">
    <ele>109.8</ele>
    <time>2026-08-02T18:11:56Z</time>
   </trkpt>
   <trkpt lat="55.5909580" lon="-2.5569070">
    <ele>109.8</ele>
    <time>2026-08-02T18:11:57Z</time>
   </trkpt>
   <trkpt lat="55.5909450" lon="-2.5569020">
    <ele>109.7</ele>
    <time>2026-08-02T18:11:58Z</time>
   </trkpt>
   <trkpt lat="55.5909400" lon="-2.5568980">
    <ele>109.7</ele>
    <time>2026-08-02T18:11:59Z</time>
   </trkpt>
   <trkpt lat="55.5909260" lon="-2.5568440">
    <ele>109.6</ele>
    <time>2026-08-02T18:12:00Z</time>
   </trkpt>
   <trkpt lat="55.5909250" lon="-2.5568430">
    <ele>109.6</ele>
    <time>2026-08-02T18:12:01Z</time>
   </trkpt>
   <trkpt lat="55.5909230" lon="-2.5568370">
    <ele>109.5</ele>
    <time>2026-08-02T18:12:02Z</time>
   </trkpt>
   <trkpt lat="55.5908990" lon="-2.5568370">
    <ele>109.5</ele>
    <time>2026-08-02T18:12:03Z</time>
   </trkpt>
   <trkpt lat="55.5908940" lon="-2.5568290">
    <ele>109.5</ele>
    <time>2026-08-02T18:12:04Z</time>
   </trkpt>
   <trkpt lat="55.5908980" lon="-2.5568020">
    <ele>109.5</ele>
    <time>2026-08-02T18:12:05Z</time>
   </trkpt>
   <trkpt lat="55.5908930" lon="-2.5567800">
    <ele>109.5</ele>
    <time>2026-08-02T18:12:06Z</time>
   </trkpt>
   <trkpt lat="55.5908880" lon="-2.5567630">
    <ele>109.4</ele>
    <time>2026-08-02T18:12:07Z</time>
   </trkpt>
   <trkpt lat="55.5908800" lon="-2.5567570">
    <ele>109.4</ele>
    <time>2026-08-02T18:12:08Z</time>
   </trkpt>
   <trkpt lat="55.5908740" lon="-2.5567510">
    <ele>109.4</ele>
    <time>2026-08-02T18:12:09Z</time>
   </trkpt>
   <trkpt lat="55.5908660" lon="-2.5567370">
    <ele>109.4</ele>
    <time>2026-08-02T18:12:10Z</time>
   </trkpt>
   <trkpt lat="55.5908580" lon="-2.5567270">
    <ele>109.4</ele>
    <time>2026-08-02T18:12:11Z</time>
   </trkpt>
   <trkpt lat="55.5908490" lon="-2.5567100">
    <ele>109.4</ele>
    <time>2026-08-02T18:12:12Z</time>
   </trkpt>
   <trkpt lat="55.5908430" lon="-2.5566950">
    <ele>109.4</ele>
    <time>2026-08-02T18:12:13Z</time>
   </trkpt>
   <trkpt lat="55.5908400" lon="-2.5566780">
    <ele>109.3</ele>
    <time>2026-08-02T18:12:14Z</time>
   </trkpt>
   <trkpt lat="55.5908350" lon="-2.5566760">
    <ele>109.3</ele>
    <time>2026-08-02T18:12:15Z</time>
   </trkpt>
   <trkpt lat="55.5908190" lon="-2.5566380">
    <ele>109.3</ele>
    <time>2026-08-02T18:12:16Z</time>
   </trkpt>
   <trkpt lat="55.5908150" lon="-2.5566380">
    <ele>109.3</ele>
    <time>2026-08-02T18:12:17Z</time>
   </trkpt>
   <trkpt lat="55.5908090" lon="-2.5566290">
    <ele>109.3</ele>
    <time>2026-08-02T18:12:18Z</time>
   </trkpt>
   <trkpt lat="55.5908060" lon="-2.5566340">
    <ele>109.3</ele>
    <time>2026-08-02T18:12:19Z</time>
   </trkpt>
   <trkpt lat="55.5907940" lon="-2.5566130">
    <ele>109.2</ele>
    <time>2026-08-02T18:12:20Z</time>
   </trkpt>
   <trkpt lat="55.5907900" lon="-2.5565970">
    <ele>109.2</ele>
    <time>2026-08-02T18:12:21Z</time>
   </trkpt>
   <trkpt lat="55.5907790" lon="-2.5565830">
    <ele>109.2</ele>
    <time>2026-08-02T18:12:22Z</time>
   </trkpt>
   <trkpt lat="55.5907690" lon="-2.5566070">
    <ele>109.2</ele>
    <time>2026-08-02T18:12:23Z</time>
   </trkpt>
   <trkpt lat="55.5907680" lon="-2.5565580">
    <ele>109.1</ele>
    <time>2026-08-02T18:12:24Z</time>
   </trkpt>
   <trkpt lat="55.5907610" lon="-2.5565480">
    <ele>109.1</ele>
    <time>2026-08-02T18:12:25Z</time>
   </trkpt>
   <trkpt lat="55.5907590" lon="-2.5565480">
    <ele>109.1</ele>
    <time>2026-08-02T18:12:26Z</time>
   </trkpt>
   <trkpt lat="55.5907610" lon="-2.5565600">
    <ele>109.1</ele>
    <time>2026-08-02T18:12:27Z</time>
   </trkpt>
   <trkpt lat="55.5907560" lon="-2.5565420">
    <ele>109.1</ele>
    <time>2026-08-02T18:12:28Z</time>
   </trkpt>
   <trkpt lat="55.5907460" lon="-2.5565310">
    <ele>109.1</ele>
    <time>2026-08-02T18:12:29Z</time>
   </trkpt>
   <trkpt lat="55.5907360" lon="-2.5565170">
    <ele>109.1</ele>
    <time>2026-08-02T18:12:30Z</time>
   </trkpt>
   <trkpt lat="55.5907310" lon="-2.5565080">
    <ele>109.0</ele>
    <time>2026-08-02T18:12:31Z</time>
   </trkpt>
   <trkpt lat="55.5907270" lon="-2.5564940">
    <ele>109.0</ele>
    <time>2026-08-02T18:12:32Z</time>
   </trkpt>
   <trkpt lat="55.5907180" lon="-2.5564820">
    <ele>109.0</ele>
    <time>2026-08-02T18:12:33Z</time>
   </trkpt>
   <trkpt lat="55.5907120" lon="-2.5564780">
    <ele>109.0</ele>
    <time>2026-08-02T18:12:34Z</time>
   </trkpt>
   <trkpt lat="55.5907070" lon="-2.5564620">
    <ele>109.0</ele>
    <time>2026-08-02T18:12:35Z</time>
   </trkpt>
   <trkpt lat="55.5906910" lon="-2.5564000">
    <ele>108.9</ele>
    <time>2026-08-02T18:12:36Z</time>
   </trkpt>
   <trkpt lat="55.5906960" lon="-2.5564030">
    <ele>108.9</ele>
    <time>2026-08-02T18:12:37Z</time>
   </trkpt>
   <trkpt lat="55.5906920" lon="-2.5563920">
    <ele>108.9</ele>
    <time>2026-08-02T18:12:38Z</time>
   </trkpt>
   <trkpt lat="55.5906880" lon="-2.5563890">
    <ele>108.9</ele>
    <time>2026-08-02T18:12:39Z</time>
   </trkpt>
   <trkpt lat="55.5906810" lon="-2.5563690">
    <ele>108.9</ele>
    <time>2026-08-02T18:12:40Z</time>
   </trkpt>
   <trkpt lat="55.5906730" lon="-2.5563630">
    <ele>108.9</ele>
    <time>2026-08-02T18:12:41Z</time>
   </trkpt>
   <trkpt lat="55.5906660" lon="-2.5563470">
    <ele>108.8</ele>
    <time>2026-08-02T18:12:42Z</time>
   </trkpt>
   <trkpt lat="55.5906570" lon="-2.5563450">
    <ele>108.8</ele>
    <time>2026-08-02T18:12:43Z</time>
   </trkpt>
   <trkpt lat="55.5906550" lon="-2.5563270">
    <ele>108.8</ele>
    <time>2026-08-02T18:12:44Z</time>
   </trkpt>
   <trkpt lat="55.5906410" lon="-2.5563120">
    <ele>108.8</ele>
    <time>2026-08-02T18:12:45Z</time>
   </trkpt>
   <trkpt lat="55.5906320" lon="-2.5562830">
    <ele>108.8</ele>
    <time>2026-08-02T18:12:46Z</time>
   </trkpt>
   <trkpt lat="55.5906320" lon="-2.5562740">
    <ele>108.7</ele>
    <time>2026-08-02T18:12:47Z</time>
   </trkpt>
   <trkpt lat="55.5906290" lon="-2.5562680">
    <ele>108.7</ele>
    <time>2026-08-02T18:12:48Z</time>
   </trkpt>
   <trkpt lat="55.5906280" lon="-2.5562640">
    <ele>108.7</ele>
    <time>2026-08-02T18:12:49Z</time>
   </trkpt>
   <trkpt lat="55.5906180" lon="-2.5562500">
    <ele>108.7</ele>
    <time>2026-08-02T18:12:50Z</time>
   </trkpt>
   <trkpt lat="55.5906040" lon="-2.5562280">
    <ele>108.7</ele>
    <time>2026-08-02T18:12:51Z</time>
   </trkpt>
   <trkpt lat="55.5906000" lon="-2.5562060">
    <ele>108.7</ele>
    <time>2026-08-02T18:12:52Z</time>
   </trkpt>
   <trkpt lat="55.5905930" lon="-2.5562020">
    <ele>108.7</ele>
    <time>2026-08-02T18:12:53Z</time>
   </trkpt>
   <trkpt lat="55.5905910" lon="-2.5561800">
    <ele>108.7</ele>
    <time>2026-08-02T18:12:54Z</time>
   </trkpt>
   <trkpt lat="55.5905930" lon="-2.5561540">
    <ele>108.7</ele>
    <time>2026-08-02T18:12:55Z</time>
   </trkpt>
   <trkpt lat="55.5905950" lon="-2.5561370">
    <ele>108.7</ele>
    <time>2026-08-02T18:12:56Z</time>
   </trkpt>
   <trkpt lat="55.5905990" lon="-2.5561210">
    <ele>108.7</ele>
    <time>2026-08-02T18:12:57Z</time>
   </trkpt>
   <trkpt lat="55.5906030" lon="-2.5560980">
    <ele>108.7</ele>
    <time>2026-08-02T18:12:58Z</time>
   </trkpt>
   <trkpt lat="55.5906070" lon="-2.5560880">
    <ele>108.7</ele>
    <time>2026-08-02T18:12:59Z</time>
   </trkpt>
   <trkpt lat="55.5906150" lon="-2.5560790">
    <ele>108.7</ele>
    <time>2026-08-02T18:13:00Z</time>
   </trkpt>
   <trkpt lat="55.5906200" lon="-2.5560670">
    <ele>108.7</ele>
    <time>2026-08-02T18:13:01Z</time>
   </trkpt>
   <trkpt lat="55.5906300" lon="-2.5560540">
    <ele>108.7</ele>
    <time>2026-08-02T18:13:02Z</time>
   </trkpt>
   <trkpt lat="55.5906350" lon="-2.5560420">
    <ele>108.7</ele>
    <time>2026-08-02T18:13:03Z</time>
   </trkpt>
   <trkpt lat="55.5906380" lon="-2.5560240">
    <ele>108.8</ele>
    <time>2026-08-02T18:13:04Z</time>
   </trkpt>
   <trkpt lat="55.5906310" lon="-2.5560340">
    <ele>108.8</ele>
    <time>2026-08-02T18:13:05Z</time>
   </trkpt>
   <trkpt lat="55.5906410" lon="-2.5559860">
    <ele>108.8</ele>
    <time>2026-08-02T18:13:06Z</time>
   </trkpt>
   <trkpt lat="55.5906410" lon="-2.5559660">
    <ele>108.8</ele>
    <time>2026-08-02T18:13:07Z</time>
   </trkpt>
   <trkpt lat="55.5906440" lon="-2.5559520">
    <ele>108.8</ele>
    <time>2026-08-02T18:13:08Z</time>
   </trkpt>
   <trkpt lat="55.5906560" lon="-2.5559520">
    <ele>108.8</ele>
    <time>2026-08-02T18:13:09Z</time>
   </trkpt>
   <trkpt lat="55.5906580" lon="-2.5559440">
    <ele>108.8</ele>
    <time>2026-08-02T18:13:10Z</time>
   </trkpt>
   <trkpt lat="55.5906560" lon="-2.5559350">
    <ele>108.8</ele>
    <time>2026-08-02T18:13:11Z</time>
   </trkpt>
   <trkpt lat="55.5906640" lon="-2.5559210">
    <ele>108.8</ele>
    <time>2026-08-02T18:13:12Z</time>
   </trkpt>
   <trkpt lat="55.5906740" lon="-2.5559160">
    <ele>108.8</ele>
    <time>2026-08-02T18:13:13Z</time>
   </trkpt>
   <trkpt lat="55.5906820" lon="-2.5559100">
    <ele>108.8</ele>
    <time>2026-08-02T18:13:14Z</time>
   </trkpt>
   <trkpt lat="55.5906910" lon="-2.5558950">
    <ele>108.8</ele>
    <time>2026-08-02T18:13:15Z</time>
   </trkpt>
   <trkpt lat="55.5906960" lon="-2.5558830">
    <ele>108.9</ele>
    <time>2026-08-02T18:13:16Z</time>
   </trkpt>
   <trkpt lat="55.5906930" lon="-2.5558750">
    <ele>108.9</ele>
    <time>2026-08-02T18:13:17Z</time>
   </trkpt>
   <trkpt lat="55.5907000" lon="-2.5558580">
    <ele>108.9</ele>
    <time>2026-08-02T18:13:19Z</time>
   </trkpt>
   <trkpt lat="55.5907100" lon="-2.5558440">
    <ele>108.9</ele>
    <time>2026-08-02T18:13:20Z</time>
   </trkpt>
   <trkpt lat="55.5907190" lon="-2.5558340">
    <ele>108.9</ele>
    <time>2026-08-02T18:13:21Z</time>
   </trkpt>
   <trkpt lat="55.5907280" lon="-2.5558260">
    <ele>108.9</ele>
    <time>2026-08-02T18:13:22Z</time>
   </trkpt>
   <trkpt lat="55.5907340" lon="-2.5558160">
    <ele>108.9</ele>
    <time>2026-08-02T18:13:23Z</time>
   </trkpt>
   <trkpt lat="55.5907350" lon="-2.5558070">
    <ele>108.9</ele>
    <time>2026-08-02T18:13:24Z</time>
   </trkpt>
   <trkpt lat="55.5907430" lon="-2.5557930">
    <ele>108.9</ele>
    <time>2026-08-02T18:13:25Z</time>
   </trkpt>
   <trkpt lat="55.5907660" lon="-2.5557940">
    <ele>108.9</ele>
    <time>2026-08-02T18:13:26Z</time>
   </trkpt>
   <trkpt lat="55.5907740" lon="-2.5557940">
    <ele>108.9</ele>
    <time>2026-08-02T18:13:28Z</time>
   </trkpt>
   <trkpt lat="55.5907840" lon="-2.5557530">
    <ele>109.0</ele>
    <time>2026-08-02T18:13:29Z</time>
   </trkpt>
   <trkpt lat="55.5907930" lon="-2.5557460">
    <ele>109.0</ele>
    <time>2026-08-02T18:13:31Z</time>
   </trkpt>
   <trkpt lat="55.5908160" lon="-2.5557360">
    <ele>109.0</ele>
    <time>2026-08-02T18:13:32Z</time>
   </trkpt>
   <trkpt lat="55.5908190" lon="-2.5557170">
    <ele>109.0</ele>
    <time>2026-08-02T18:13:33Z</time>
   </trkpt>
   <trkpt lat="55.5908300" lon="-2.5557060">
    <ele>109.0</ele>
    <time>2026-08-02T18:13:34Z</time>
   </trkpt>
   <trkpt lat="55.5908330" lon="-2.5557010">
    <ele>109.0</ele>
    <time>2026-08-02T18:13:35Z</time>
   </trkpt>
   <trkpt lat="55.5908300" lon="-2.5557000">
    <ele>109.0</ele>
    <time>2026-08-02T18:13:36Z</time>
   </trkpt>
   <trkpt lat="55.5908320" lon="-2.5556980">
    <ele>109.0</ele>
    <time>2026-08-02T18:13:37Z</time>
   </trkpt>
   <trkpt lat="55.5908300" lon="-2.5557050">
    <ele>109.0</ele>
    <time>2026-08-02T18:13:38Z</time>
   </trkpt>
   <trkpt lat="55.5908300" lon="-2.5557120">
    <ele>109.0</ele>
    <time>2026-08-02T18:13:39Z</time>
   </trkpt>
   <trkpt lat="55.5908310" lon="-2.5557140">
    <ele>109.0</ele>
    <time>2026-08-02T18:13:40Z</time>
   </trkpt>
   <trkpt lat="55.5908340" lon="-2.5557140">
    <ele>109.0</ele>
    <time>2026-08-02T18:13:41Z</time>
   </trkpt>
   <trkpt lat="55.5908360" lon="-2.5557160">
    <ele>109.0</ele>
    <time>2026-08-02T18:13:42Z</time>
   </trkpt>
   <trkpt lat="55.5908380" lon="-2.5557000">
    <ele>109.0</ele>
    <time>2026-08-02T18:13:43Z</time>
   </trkpt>
   <trkpt lat="55.5908410" lon="-2.5556960">
    <ele>109.0</ele>
    <time>2026-08-02T18:13:44Z</time>
   </trkpt>
   <trkpt lat="55.5908430" lon="-2.5556950">
    <ele>109.0</ele>
    <time>2026-08-02T18:13:45Z</time>
   </trkpt>
   <trkpt lat="55.5908440" lon="-2.5556840">
    <ele>109.0</ele>
    <time>2026-08-02T18:13:46Z</time>
   </trkpt>
   <trkpt lat="55.5908500" lon="-2.5556660">
    <ele>109.0</ele>
    <time>2026-08-02T18:13:47Z</time>
   </trkpt>
   <trkpt lat="55.5908530" lon="-2.5556510">
    <ele>109.1</ele>
    <time>2026-08-02T18:13:48Z</time>
   </trkpt>
   <trkpt lat="55.5908540" lon="-2.5556460">
    <ele>109.1</ele>
    <time>2026-08-02T18:13:49Z</time>
   </trkpt>
   <trkpt lat="55.5908560" lon="-2.5556360">
    <ele>109.1</ele>
    <time>2026-08-02T18:13:50Z</time>
   </trkpt>
   <trkpt lat="55.5908570" lon="-2.5556220">
    <ele>109.1</ele>
    <time>2026-08-02T18:13:51Z</time>
   </trkpt>
   <trkpt lat="55.5908570" lon="-2.5555990">
    <ele>109.1</ele>
    <time>2026-08-02T18:13:52Z</time>
   </trkpt>
   <trkpt lat="55.5908500" lon="-2.5555920">
    <ele>109.1</ele>
    <time>2026-08-02T18:13:53Z</time>
   </trkpt>
   <trkpt lat="55.5908640" lon="-2.5556320">
    <ele>109.1</ele>
    <time>2026-08-02T18:13:54Z</time>
   </trkpt>
   <trkpt lat="55.5908400" lon="-2.5557190">
    <ele>109.1</ele>
    <time>2026-08-02T18:13:55Z</time>
   </trkpt>
   <trkpt lat="55.5908170" lon="-2.5557840">
    <ele>109.2</ele>
    <time>2026-08-02T18:13:56Z</time>
   </trkpt>
   <trkpt lat="55.5908500" lon="-2.5557870">
    <ele>109.2</ele>
    <time>2026-08-02T18:13:57Z</time>
   </trkpt>
   <trkpt lat="55.5908680" lon="-2.5557830">
    <ele>109.2</ele>
    <time>2026-08-02T18:13:58Z</time>
   </trkpt>
   <trkpt lat="55.5908700" lon="-2.5558100">
    <ele>109.2</ele>
    <time>2026-08-02T18:13:59Z</time>
   </trkpt>
   <trkpt lat="55.5908850" lon="-2.5558210">
    <ele>109.2</ele>
    <time>2026-08-02T18:14:00Z</time>
   </trkpt>
   <trkpt lat="55.5908880" lon="-2.5558300">
    <ele>109.2</ele>
    <time>2026-08-02T18:14:01Z</time>
   </trkpt>
   <trkpt lat="55.5908960" lon="-2.5558520">
    <ele>109.3</ele>
    <time>2026-08-02T18:14:02Z</time>
   </trkpt>
   <trkpt lat="55.5909060" lon="-2.5558650">
    <ele>109.3</ele>
    <time>2026-08-02T18:14:03Z</time>
   </trkpt>
   <trkpt lat="55.5909160" lon="-2.5558720">
    <ele>109.3</ele>
    <time>2026-08-02T18:14:04Z</time>
   </trkpt>
   <trkpt lat="55.5909280" lon="-2.5558840">
    <ele>109.3</ele>
    <time>2026-08-02T18:14:05Z</time>
   </trkpt>
   <trkpt lat="55.5909360" lon="-2.5558740">
    <ele>109.3</ele>
    <time>2026-08-02T18:14:06Z</time>
   </trkpt>
   <trkpt lat="55.5909430" lon="-2.5558650">
    <ele>109.3</ele>
    <time>2026-08-02T18:14:07Z</time>
   </trkpt>
   <trkpt lat="55.5909530" lon="-2.5558560">
    <ele>109.3</ele>
    <time>2026-08-02T18:14:08Z</time>
   </trkpt>
   <trkpt lat="55.5909580" lon="-2.5558470">
    <ele>109.3</ele>
    <time>2026-08-02T18:14:09Z</time>
   </trkpt>
   <trkpt lat="55.5909590" lon="-2.5558300">
    <ele>109.3</ele>
    <time>2026-08-02T18:14:10Z</time>
   </trkpt>
   <trkpt lat="55.5909490" lon="-2.5558290">
    <ele>109.3</ele>
    <time>2026-08-02T18:14:11Z</time>
   </trkpt>
   <trkpt lat="55.5909470" lon="-2.5558320">
    <ele>109.3</ele>
    <time>2026-08-02T18:14:12Z</time>
   </trkpt>
   <trkpt lat="55.5909460" lon="-2.5558570">
    <ele>109.3</ele>
    <time>2026-08-02T18:14:13Z</time>
   </trkpt>
   <trkpt lat="55.5909380" lon="-2.5558450">
    <ele>109.4</ele>
    <time>2026-08-02T18:14:14Z</time>
   </trkpt>
   <trkpt lat="55.5909390" lon="-2.5558420">
    <ele>109.4</ele>
    <time>2026-08-02T18:14:15Z</time>
   </trkpt>
   <trkpt lat="55.5909390" lon="-2.5558410">
    <ele>109.4</ele>
    <time>2026-08-02T18:14:16Z</time>
   </trkpt>
   <trkpt lat="55.5909390" lon="-2.5558410">
    <ele>109.4</ele>
    <time>2026-08-02T18:14:17Z</time>
   </trkpt>
   <trkpt lat="55.5909410" lon="-2.5558330">
    <ele>109.4</ele>
    <time>2026-08-02T18:14:18Z</time>
   </trkpt>
   <trkpt lat="55.5909350" lon="-2.5558330">
    <ele>109.4</ele>
    <time>2026-08-02T18:14:19Z</time>
   </trkpt>
   <trkpt lat="55.5909370" lon="-2.5558260">
    <ele>109.4</ele>
    <time>2026-08-02T18:14:20Z</time>
   </trkpt>
   <trkpt lat="55.5909380" lon="-2.5558250">
    <ele>109.4</ele>
    <time>2026-08-02T18:14:21Z</time>
   </trkpt>
   <trkpt lat="55.5909200" lon="-2.5558150">
    <ele>109.4</ele>
    <time>2026-08-02T18:14:22Z</time>
   </trkpt>
   <trkpt lat="55.5909220" lon="-2.5558120">
    <ele>109.4</ele>
    <time>2026-08-02T18:14:23Z</time>
   </trkpt>
   <trkpt lat="55.5909230" lon="-2.5558080">
    <ele>109.4</ele>
    <time>2026-08-02T18:14:24Z</time>
   </trkpt>
   <trkpt lat="55.5909170" lon="-2.5558030">
    <ele>109.4</ele>
    <time>2026-08-02T18:14:25Z</time>
   </trkpt>
   <trkpt lat="55.5909180" lon="-2.5558050">
    <ele>109.4</ele>
    <time>2026-08-02T18:14:26Z</time>
   </trkpt>
   <trkpt lat="55.5909160" lon="-2.5558070">
    <ele>109.4</ele>
    <time>2026-08-02T18:14:27Z</time>
   </trkpt>
   <trkpt lat="55.5909190" lon="-2.5558030">
    <ele>109.4</ele>
    <time>2026-08-02T18:14:28Z</time>
   </trkpt>
   <trkpt lat="55.5909170" lon="-2.5558060">
    <ele>109.4</ele>
    <time>2026-08-02T18:14:29Z</time>
   </trkpt>
   <trkpt lat="55.5909170" lon="-2.5558090">
    <ele>109.4</ele>
    <time>2026-08-02T18:14:30Z</time>
   </trkpt>
   <trkpt lat="55.5909130" lon="-2.5558010">
    <ele>109.4</ele>
    <time>2026-08-02T18:14:31Z</time>
   </trkpt>
   <trkpt lat="55.5909140" lon="-2.5558020">
    <ele>109.4</ele>
    <time>2026-08-02T18:14:32Z</time>
   </trkpt>
   <trkpt lat="55.5909160" lon="-2.5558070">
    <ele>109.4</ele>
    <time>2026-08-02T18:14:33Z</time>
   </trkpt>
   <trkpt lat="55.5909180" lon="-2.5558120">
    <ele>109.4</ele>
    <time>2026-08-02T18:14:34Z</time>
   </trkpt>
   <trkpt lat="55.5909200" lon="-2.5558080">
    <ele>109.4</ele>
    <time>2026-08-02T18:14:35Z</time>
   </trkpt>
   <trkpt lat="55.5909170" lon="-2.5558020">
    <ele>109.4</ele>
    <time>2026-08-02T18:14:36Z</time>
   </trkpt>
  </trkseg>
 </trk>
</gpx>
