<?xml version="1.0" encoding="UTF-8"?>
<gpx creator="StravaGPX" version="1.1" xmlns="http://www.topografix.com/GPX/1/1" xmlns:xsi="http://www.w3.org/2001/XMLSchema-instance" xsi:schemaLocation="http://www.topografix.com/GPX/1/1 http://www.topografix.com/GPX/1/1/gpx.xsd">
 <metadata>
  <time>2026-08-02T07:51:02Z</time>
 </metadata>
 <trk>
  <name>Morning Walk</name>
  <type>walking</type>
  <trkseg>
   <trkpt lat="55.5907700" lon="-2.5558100">
    <ele>109.3</ele>
    <time>2026-08-02T07:51:02Z</time>
   </trkpt>
   <trkpt lat="55.5907700" lon="-2.5558100">
    <ele>109.3</ele>
    <time>2026-08-02T07:51:03Z</time>
   </trkpt>
   <trkpt lat="55.5907700" lon="-2.5558100">
    <ele>109.3</ele>
    <time>2026-08-02T07:51:04Z</time>
   </trkpt>
   <trkpt lat="55.5907650" lon="-2.5558140">
    <ele>109.3</ele>
    <time>2026-08-02T07:51:05Z</time>
   </trkpt>
   <trkpt lat="55.5907600" lon="-2.5558260">
    <ele>109.2</ele>
    <time>2026-08-02T07:51:06Z</time>
   </trkpt>
   <trkpt lat="55.5907560" lon="-2.5558340">
    <ele>109.2</ele>
    <time>2026-08-02T07:51:07Z</time>
   </trkpt>
   <trkpt lat="55.5907490" lon="-2.5558400">
    <ele>109.2</ele>
    <time>2026-08-02T07:51:08Z</time>
   </trkpt>
   <trkpt lat="55.5907400" lon="-2.5558330">
    <ele>109.2</ele>
    <time>2026-08-02T07:51:09Z</time>
   </trkpt>
   <trkpt lat="55.5907340" lon="-2.5558430">
    <ele>109.2</ele>
    <time>2026-08-02T07:51:10Z</time>
   </trkpt>
   <trkpt lat="55.5907290" lon="-2.5558480">
    <ele>109.2</ele>
    <time>2026-08-02T07:51:11Z</time>
   </trkpt>
   <trkpt lat="55.5907220" lon="-2.5558550">
    <ele>109.2</ele>
    <time>2026-08-02T07:51:12Z</time>
   </trkpt>
   <trkpt lat="55.5907140" lon="-2.5558660">
    <ele>109.2</ele>
    <time>2026-08-02T07:51:13Z</time>
   </trkpt>
   <trkpt lat="55.5907080" lon="-2.5558760">
    <ele>109.2</ele>
    <time>2026-08-02T07:51:14Z</time>
   </trkpt>
   <trkpt lat="55.5907020" lon="-2.5558830">
    <ele>109.2</ele>
    <time>2026-08-02T07:51:15Z</time>
   </trkpt>
   <trkpt lat="55.5906940" lon="-2.5558970">
    <ele>109.1</ele>
    <time>2026-08-02T07:51:16Z</time>
   </trkpt>
   <trkpt lat="55.5906860" lon="-2.5559070">
    <ele>109.1</ele>
    <time>2026-08-02T07:51:17Z</time>
   </trkpt>
   <trkpt lat="55.5906780" lon="-2.5559160">
    <ele>109.1</ele>
    <time>2026-08-02T07:51:18Z</time>
   </trkpt>
   <trkpt lat="55.5906710" lon="-2.5559340">
    <ele>109.1</ele>
    <time>2026-08-02T07:51:19Z</time>
   </trkpt>
   <trkpt lat="55.5906650" lon="-2.5559480">
    <ele>109.1</ele>
    <time>2026-08-02T07:51:20Z</time>
   </trkpt>
   <trkpt lat="55.5906560" lon="-2.5559560">
    <ele>109.1</ele>
    <time>2026-08-02T07:51:21Z</time>
   </trkpt>
   <trkpt lat="55.5906480" lon="-2.5559700">
    <ele>109.1</ele>
    <time>2026-08-02T07:51:22Z</time>
   </trkpt>
   <trkpt lat="55.5906420" lon="-2.5559880">
    <ele>109.0</ele>
    <time>2026-08-02T07:51:23Z</time>
   </trkpt>
   <trkpt lat="55.5906390" lon="-2.5560120">
    <ele>109.0</ele>
    <time>2026-08-02T07:51:24Z</time>
   </trkpt>
   <trkpt lat="55.5906270" lon="-2.5560240">
    <ele>109.0</ele>
    <time>2026-08-02T07:51:25Z</time>
   </trkpt>
   <trkpt lat="55.5906160" lon="-2.5560360">
    <ele>109.0</ele>
    <time>2026-08-02T07:51:26Z</time>
   </trkpt>
   <trkpt lat="55.5906080" lon="-2.5560550">
    <ele>109.0</ele>
    <time>2026-08-02T07:51:27Z</time>
   </trkpt>
   <trkpt lat="55.5906030" lon="-2.5560650">
    <ele>109.0</ele>
    <time>2026-08-02T07:51:28Z</time>
   </trkpt>
   <trkpt lat="55.5905950" lon="-2.5560720">
    <ele>109.0</ele>
    <time>2026-08-02T07:51:29Z</time>
   </trkpt>
   <trkpt lat="55.5905910" lon="-2.5560810">
    <ele>108.9</ele>
    <time>2026-08-02T07:51:30Z</time>
   </trkpt>
   <trkpt lat="55.5905840" lon="-2.5560940">
    <ele>108.9</ele>
    <time>2026-08-02T07:51:31Z</time>
   </trkpt>
   <trkpt lat="55.5905750" lon="-2.5561110">
    <ele>108.9</ele>
    <time>2026-08-02T07:51:32Z</time>
   </trkpt>
   <trkpt lat="55.5905700" lon="-2.5561250">
    <ele>108.9</ele>
    <time>2026-08-02T07:51:33Z</time>
   </trkpt>
   <trkpt lat="55.5905770" lon="-2.5561360">
    <ele>108.9</ele>
    <time>2026-08-02T07:51:34Z</time>
   </trkpt>
   <trkpt lat="55.5905760" lon="-2.5561460">
    <ele>108.9</ele>
    <time>2026-08-02T07:51:35Z</time>
   </trkpt>
   <trkpt lat="55.5905800" lon="-2.5561640">
    <ele>108.9</ele>
    <time>2026-08-02T07:51:36Z</time>
   </trkpt>
   <trkpt lat="55.5905820" lon="-2.5561800">
    <ele>108.9</ele>
    <time>2026-08-02T07:51:37Z</time>
   </trkpt>
   <trkpt lat="55.5905860" lon="-2.5561850">
    <ele>108.9</ele>
    <time>2026-08-02T07:51:38Z</time>
   </trkpt>
   <trkpt lat="55.5905950" lon="-2.5562100">
    <ele>108.8</ele>
    <time>2026-08-02T07:51:39Z</time>
   </trkpt>
   <trkpt lat="55.5906040" lon="-2.5562190">
    <ele>108.8</ele>
    <time>2026-08-02T07:51:40Z</time>
   </trkpt>
   <trkpt lat="55.5906130" lon="-2.5562340">
    <ele>108.8</ele>
    <time>2026-08-02T07:51:41Z</time>
   </trkpt>
   <trkpt lat="55.5906190" lon="-2.5562450">
    <ele>108.8</ele>
    <time>2026-08-02T07:51:42Z</time>
   </trkpt>
   <trkpt lat="55.5906240" lon="-2.5562630">
    <ele>108.8</ele>
    <time>2026-08-02T07:51:43Z</time>
   </trkpt>
   <trkpt lat="55.5906280" lon="-2.5562820">
    <ele>108.8</ele>
    <time>2026-08-02T07:51:44Z</time>
   </trkpt>
   <trkpt lat="55.5906360" lon="-2.5562960">
    <ele>108.7</ele>
    <time>2026-08-02T07:51:45Z</time>
   </trkpt>
   <trkpt lat="55.5906450" lon="-2.5563070">
    <ele>108.7</ele>
    <time>2026-08-02T07:51:46Z</time>
   </trkpt>
   <trkpt lat="55.5906500" lon="-2.5563160">
    <ele>108.7</ele>
    <time>2026-08-02T07:51:47Z</time>
   </trkpt>
   <trkpt lat="55.5906580" lon="-2.5563260">
    <ele>108.7</ele>
    <time>2026-08-02T07:51:48Z</time>
   </trkpt>
   <trkpt lat="55.5906690" lon="-2.5563350">
    <ele>108.7</ele>
    <time>2026-08-02T07:51:49Z</time>
   </trkpt>
   <trkpt lat="55.5906770" lon="-2.5563520">
    <ele>108.7</ele>
    <time>2026-08-02T07:51:50Z</time>
   </trkpt>
   <trkpt lat="55.5906900" lon="-2.5563630">
    <ele>108.7</ele>
    <time>2026-08-02T07:51:51Z</time>
   </trkpt>
   <trkpt lat="55.5906950" lon="-2.5563800">
    <ele>108.7</ele>
    <time>2026-08-02T07:51:52Z</time>
   </trkpt>
   <trkpt lat="55.5907020" lon="-2.5563800">
    <ele>108.7</ele>
    <time>2026-08-02T07:51:53Z</time>
   </trkpt>
   <trkpt lat="55.5907060" lon="-2.5564040">
    <ele>108.7</ele>
    <time>2026-08-02T07:51:54Z</time>
   </trkpt>
   <trkpt lat="55.5907120" lon="-2.5564170">
    <ele>108.7</ele>
    <time>2026-08-02T07:51:55Z</time>
   </trkpt>
   <trkpt lat="55.5907200" lon="-2.5564320">
    <ele>108.7</ele>
    <time>2026-08-02T07:51:56Z</time>
   </trkpt>
   <trkpt lat="55.5907240" lon="-2.5564520">
    <ele>108.8</ele>
    <time>2026-08-02T07:51:57Z</time>
   </trkpt>
   <trkpt lat="55.5907380" lon="-2.5564630">
    <ele>108.8</ele>
    <time>2026-08-02T07:51:58Z</time>
   </trkpt>
   <trkpt lat="55.5907410" lon="-2.5564800">
    <ele>108.8</ele>
    <time>2026-08-02T07:51:59Z</time>
   </trkpt>
   <trkpt lat="55.5907490" lon="-2.5564910">
    <ele>108.9</ele>
    <time>2026-08-02T07:52:00Z</time>
   </trkpt>
   <trkpt lat="55.5907530" lon="-2.5564970">
    <ele>108.9</ele>
    <time>2026-08-02T07:52:01Z</time>
   </trkpt>
   <trkpt lat="55.5907590" lon="-2.5565020">
    <ele>108.9</ele>
    <time>2026-08-02T07:52:02Z</time>
   </trkpt>
   <trkpt lat="55.5907680" lon="-2.5565260">
    <ele>108.9</ele>
    <time>2026-08-02T07:52:03Z</time>
   </trkpt>
   <trkpt lat="55.5907770" lon="-2.5565610">
    <ele>109.0</ele>
    <time>2026-08-02T07:52:04Z</time>
   </trkpt>
   <trkpt lat="55.5907830" lon="-2.5565660">
    <ele>109.0</ele>
    <time>2026-08-02T07:52:05Z</time>
   </trkpt>
   <trkpt lat="55.5907950" lon="-2.5565730">
    <ele>109.0</ele>
    <time>2026-08-02T07:52:06Z</time>
   </trkpt>
   <trkpt lat="55.5907990" lon="-2.5566060">
    <ele>109.1</ele>
    <time>2026-08-02T07:52:07Z</time>
   </trkpt>
   <trkpt lat="55.5908060" lon="-2.5566100">
    <ele>109.1</ele>
    <time>2026-08-02T07:52:08Z</time>
   </trkpt>
   <trkpt lat="55.5908140" lon="-2.5566040">
    <ele>109.1</ele>
    <time>2026-08-02T07:52:09Z</time>
   </trkpt>
   <trkpt lat="55.5908220" lon="-2.5566290">
    <ele>109.2</ele>
    <time>2026-08-02T07:52:10Z</time>
   </trkpt>
   <trkpt lat="55.5908260" lon="-2.5566500">
    <ele>109.2</ele>
    <time>2026-08-02T07:52:11Z</time>
   </trkpt>
   <trkpt lat="55.5908320" lon="-2.5566660">
    <ele>109.2</ele>
    <time>2026-08-02T07:52:12Z</time>
   </trkpt>
   <trkpt lat="55.5908450" lon="-2.5566790">
    <ele>109.3</ele>
    <time>2026-08-02T07:52:13Z</time>
   </trkpt>
   <trkpt lat="55.5908580" lon="-2.5566850">
    <ele>109.3</ele>
    <time>2026-08-02T07:52:14Z</time>
   </trkpt>
   <trkpt lat="55.5908680" lon="-2.5566910">
    <ele>109.3</ele>
    <time>2026-08-02T07:52:15Z</time>
   </trkpt>
   <trkpt lat="55.5908750" lon="-2.5567040">
    <ele>109.3</ele>
    <time>2026-08-02T07:52:16Z</time>
   </trkpt>
   <trkpt lat="55.5908830" lon="-2.5567220">
    <ele>109.4</ele>
    <time>2026-08-02T07:52:17Z</time>
   </trkpt>
   <trkpt lat="55.5908900" lon="-2.5567340">
    <ele>109.4</ele>
    <time>2026-08-02T07:52:18Z</time>
   </trkpt>
   <trkpt lat="55.5908980" lon="-2.5567510">
    <ele>109.4</ele>
    <time>2026-08-02T07:52:19Z</time>
   </trkpt>
   <trkpt lat="55.5909050" lon="-2.5567690">
    <ele>109.4</ele>
    <time>2026-08-02T07:52:20Z</time>
   </trkpt>
   <trkpt lat="55.5909110" lon="-2.5567810">
    <ele>109.5</ele>
    <time>2026-08-02T07:52:21Z</time>
   </trkpt>
   <trkpt lat="55.5909190" lon="-2.5567920">
    <ele>109.5</ele>
    <time>2026-08-02T07:52:22Z</time>
   </trkpt>
   <trkpt lat="55.5909270" lon="-2.5568050">
    <ele>109.5</ele>
    <time>2026-08-02T07:52:23Z</time>
   </trkpt>
   <trkpt lat="55.5909350" lon="-2.5568210">
    <ele>109.5</ele>
    <time>2026-08-02T07:52:24Z</time>
   </trkpt>
   <trkpt lat="55.5909420" lon="-2.5568370">
    <ele>109.6</ele>
    <time>2026-08-02T07:52:25Z</time>
   </trkpt>
   <trkpt lat="55.5909450" lon="-2.5568570">
    <ele>109.6</ele>
    <time>2026-08-02T07:52:26Z</time>
   </trkpt>
   <trkpt lat="55.5909530" lon="-2.5568690">
    <ele>109.6</ele>
    <time>2026-08-02T07:52:27Z</time>
   </trkpt>
   <trkpt lat="55.5909640" lon="-2.5568740">
    <ele>109.7</ele>
    <time>2026-08-02T07:52:28Z</time>
   </trkpt>
   <trkpt lat="55.5909700" lon="-2.5568930">
    <ele>109.8</ele>
    <time>2026-08-02T07:52:29Z</time>
   </trkpt>
   <trkpt lat="55.5909700" lon="-2.5569130">
    <ele>109.8</ele>
    <time>2026-08-02T07:52:30Z</time>
   </trkpt>
   <trkpt lat="55.5909730" lon="-2.5569220">
    <ele>109.8</ele>
    <time>2026-08-02T07:52:31Z</time>
   </trkpt>
   <trkpt lat="55.5909850" lon="-2.5569410">
    <ele>109.9</ele>
    <time>2026-08-02T07:52:32Z</time>
   </trkpt>
   <trkpt lat="55.5909890" lon="-2.5569570">
    <ele>109.9</ele>
    <time>2026-08-02T07:52:33Z</time>
   </trkpt>
   <trkpt lat="55.5909880" lon="-2.5569640">
    <ele>110.0</ele>
    <time>2026-08-02T07:52:34Z</time>
   </trkpt>
   <trkpt lat="55.5909940" lon="-2.5569760">
    <ele>110.0</ele>
    <time>2026-08-02T07:52:35Z</time>
   </trkpt>
   <trkpt lat="55.5910000" lon="-2.5569850">
    <ele>110.0</ele>
    <time>2026-08-02T07:52:36Z</time>
   </trkpt>
   <trkpt lat="55.5910060" lon="-2.5570030">
    <ele>110.1</ele>
    <time>2026-08-02T07:52:37Z</time>
   </trkpt>
   <trkpt lat="55.5910130" lon="-2.5570160">
    <ele>110.1</ele>
    <time>2026-08-02T07:52:38Z</time>
   </trkpt>
   <trkpt lat="55.5910240" lon="-2.5570380">
    <ele>110.2</ele>
    <time>2026-08-02T07:52:39Z</time>
   </trkpt>
   <trkpt lat="55.5910290" lon="-2.5570520">
    <ele>110.2</ele>
    <time>2026-08-02T07:52:40Z</time>
   </trkpt>
   <trkpt lat="55.5910380" lon="-2.5570510">
    <ele>110.3</ele>
    <time>2026-08-02T07:52:41Z</time>
   </trkpt>
   <trkpt lat="55.5910450" lon="-2.5570780">
    <ele>110.4</ele>
    <time>2026-08-02T07:52:42Z</time>
   </trkpt>
   <trkpt lat="55.5910450" lon="-2.5570940">
    <ele>110.4</ele>
    <time>2026-08-02T07:52:43Z</time>
   </trkpt>
   <trkpt lat="55.5910490" lon="-2.5570900">
    <ele>110.4</ele>
    <time>2026-08-02T07:52:44Z</time>
   </trkpt>
   <trkpt lat="55.5910530" lon="-2.5571140">
    <ele>110.5</ele>
    <time>2026-08-02T07:52:45Z</time>
   </trkpt>
   <trkpt lat="55.5910600" lon="-2.5571330">
    <ele>110.5</ele>
    <time>2026-08-02T07:52:46Z</time>
   </trkpt>
   <trkpt lat="55.5910660" lon="-2.5571510">
    <ele>110.6</ele>
    <time>2026-08-02T07:52:47Z</time>
   </trkpt>
   <trkpt lat="55.5910730" lon="-2.5571610">
    <ele>110.6</ele>
    <time>2026-08-02T07:52:48Z</time>
   </trkpt>
   <trkpt lat="55.5910840" lon="-2.5571710">
    <ele>110.7</ele>
    <time>2026-08-02T07:52:49Z</time>
   </trkpt>
   <trkpt lat="55.5910930" lon="-2.5571780">
    <ele>110.7</ele>
    <time>2026-08-02T07:52:50Z</time>
   </trkpt>
   <trkpt lat="55.5910990" lon="-2.5571920">
    <ele>110.8</ele>
    <time>2026-08-02T07:52:51Z</time>
   </trkpt>
   <trkpt lat="55.5911100" lon="-2.5572000">
    <ele>110.8</ele>
    <time>2026-08-02T07:52:52Z</time>
   </trkpt>
   <trkpt lat="55.5911160" lon="-2.5572210">
    <ele>110.9</ele>
    <time>2026-08-02T07:52:53Z</time>
   </trkpt>
   <trkpt lat="55.5911230" lon="-2.5572430">
    <ele>111.0</ele>
    <time>2026-08-02T07:52:54Z</time>
   </trkpt>
   <trkpt lat="55.5911350" lon="-2.5572540">
    <ele>111.0</ele>
    <time>2026-08-02T07:52:55Z</time>
   </trkpt>
   <trkpt lat="55.5911440" lon="-2.5572700">
    <ele>111.1</ele>
    <time>2026-08-02T07:52:56Z</time>
   </trkpt>
   <trkpt lat="55.5911520" lon="-2.5572910">
    <ele>111.2</ele>
    <time>2026-08-02T07:52:57Z</time>
   </trkpt>
   <trkpt lat="55.5911590" lon="-2.5573050">
    <ele>111.2</ele>
    <time>2026-08-02T07:52:58Z</time>
   </trkpt>
   <trkpt lat="55.5911640" lon="-2.5573170">
    <ele>111.2</ele>
    <time>2026-08-02T07:52:59Z</time>
   </trkpt>
   <trkpt lat="55.5911730" lon="-2.5573390">
    <ele>111.3</ele>
    <time>2026-08-02T07:53:00Z</time>
   </trkpt>
   <trkpt lat="55.5911840" lon="-2.5573460">
    <ele>111.4</ele>
    <time>2026-08-02T07:53:01Z</time>
   </trkpt>
   <trkpt lat="55.5911890" lon="-2.5573550">
    <ele>111.4</ele>
    <time>2026-08-02T07:53:02Z</time>
   </trkpt>
   <trkpt lat="55.5911970" lon="-2.5573740">
    <ele>111.4</ele>
    <time>2026-08-02T07:53:03Z</time>
   </trkpt>
   <trkpt lat="55.5912050" lon="-2.5573860">
    <ele>111.5</ele>
    <time>2026-08-02T07:53:04Z</time>
   </trkpt>
   <trkpt lat="55.5912130" lon="-2.5574080">
    <ele>111.5</ele>
    <time>2026-08-02T07:53:05Z</time>
   </trkpt>
   <trkpt lat="55.5912210" lon="-2.5574180">
    <ele>111.6</ele>
    <time>2026-08-02T07:53:06Z</time>
   </trkpt>
   <trkpt lat="55.5912260" lon="-2.5574340">
    <ele>111.6</ele>
    <time>2026-08-02T07:53:07Z</time>
   </trkpt>
   <trkpt lat="55.5912340" lon="-2.5574490">
    <ele>111.7</ele>
    <time>2026-08-02T07:53:08Z</time>
   </trkpt>
   <trkpt lat="55.5912440" lon="-2.5574580">
    <ele>111.7</ele>
    <time>2026-08-02T07:53:09Z</time>
   </trkpt>
   <trkpt lat="55.5912500" lon="-2.5574770">
    <ele>111.8</ele>
    <time>2026-08-02T07:53:10Z</time>
   </trkpt>
   <trkpt lat="55.5912600" lon="-2.5574930">
    <ele>111.8</ele>
    <time>2026-08-02T07:53:11Z</time>
   </trkpt>
   <trkpt lat="55.5912660" lon="-2.5575000">
    <ele>111.8</ele>
    <time>2026-08-02T07:53:12Z</time>
   </trkpt>
   <trkpt lat="55.5912750" lon="-2.5575120">
    <ele>111.9</ele>
    <time>2026-08-02T07:53:13Z</time>
   </trkpt>
   <trkpt lat="55.5912850" lon="-2.5575260">
    <ele>111.9</ele>
    <time>2026-08-02T07:53:14Z</time>
   </trkpt>
   <trkpt lat="55.5912910" lon="-2.5575380">
    <ele>112.0</ele>
    <time>2026-08-02T07:53:15Z</time>
   </trkpt>
   <trkpt lat="55.5912970" lon="-2.5575550">
    <ele>112.0</ele>
    <time>2026-08-02T07:53:16Z</time>
   </trkpt>
   <trkpt lat="55.5913030" lon="-2.5575700">
    <ele>112.0</ele>
    <time>2026-08-02T07:53:17Z</time>
   </trkpt>
   <trkpt lat="55.5913110" lon="-2.5575820">
    <ele>112.1</ele>
    <time>2026-08-02T07:53:18Z</time>
   </trkpt>
   <trkpt lat="55.5913200" lon="-2.5576030">
    <ele>112.1</ele>
    <time>2026-08-02T07:53:19Z</time>
   </trkpt>
   <trkpt lat="55.5913210" lon="-2.5576180">
    <ele>112.2</ele>
    <time>2026-08-02T07:53:20Z</time>
   </trkpt>
   <trkpt lat="55.5913280" lon="-2.5576410">
    <ele>112.2</ele>
    <time>2026-08-02T07:53:21Z</time>
   </trkpt>
   <trkpt lat="55.5913350" lon="-2.5576570">
    <ele>112.2</ele>
    <time>2026-08-02T07:53:22Z</time>
   </trkpt>
   <trkpt lat="55.5913440" lon="-2.5576780">
    <ele>112.3</ele>
    <time>2026-08-02T07:53:23Z</time>
   </trkpt>
   <trkpt lat="55.5913510" lon="-2.5576870">
    <ele>112.3</ele>
    <time>2026-08-02T07:53:24Z</time>
   </trkpt>
   <trkpt lat="55.5913630" lon="-2.5577020">
    <ele>112.3</ele>
    <time>2026-08-02T07:53:25Z</time>
   </trkpt>
   <trkpt lat="55.5913730" lon="-2.5577180">
    <ele>112.4</ele>
    <time>2026-08-02T07:53:26Z</time>
   </trkpt>
   <trkpt lat="55.5913760" lon="-2.5577280">
    <ele>112.4</ele>
    <time>2026-08-02T07:53:27Z</time>
   </trkpt>
   <trkpt lat="55.5913840" lon="-2.5577420">
    <ele>112.4</ele>
    <time>2026-08-02T07:53:28Z</time>
   </trkpt>
   <trkpt lat="55.5913910" lon="-2.5577590">
    <ele>112.4</ele>
    <time>2026-08-02T07:53:29Z</time>
   </trkpt>
   <trkpt lat="55.5913990" lon="-2.5577610">
    <ele>112.5</ele>
    <time>2026-08-02T07:53:30Z</time>
   </trkpt>
   <trkpt lat="55.5914060" lon="-2.5577800">
    <ele>112.5</ele>
    <time>2026-08-02T07:53:31Z</time>
   </trkpt>
   <trkpt lat="55.5914170" lon="-2.5577950">
    <ele>112.5</ele>
    <time>2026-08-02T07:53:32Z</time>
   </trkpt>
   <trkpt lat="55.5914270" lon="-2.5578040">
    <ele>112.5</ele>
    <time>2026-08-02T07:53:33Z</time>
   </trkpt>
   <trkpt lat="55.5914280" lon="-2.5578200">
    <ele>112.6</ele>
    <time>2026-08-02T07:53:34Z</time>
   </trkpt>
   <trkpt lat="55.5914310" lon="-2.5578340">
    <ele>112.6</ele>
    <time>2026-08-02T07:53:35Z</time>
   </trkpt>
   <trkpt lat="55.5914380" lon="-2.5578520">
    <ele>112.6</ele>
    <time>2026-08-02T07:53:36Z</time>
   </trkpt>
   <trkpt lat="55.5914450" lon="-2.5578680">
    <ele>112.6</ele>
    <time>2026-08-02T07:53:37Z</time>
   </trkpt>
   <trkpt lat="55.5914550" lon="-2.5578850">
    <ele>112.6</ele>
    <time>2026-08-02T07:53:38Z</time>
   </trkpt>
   <trkpt lat="55.5914660" lon="-2.5579090">
    <ele>112.7</ele>
    <time>2026-08-02T07:53:39Z</time>
   </trkpt>
   <trkpt lat="55.5914740" lon="-2.5579280">
    <ele>112.7</ele>
    <time>2026-08-02T07:53:40Z</time>
   </trkpt>
   <trkpt lat="55.5914830" lon="-2.5579310">
    <ele>112.7</ele>
    <time>2026-08-02T07:53:41Z</time>
   </trkpt>
   <trkpt lat="55.5914900" lon="-2.5579460">
    <ele>112.7</ele>
    <time>2026-08-02T07:53:42Z</time>
   </trkpt>
   <trkpt lat="55.5915020" lon="-2.5579650">
    <ele>112.7</ele>
    <time>2026-08-02T07:53:43Z</time>
   </trkpt>
   <trkpt lat="55.5915060" lon="-2.5579710">
    <ele>112.7</ele>
    <time>2026-08-02T07:53:44Z</time>
   </trkpt>
   <trkpt lat="55.5915120" lon="-2.5579880">
    <ele>112.7</ele>
    <time>2026-08-02T07:53:45Z</time>
   </trkpt>
   <trkpt lat="55.5915150" lon="-2.5580060">
    <ele>112.7</ele>
    <time>2026-08-02T07:53:46Z</time>
   </trkpt>
   <trkpt lat="55.5915220" lon="-2.5580190">
    <ele>112.7</ele>
    <time>2026-08-02T07:53:47Z</time>
   </trkpt>
   <trkpt lat="55.5915270" lon="-2.5580310">
    <ele>112.7</ele>
    <time>2026-08-02T07:53:48Z</time>
   </trkpt>
   <trkpt lat="55.5915330" lon="-2.5580510">
    <ele>112.7</ele>
    <time>2026-08-02T07:53:49Z</time>
   </trkpt>
   <trkpt lat="55.5915390" lon="-2.5580640">
    <ele>112.7</ele>
    <time>2026-08-02T07:53:50Z</time>
   </trkpt>
   <trkpt lat="55.5915450" lon="-2.5580810">
    <ele>112.7</ele>
    <time>2026-08-02T07:53:51Z</time>
   </trkpt>
   <trkpt lat="55.5915540" lon="-2.5580990">
    <ele>112.7</ele>
    <time>2026-08-02T07:53:52Z</time>
   </trkpt>
   <trkpt lat="55.5915620" lon="-2.5581120">
    <ele>112.7</ele>
    <time>2026-08-02T07:53:53Z</time>
   </trkpt>
   <trkpt lat="55.5915640" lon="-2.5581240">
    <ele>112.7</ele>
    <time>2026-08-02T07:53:54Z</time>
   </trkpt>
   <trkpt lat="55.5915770" lon="-2.5581390">
    <ele>112.7</ele>
    <time>2026-08-02T07:53:55Z</time>
   </trkpt>
   <trkpt lat="55.5915890" lon="-2.5581540">
    <ele>112.7</ele>
    <time>2026-08-02T07:53:56Z</time>
   </trkpt>
   <trkpt lat="55.5915960" lon="-2.5581690">
    <ele>112.7</ele>
    <time>2026-08-02T07:53:57Z</time>
   </trkpt>
   <trkpt lat="55.5915970" lon="-2.5581780">
    <ele>112.7</ele>
    <time>2026-08-02T07:53:58Z</time>
   </trkpt>
   <trkpt lat="55.5916030" lon="-2.5581840">
    <ele>112.7</ele>
    <time>2026-08-02T07:53:59Z</time>
   </trkpt>
   <trkpt lat="55.5916140" lon="-2.5582020">
    <ele>112.6</ele>
    <time>2026-08-02T07:54:00Z</time>
   </trkpt>
   <trkpt lat="55.5916220" lon="-2.5582150">
    <ele>112.6</ele>
    <time>2026-08-02T07:54:01Z</time>
   </trkpt>
   <trkpt lat="55.5916340" lon="-2.5582280">
    <ele>112.6</ele>
    <time>2026-08-02T07:54:02Z</time>
   </trkpt>
   <trkpt lat="55.5916340" lon="-2.5582430">
    <ele>112.6</ele>
    <time>2026-08-02T07:54:03Z</time>
   </trkpt>
   <trkpt lat="55.5916410" lon="-2.5582530">
    <ele>112.6</ele>
    <time>2026-08-02T07:54:04Z</time>
   </trkpt>
   <trkpt lat="55.5916460" lon="-2.5582700">
    <ele>112.6</ele>
    <time>2026-08-02T07:54:05Z</time>
   </trkpt>
   <trkpt lat="55.5916530" lon="-2.5582890">
    <ele>112.6</ele>
    <time>2026-08-02T07:54:06Z</time>
   </trkpt>
   <trkpt lat="55.5916610" lon="-2.5583070">
    <ele>112.5</ele>
    <time>2026-08-02T07:54:07Z</time>
   </trkpt>
   <trkpt lat="55.5916700" lon="-2.5583230">
    <ele>112.5</ele>
    <time>2026-08-02T07:54:08Z</time>
   </trkpt>
   <trkpt lat="55.5916750" lon="-2.5583370">
    <ele>112.5</ele>
    <time>2026-08-02T07:54:09Z</time>
   </trkpt>
   <trkpt lat="55.5916820" lon="-2.5583520">
    <ele>112.5</ele>
    <time>2026-08-02T07:54:10Z</time>
   </trkpt>
   <trkpt lat="55.5916930" lon="-2.5583740">
    <ele>112.4</ele>
    <time>2026-08-02T07:54:11Z</time>
   </trkpt>
   <trkpt lat="55.5916980" lon="-2.5583840">
    <ele>112.3</ele>
    <time>2026-08-02T07:54:12Z</time>
   </trkpt>
   <trkpt lat="55.5917080" lon="-2.5583980">
    <ele>112.3</ele>
    <time>2026-08-02T07:54:13Z</time>
   </trkpt>
   <trkpt lat="55.5917090" lon="-2.5584030">
    <ele>112.2</ele>
    <time>2026-08-02T07:54:14Z</time>
   </trkpt>
   <trkpt lat="55.5917180" lon="-2.5584150">
    <ele>112.2</ele>
    <time>2026-08-02T07:54:15Z</time>
   </trkpt>
   <trkpt lat="55.5917230" lon="-2.5584300">
    <ele>112.1</ele>
    <time>2026-08-02T07:54:16Z</time>
   </trkpt>
   <trkpt lat="55.5917270" lon="-2.5584410">
    <ele>112.0</ele>
    <time>2026-08-02T07:54:17Z</time>
   </trkpt>
   <trkpt lat="55.5917310" lon="-2.5584700">
    <ele>111.9</ele>
    <time>2026-08-02T07:54:18Z</time>
   </trkpt>
   <trkpt lat="55.5917330" lon="-2.5584860">
    <ele>111.9</ele>
    <time>2026-08-02T07:54:19Z</time>
   </trkpt>
   <trkpt lat="55.5917360" lon="-2.5584930">
    <ele>111.8</ele>
    <time>2026-08-02T07:54:20Z</time>
   </trkpt>
   <trkpt lat="55.5917430" lon="-2.5585060">
    <ele>111.8</ele>
    <time>2026-08-02T07:54:21Z</time>
   </trkpt>
   <trkpt lat="55.5917490" lon="-2.5585220">
    <ele>111.7</ele>
    <time>2026-08-02T07:54:22Z</time>
   </trkpt>
   <trkpt lat="55.5917520" lon="-2.5585370">
    <ele>111.6</ele>
    <time>2026-08-02T07:54:23Z</time>
   </trkpt>
   <trkpt lat="55.5917540" lon="-2.5585570">
    <ele>111.6</ele>
    <time>2026-08-02T07:54:24Z</time>
   </trkpt>
   <trkpt lat="55.5917530" lon="-2.5585720">
    <ele>111.5</ele>
    <time>2026-08-02T07:54:25Z</time>
   </trkpt>
   <trkpt lat="55.5917510" lon="-2.5585890">
    <ele>111.4</ele>
    <time>2026-08-02T07:54:26Z</time>
   </trkpt>
   <trkpt lat="55.5917480" lon="-2.5586030">
    <ele>111.4</ele>
    <time>2026-08-02T07:54:27Z</time>
   </trkpt>
   <trkpt lat="55.5917430" lon="-2.5586110">
    <ele>111.3</ele>
    <time>2026-08-02T07:54:28Z</time>
   </trkpt>
   <trkpt lat="55.5917410" lon="-2.5586270">
    <ele>111.3</ele>
    <time>2026-08-02T07:54:29Z</time>
   </trkpt>
   <trkpt lat="55.5917370" lon="-2.5586490">
    <ele>111.2</ele>
    <time>2026-08-02T07:54:30Z</time>
   </trkpt>
   <trkpt lat="55.5917370" lon="-2.5586560">
    <ele>111.1</ele>
    <time>2026-08-02T07:54:31Z</time>
   </trkpt>
   <trkpt lat="55.5917380" lon="-2.5586690">
    <ele>111.1</ele>
    <time>2026-08-02T07:54:32Z</time>
   </trkpt>
   <trkpt lat="55.5917380" lon="-2.5586800">
    <ele>111.0</ele>
    <time>2026-08-02T07:54:33Z</time>
   </trkpt>
   <trkpt lat="55.5917370" lon="-2.5586810">
    <ele>111.0</ele>
    <time>2026-08-02T07:54:34Z</time>
   </trkpt>
   <trkpt lat="55.5917330" lon="-2.5586870">
    <ele>111.0</ele>
    <time>2026-08-02T07:54:35Z</time>
   </trkpt>
   <trkpt lat="55.5917300" lon="-2.5586980">
    <ele>110.9</ele>
    <time>2026-08-02T07:54:36Z</time>
   </trkpt>
   <trkpt lat="55.5917310" lon="-2.5587050">
    <ele>110.9</ele>
    <time>2026-08-02T07:54:37Z</time>
   </trkpt>
   <trkpt lat="55.5917300" lon="-2.5587100">
    <ele>110.9</ele>
    <time>2026-08-02T07:54:38Z</time>
   </trkpt>
   <trkpt lat="55.5917270" lon="-2.5587170">
    <ele>110.8</ele>
    <time>2026-08-02T07:54:39Z</time>
   </trkpt>
   <trkpt lat="55.5917240" lon="-2.5587270">
    <ele>110.8</ele>
    <time>2026-08-02T07:54:40Z</time>
   </trkpt>
   <trkpt lat="55.5917210" lon="-2.5587300">
    <ele>110.8</ele>
    <time>2026-08-02T07:54:41Z</time>
   </trkpt>
   <trkpt lat="55.5917160" lon="-2.5587360">
    <ele>110.7</ele>
    <time>2026-08-02T07:54:42Z</time>
   </trkpt>
   <trkpt lat="55.5917100" lon="-2.5587490">
    <ele>110.7</ele>
    <time>2026-08-02T07:54:43Z</time>
   </trkpt>
   <trkpt lat="55.5917090" lon="-2.5587560">
    <ele>110.6</ele>
    <time>2026-08-02T07:54:44Z</time>
   </trkpt>
   <trkpt lat="55.5917080" lon="-2.5587720">
    <ele>110.6</ele>
    <time>2026-08-02T07:54:45Z</time>
   </trkpt>
   <trkpt lat="55.5917100" lon="-2.5587640">
    <ele>110.5</ele>
    <time>2026-08-02T07:54:46Z</time>
   </trkpt>
   <trkpt lat="55.5917090" lon="-2.5587590">
    <ele>110.5</ele>
    <time>2026-08-02T07:54:47Z</time>
   </trkpt>
   <trkpt lat="55.5917080" lon="-2.5587590">
    <ele>110.5</ele>
    <time>2026-08-02T07:54:48Z</time>
   </trkpt>
   <trkpt lat="55.5917080" lon="-2.5587590">
    <ele>110.5</ele>
    <time>2026-08-02T07:54:49Z</time>
   </trkpt>
   <trkpt lat="55.5917080" lon="-2.5587590">
    <ele>110.5</ele>
    <time>2026-08-02T07:54:50Z</time>
   </trkpt>
   <trkpt lat="55.5917080" lon="-2.5587590">
    <ele>110.5</ele>
    <time>2026-08-02T07:54:51Z</time>
   </trkpt>
   <trkpt lat="55.5917080" lon="-2.5587590">
    <ele>110.5</ele>
    <time>2026-08-02T07:54:52Z</time>
   </trkpt>
   <trkpt lat="55.5917060" lon="-2.5587570">
    <ele>110.5</ele>
    <time>2026-08-02T07:54:53Z</time>
   </trkpt>
   <trkpt lat="55.5917060" lon="-2.5587560">
    <ele>110.5</ele>
    <time>2026-08-02T07:54:54Z</time>
   </trkpt>
   <trkpt lat="55.5917060" lon="-2.5587560">
    <ele>110.5</ele>
    <time>2026-08-02T07:54:55Z</time>
   </trkpt>
   <trkpt lat="55.5917060" lon="-2.5587560">
    <ele>110.5</ele>
    <time>2026-08-02T07:54:56Z</time>
   </trkpt>
   <trkpt lat="55.5917050" lon="-2.5587540">
    <ele>110.5</ele>
    <time>2026-08-02T07:54:57Z</time>
   </trkpt>
   <trkpt lat="55.5917020" lon="-2.5587580">
    <ele>110.4</ele>
    <time>2026-08-02T07:54:58Z</time>
   </trkpt>
   <trkpt lat="55.5917030" lon="-2.5587640">
    <ele>110.4</ele>
    <time>2026-08-02T07:54:59Z</time>
   </trkpt>
   <trkpt lat="55.5917000" lon="-2.5587710">
    <ele>110.4</ele>
    <time>2026-08-02T07:55:00Z</time>
   </trkpt>
   <trkpt lat="55.5916950" lon="-2.5587830">
    <ele>110.3</ele>
    <time>2026-08-02T07:55:01Z</time>
   </trkpt>
   <trkpt lat="55.5916910" lon="-2.5587950">
    <ele>110.2</ele>
    <time>2026-08-02T07:55:02Z</time>
   </trkpt>
   <trkpt lat="55.5916880" lon="-2.5588060">
    <ele>110.2</ele>
    <time>2026-08-02T07:55:03Z</time>
   </trkpt>
   <trkpt lat="55.5916830" lon="-2.5588110">
    <ele>110.2</ele>
    <time>2026-08-02T07:55:04Z</time>
   </trkpt>
   <trkpt lat="55.5916800" lon="-2.5588190">
    <ele>110.1</ele>
    <time>2026-08-02T07:55:05Z</time>
   </trkpt>
   <trkpt lat="55.5916770" lon="-2.5588230">
    <ele>110.1</ele>
    <time>2026-08-02T07:55:06Z</time>
   </trkpt>
   <trkpt lat="55.5916750" lon="-2.5588280">
    <ele>110.1</ele>
    <time>2026-08-02T07:55:07Z</time>
   </trkpt>
   <trkpt lat="55.5916730" lon="-2.5588310">
    <ele>110.0</ele>
    <time>2026-08-02T07:55:08Z</time>
   </trkpt>
   <trkpt lat="55.5916720" lon="-2.5588310">
    <ele>110.0</ele>
    <time>2026-08-02T07:55:09Z</time>
   </trkpt>
   <trkpt lat="55.5916700" lon="-2.5588350">
    <ele>110.0</ele>
    <time>2026-08-02T07:55:10Z</time>
   </trkpt>
   <trkpt lat="55.5916660" lon="-2.5588450">
    <ele>110.0</ele>
    <time>2026-08-02T07:55:11Z</time>
   </trkpt>
   <trkpt lat="55.5916670" lon="-2.5588570">
    <ele>109.9</ele>
    <time>2026-08-02T07:55:12Z</time>
   </trkpt>
   <trkpt lat="55.5916640" lon="-2.5588670">
    <ele>109.9</ele>
    <time>2026-08-02T07:55:13Z</time>
   </trkpt>
   <trkpt lat="55.5916620" lon="-2.5588710">
    <ele>109.8</ele>
    <time>2026-08-02T07:55:14Z</time>
   </trkpt>
   <trkpt lat="55.5916570" lon="-2.5588930">
    <ele>109.7</ele>
    <time>2026-08-02T07:55:15Z</time>
   </trkpt>
   <trkpt lat="55.5916560" lon="-2.5589010">
    <ele>109.7</ele>
    <time>2026-08-02T07:55:16Z</time>
   </trkpt>
   <trkpt lat="55.5916540" lon="-2.5589050">
    <ele>109.7</ele>
    <time>2026-08-02T07:55:17Z</time>
   </trkpt>
   <trkpt lat="55.5916470" lon="-2.5589190">
    <ele>109.6</ele>
    <time>2026-08-02T07:55:18Z</time>
   </trkpt>
   <trkpt lat="55.5916400" lon="-2.5589310">
    <ele>109.5</ele>
    <time>2026-08-02T07:55:19Z</time>
   </trkpt>
   <trkpt lat="55.5916360" lon="-2.5589420">
    <ele>109.5</ele>
    <time>2026-08-02T07:55:20Z</time>
   </trkpt>
   <trkpt lat="55.5916330" lon="-2.5589550">
    <ele>109.4</ele>
    <time>2026-08-02T07:55:21Z</time>
   </trkpt>
   <trkpt lat="55.5916270" lon="-2.5589710">
    <ele>109.3</ele>
    <time>2026-08-02T07:55:22Z</time>
   </trkpt>
   <trkpt lat="55.5916230" lon="-2.5589810">
    <ele>109.3</ele>
    <time>2026-08-02T07:55:23Z</time>
   </trkpt>
   <trkpt lat="55.5916210" lon="-2.5589860">
    <ele>109.2</ele>
    <time>2026-08-02T07:55:24Z</time>
   </trkpt>
   <trkpt lat="55.5916170" lon="-2.5589960">
    <ele>109.2</ele>
    <time>2026-08-02T07:55:25Z</time>
   </trkpt>
   <trkpt lat="55.5916160" lon="-2.5589980">
    <ele>109.2</ele>
    <time>2026-08-02T07:55:26Z</time>
   </trkpt>
   <trkpt lat="55.5916130" lon="-2.5590010">
    <ele>109.2</ele>
    <time>2026-08-02T07:55:27Z</time>
   </trkpt>
   <trkpt lat="55.5916090" lon="-2.5590080">
    <ele>109.1</ele>
    <time>2026-08-02T07:55:28Z</time>
   </trkpt>
   <trkpt lat="55.5916120" lon="-2.5590130">
    <ele>109.1</ele>
    <time>2026-08-02T07:55:29Z</time>
   </trkpt>
   <trkpt lat="55.5916120" lon="-2.5590130">
    <ele>109.1</ele>
    <time>2026-08-02T07:55:30Z</time>
   </trkpt>
   <trkpt lat="55.5916130" lon="-2.5590120">
    <ele>109.1</ele>
    <time>2026-08-02T07:55:31Z</time>
   </trkpt>
   <trkpt lat="55.5916130" lon="-2.5590120">
    <ele>109.1</ele>
    <time>2026-08-02T07:55:32Z</time>
   </trkpt>
   <trkpt lat="55.5916130" lon="-2.5590120">
    <ele>109.1</ele>
    <time>2026-08-02T07:55:33Z</time>
   </trkpt>
   <trkpt lat="55.5916060" lon="-2.5590190">
    <ele>109.0</ele>
    <time>2026-08-02T07:55:34Z</time>
   </trkpt>
   <trkpt lat="55.5916050" lon="-2.5590130">
    <ele>109.0</ele>
    <time>2026-08-02T07:55:35Z</time>
   </trkpt>
   <trkpt lat="55.5916050" lon="-2.5590130">
    <ele>109.0</ele>
    <time>2026-08-02T07:55:36Z</time>
   </trkpt>
   <trkpt lat="55.5916050" lon="-2.5590130">
    <ele>109.0</ele>
    <time>2026-08-02T07:55:37Z</time>
   </trkpt>
   <trkpt lat="55.5916050" lon="-2.5590130">
    <ele>109.0</ele>
    <time>2026-08-02T07:55:38Z</time>
   </trkpt>
   <trkpt lat="55.5916050" lon="-2.5590130">
    <ele>109.0</ele>
    <time>2026-08-02T07:55:39Z</time>
   </trkpt>
   <trkpt lat="55.5916050" lon="-2.5590130">
    <ele>109.0</ele>
    <time>2026-08-02T07:55:40Z</time>
   </trkpt>
   <trkpt lat="55.5916050" lon="-2.5590130">
    <ele>109.0</ele>
    <time>2026-08-02T07:55:41Z</time>
   </trkpt>
   <trkpt lat="55.5916050" lon="-2.5590130">
    <ele>109.0</ele>
    <time>2026-08-02T07:55:42Z</time>
   </trkpt>
   <trkpt lat="55.5916050" lon="-2.5590130">
    <ele>109.0</ele>
    <time>2026-08-02T07:55:43Z</time>
   </trkpt>
   <trkpt lat="55.5916050" lon="-2.5590130">
    <ele>109.0</ele>
    <time>2026-08-02T07:55:44Z</time>
   </trkpt>
   <trkpt lat="55.5916050" lon="-2.5590110">
    <ele>109.0</ele>
    <time>2026-08-02T07:55:45Z</time>
   </trkpt>
   <trkpt lat="55.5916090" lon="-2.5590040">
    <ele>108.9</ele>
    <time>2026-08-02T07:55:46Z</time>
   </trkpt>
   <trkpt lat="55.5916120" lon="-2.5590080">
    <ele>108.9</ele>
    <time>2026-08-02T07:55:47Z</time>
   </trkpt>
   <trkpt lat="55.5916120" lon="-2.5590110">
    <ele>108.9</ele>
    <time>2026-08-02T07:55:48Z</time>
   </trkpt>
   <trkpt lat="55.5916110" lon="-2.5590090">
    <ele>108.9</ele>
    <time>2026-08-02T07:55:49Z</time>
   </trkpt>
   <trkpt lat="55.5916070" lon="-2.5590160">
    <ele>108.8</ele>
    <time>2026-08-02T07:55:50Z</time>
   </trkpt>
   <trkpt lat="55.5916050" lon="-2.5590180">
    <ele>108.8</ele>
    <time>2026-08-02T07:55:51Z</time>
   </trkpt>
   <trkpt lat="55.5916050" lon="-2.5590210">
    <ele>108.8</ele>
    <time>2026-08-02T07:55:52Z</time>
   </trkpt>
   <trkpt lat="55.5916040" lon="-2.5590240">
    <ele>108.8</ele>
    <time>2026-08-02T07:55:53Z</time>
   </trkpt>
   <trkpt lat="55.5916030" lon="-2.5590320">
    <ele>108.7</ele>
    <time>2026-08-02T07:55:54Z</time>
   </trkpt>
   <trkpt lat="55.5916050" lon="-2.5590340">
    <ele>108.7</ele>
    <time>2026-08-02T07:55:55Z</time>
   </trkpt>
   <trkpt lat="55.5916060" lon="-2.5590320">
    <ele>108.7</ele>
    <time>2026-08-02T07:55:56Z</time>
   </trkpt>
   <trkpt lat="55.5916050" lon="-2.5590370">
    <ele>108.7</ele>
    <time>2026-08-02T07:55:57Z</time>
   </trkpt>
   <trkpt lat="55.5916040" lon="-2.5590400">
    <ele>108.7</ele>
    <time>2026-08-02T07:55:58Z</time>
   </trkpt>
   <trkpt lat="55.5916040" lon="-2.5590380">
    <ele>108.7</ele>
    <time>2026-08-02T07:55:59Z</time>
   </trkpt>
   <trkpt lat="55.5916020" lon="-2.5590400">
    <ele>108.6</ele>
    <time>2026-08-02T07:56:00Z</time>
   </trkpt>
   <trkpt lat="55.5915990" lon="-2.5590400">
    <ele>108.6</ele>
    <time>2026-08-02T07:56:01Z</time>
   </trkpt>
   <trkpt lat="55.5915990" lon="-2.5590400">
    <ele>108.6</ele>
    <time>2026-08-02T07:56:02Z</time>
   </trkpt>
   <trkpt lat="55.5915990" lon="-2.5590400">
    <ele>108.6</ele>
    <time>2026-08-02T07:56:03Z</time>
   </trkpt>
   <trkpt lat="55.5915980" lon="-2.5590400">
    <ele>108.6</ele>
    <time>2026-08-02T07:56:04Z</time>
   </trkpt>
   <trkpt lat="55.5915950" lon="-2.5590450">
    <ele>108.6</ele>
    <time>2026-08-02T07:56:05Z</time>
   </trkpt>
   <trkpt lat="55.5915950" lon="-2.5590500">
    <ele>108.6</ele>
    <time>2026-08-02T07:56:06Z</time>
   </trkpt>
   <trkpt lat="55.5915960" lon="-2.5590480">
    <ele>108.5</ele>
    <time>2026-08-02T07:56:07Z</time>
   </trkpt>
   <trkpt lat="55.5915970" lon="-2.5590490">
    <ele>108.5</ele>
    <time>2026-08-02T07:56:08Z</time>
   </trkpt>
   <trkpt lat="55.5915940" lon="-2.5590530">
    <ele>108.5</ele>
    <time>2026-08-02T07:56:09Z</time>
   </trkpt>
   <trkpt lat="55.5915950" lon="-2.5590520">
    <ele>108.5</ele>
    <time>2026-08-02T07:56:10Z</time>
   </trkpt>
   <trkpt lat="55.5915930" lon="-2.5590580">
    <ele>108.5</ele>
    <time>2026-08-02T07:56:11Z</time>
   </trkpt>
   <trkpt lat="55.5915890" lon="-2.5590630">
    <ele>108.4</ele>
    <time>2026-08-02T07:56:12Z</time>
   </trkpt>
   <trkpt lat="55.5915890" lon="-2.5590610">
    <ele>108.4</ele>
    <time>2026-08-02T07:56:13Z</time>
   </trkpt>
   <trkpt lat="55.5915910" lon="-2.5590650">
    <ele>108.4</ele>
    <time>2026-08-02T07:56:14Z</time>
   </trkpt>
   <trkpt lat="55.5915920" lon="-2.5590670">
    <ele>108.4</ele>
    <time>2026-08-02T07:56:15Z</time>
   </trkpt>
   <trkpt lat="55.5915910" lon="-2.5590700">
    <ele>108.4</ele>
    <time>2026-08-02T07:56:16Z</time>
   </trkpt>
   <trkpt lat="55.5915890" lon="-2.5590790">
    <ele>108.3</ele>
    <time>2026-08-02T07:56:17Z</time>
   </trkpt>
   <trkpt lat="55.5915890" lon="-2.5590850">
    <ele>108.3</ele>
    <time>2026-08-02T07:56:18Z</time>
   </trkpt>
   <trkpt lat="55.5915820" lon="-2.5591040">
    <ele>108.2</ele>
    <time>2026-08-02T07:56:19Z</time>
   </trkpt>
   <trkpt lat="55.5915850" lon="-2.5590960">
    <ele>108.1</ele>
    <time>2026-08-02T07:56:20Z</time>
   </trkpt>
   <trkpt lat="55.5915890" lon="-2.5590940">
    <ele>108.1</ele>
    <time>2026-08-02T07:56:21Z</time>
   </trkpt>
   <trkpt lat="55.5915900" lon="-2.5590960">
    <ele>108.1</ele>
    <time>2026-08-02T07:56:22Z</time>
   </trkpt>
   <trkpt lat="55.5915860" lon="-2.5590960">
    <ele>108.1</ele>
    <time>2026-08-02T07:56:23Z</time>
   </trkpt>
   <trkpt lat="55.5915880" lon="-2.5590950">
    <ele>108.1</ele>
    <time>2026-08-02T07:56:24Z</time>
   </trkpt>
   <trkpt lat="55.5915910" lon="-2.5590930">
    <ele>108.0</ele>
    <time>2026-08-02T07:56:25Z</time>
   </trkpt>
   <trkpt lat="55.5915900" lon="-2.5590920">
    <ele>108.0</ele>
    <time>2026-08-02T07:56:26Z</time>
   </trkpt>
   <trkpt lat="55.5915910" lon="-2.5590900">
    <ele>108.0</ele>
    <time>2026-08-02T07:56:27Z</time>
   </trkpt>
   <trkpt lat="55.5915900" lon="-2.5590900">
    <ele>108.0</ele>
    <time>2026-08-02T07:56:28Z</time>
   </trkpt>
   <trkpt lat="55.5915910" lon="-2.5590890">
    <ele>108.0</ele>
    <time>2026-08-02T07:56:29Z</time>
   </trkpt>
   <trkpt lat="55.5915910" lon="-2.5590910">
    <ele>108.0</ele>
    <time>2026-08-02T07:56:30Z</time>
   </trkpt>
   <trkpt lat="55.5915900" lon="-2.5590920">
    <ele>108.0</ele>
    <time>2026-08-02T07:56:31Z</time>
   </trkpt>
   <trkpt lat="55.5915900" lon="-2.5590920">
    <ele>108.0</ele>
    <time>2026-08-02T07:56:32Z</time>
   </trkpt>
   <trkpt lat="55.5915890" lon="-2.5590920">
    <ele>108.0</ele>
    <time>2026-08-02T07:56:33Z</time>
   </trkpt>
   <trkpt lat="55.5915890" lon="-2.5590910">
    <ele>108.0</ele>
    <time>2026-08-02T07:56:34Z</time>
   </trkpt>
   <trkpt lat="55.5915880" lon="-2.5590900">
    <ele>107.9</ele>
    <time>2026-08-02T07:56:35Z</time>
   </trkpt>
   <trkpt lat="55.5915870" lon="-2.5590900">
    <ele>107.9</ele>
    <time>2026-08-02T07:56:36Z</time>
   </trkpt>
   <trkpt lat="55.5915880" lon="-2.5590880">
    <ele>107.9</ele>
    <time>2026-08-02T07:56:37Z</time>
   </trkpt>
   <trkpt lat="55.5915870" lon="-2.5590890">
    <ele>107.9</ele>
    <time>2026-08-02T07:56:38Z</time>
   </trkpt>
   <trkpt lat="55.5915830" lon="-2.5590920">
    <ele>107.9</ele>
    <time>2026-08-02T07:56:39Z</time>
   </trkpt>
   <trkpt lat="55.5915820" lon="-2.5590910">
    <ele>107.9</ele>
    <time>2026-08-02T07:56:40Z</time>
   </trkpt>
   <trkpt lat="55.5915780" lon="-2.5590970">
    <ele>107.8</ele>
    <time>2026-08-02T07:56:41Z</time>
   </trkpt>
   <trkpt lat="55.5915740" lon="-2.5591040">
    <ele>107.8</ele>
    <time>2026-08-02T07:56:42Z</time>
   </trkpt>
   <trkpt lat="55.5915700" lon="-2.5591120">
    <ele>107.7</ele>
    <time>2026-08-02T07:56:43Z</time>
   </trkpt>
   <trkpt lat="55.5915660" lon="-2.5591210">
    <ele>107.7</ele>
    <time>2026-08-02T07:56:44Z</time>
   </trkpt>
   <trkpt lat="55.5915640" lon="-2.5591280">
    <ele>107.6</ele>
    <time>2026-08-02T07:56:45Z</time>
   </trkpt>
   <trkpt lat="55.5915600" lon="-2.5591380">
    <ele>107.6</ele>
    <time>2026-08-02T07:56:46Z</time>
   </trkpt>
   <trkpt lat="55.5915560" lon="-2.5591440">
    <ele>107.5</ele>
    <time>2026-08-02T07:56:47Z</time>
   </trkpt>
   <trkpt lat="55.5915530" lon="-2.5591530">
    <ele>107.5</ele>
    <time>2026-08-02T07:56:48Z</time>
   </trkpt>
   <trkpt lat="55.5915510" lon="-2.5591620">
    <ele>107.5</ele>
    <time>2026-08-02T07:56:49Z</time>
   </trkpt>
   <trkpt lat="55.5915460" lon="-2.5591740">
    <ele>107.4</ele>
    <time>2026-08-02T07:56:50Z</time>
   </trkpt>
   <trkpt lat="55.5915400" lon="-2.5591820">
    <ele>107.3</ele>
    <time>2026-08-02T07:56:51Z</time>
   </trkpt>
   <trkpt lat="55.5915360" lon="-2.5591940">
    <ele>107.3</ele>
    <time>2026-08-02T07:56:52Z</time>
   </trkpt>
   <trkpt lat="55.5915310" lon="-2.5592090">
    <ele>107.2</ele>
    <time>2026-08-02T07:56:53Z</time>
   </trkpt>
   <trkpt lat="55.5915260" lon="-2.5592190">
    <ele>107.1</ele>
    <time>2026-08-02T07:56:54Z</time>
   </trkpt>
   <trkpt lat="55.5915220" lon="-2.5592280">
    <ele>107.1</ele>
    <time>2026-08-02T07:56:55Z</time>
   </trkpt>
   <trkpt lat="55.5915220" lon="-2.5592260">
    <ele>107.0</ele>
    <time>2026-08-02T07:56:56Z</time>
   </trkpt>
   <trkpt lat="55.5915190" lon="-2.5592320">
    <ele>107.0</ele>
    <time>2026-08-02T07:56:57Z</time>
   </trkpt>
   <trkpt lat="55.5915170" lon="-2.5592390">
    <ele>107.0</ele>
    <time>2026-08-02T07:56:58Z</time>
   </trkpt>
   <trkpt lat="55.5915130" lon="-2.5592480">
    <ele>106.9</ele>
    <time>2026-08-02T07:56:59Z</time>
   </trkpt>
   <trkpt lat="55.5915090" lon="-2.5592570">
    <ele>106.9</ele>
    <time>2026-08-02T07:57:00Z</time>
   </trkpt>
   <trkpt lat="55.5915070" lon="-2.5592640">
    <ele>106.8</ele>
    <time>2026-08-02T07:57:01Z</time>
   </trkpt>
   <trkpt lat="55.5915040" lon="-2.5592730">
    <ele>106.8</ele>
    <time>2026-08-02T07:57:02Z</time>
   </trkpt>
   <trkpt lat="55.5915030" lon="-2.5592800">
    <ele>106.7</ele>
    <time>2026-08-02T07:57:03Z</time>
   </trkpt>
   <trkpt lat="55.5915010" lon="-2.5592890">
    <ele>106.7</ele>
    <time>2026-08-02T07:57:04Z</time>
   </trkpt>
   <trkpt lat="55.5914980" lon="-2.5593030">
    <ele>106.6</ele>
    <time>2026-08-02T07:57:05Z</time>
   </trkpt>
   <trkpt lat="55.5914940" lon="-2.5593140">
    <ele>106.6</ele>
    <time>2026-08-02T07:57:06Z</time>
   </trkpt>
   <trkpt lat="55.5914900" lon="-2.5593230">
    <ele>106.5</ele>
    <time>2026-08-02T07:57:07Z</time>
   </trkpt>
   <trkpt lat="55.5914870" lon="-2.5593300">
    <ele>106.5</ele>
    <time>2026-08-02T07:57:08Z</time>
   </trkpt>
   <trkpt lat="55.5914830" lon="-2.5593390">
    <ele>106.4</ele>
    <time>2026-08-02T07:57:09Z</time>
   </trkpt>
   <trkpt lat="55.5914820" lon="-2.5593450">
    <ele>106.4</ele>
    <time>2026-08-02T07:57:10Z</time>
   </trkpt>
   <trkpt lat="55.5914800" lon="-2.5593540">
    <ele>106.3</ele>
    <time>2026-08-02T07:57:11Z</time>
   </trkpt>
   <trkpt lat="55.5914770" lon="-2.5593670">
    <ele>106.3</ele>
    <time>2026-08-02T07:57:12Z</time>
   </trkpt>
   <trkpt lat="55.5914720" lon="-2.5593800">
    <ele>106.2</ele>
    <time>2026-08-02T07:57:13Z</time>
   </trkpt>
   <trkpt lat="55.5914650" lon="-2.5593940">
    <ele>106.1</ele>
    <time>2026-08-02T07:57:14Z</time>
   </trkpt>
   <trkpt lat="55.5914610" lon="-2.5594050">
    <ele>106.0</ele>
    <time>2026-08-02T07:57:15Z</time>
   </trkpt>
   <trkpt lat="55.5914570" lon="-2.5594150">
    <ele>106.0</ele>
    <time>2026-08-02T07:57:16Z</time>
   </trkpt>
   <trkpt lat="55.5914540" lon="-2.5594260">
    <ele>105.9</ele>
    <time>2026-08-02T07:57:17Z</time>
   </trkpt>
   <trkpt lat="55.5914490" lon="-2.5594380">
    <ele>105.9</ele>
    <time>2026-08-02T07:57:18Z</time>
   </trkpt>
   <trkpt lat="55.5914450" lon="-2.5594510">
    <ele>105.8</ele>
    <time>2026-08-02T07:57:19Z</time>
   </trkpt>
   <trkpt lat="55.5914410" lon="-2.5594660">
    <ele>105.7</ele>
    <time>2026-08-02T07:57:20Z</time>
   </trkpt>
   <trkpt lat="55.5914360" lon="-2.5594780">
    <ele>105.7</ele>
    <time>2026-08-02T07:57:21Z</time>
   </trkpt>
   <trkpt lat="55.5914320" lon="-2.5594900">
    <ele>105.6</ele>
    <time>2026-08-02T07:57:22Z</time>
   </trkpt>
   <trkpt lat="55.5914270" lon="-2.5595040">
    <ele>105.5</ele>
    <time>2026-08-02T07:57:23Z</time>
   </trkpt>
   <trkpt lat="55.5914230" lon="-2.5595170">
    <ele>105.5</ele>
    <time>2026-08-02T07:57:24Z</time>
   </trkpt>
   <trkpt lat="55.5914190" lon="-2.5595300">
    <ele>105.4</ele>
    <time>2026-08-02T07:57:25Z</time>
   </trkpt>
   <trkpt lat="55.5914140" lon="-2.5595420">
    <ele>105.3</ele>
    <time>2026-08-02T07:57:26Z</time>
   </trkpt>
   <trkpt lat="55.5914090" lon="-2.5595550">
    <ele>105.3</ele>
    <time>2026-08-02T07:57:27Z</time>
   </trkpt>
   <trkpt lat="55.5914040" lon="-2.5595690">
    <ele>105.2</ele>
    <time>2026-08-02T07:57:28Z</time>
   </trkpt>
   <trkpt lat="55.5914000" lon="-2.5595800">
    <ele>105.1</ele>
    <time>2026-08-02T07:57:29Z</time>
   </trkpt>
   <trkpt lat="55.5913950" lon="-2.5595900">
    <ele>105.1</ele>
    <time>2026-08-02T07:57:30Z</time>
   </trkpt>
   <trkpt lat="55.5913910" lon="-2.5596030">
    <ele>105.0</ele>
    <time>2026-08-02T07:57:31Z</time>
   </trkpt>
   <trkpt lat="55.5913860" lon="-2.5596150">
    <ele>104.9</ele>
    <time>2026-08-02T07:57:32Z</time>
   </trkpt>
   <trkpt lat="55.5913820" lon="-2.5596270">
    <ele>104.9</ele>
    <time>2026-08-02T07:57:33Z</time>
   </trkpt>
   <trkpt lat="55.5913790" lon="-2.5596400">
    <ele>104.8</ele>
    <time>2026-08-02T07:57:34Z</time>
   </trkpt>
   <trkpt lat="55.5913740" lon="-2.5596520">
    <ele>104.7</ele>
    <time>2026-08-02T07:57:35Z</time>
   </trkpt>
   <trkpt lat="55.5913680" lon="-2.5596610">
    <ele>104.7</ele>
    <time>2026-08-02T07:57:36Z</time>
   </trkpt>
   <trkpt lat="55.5913640" lon="-2.5596730">
    <ele>104.6</ele>
    <time>2026-08-02T07:57:37Z</time>
   </trkpt>
   <trkpt lat="55.5913600" lon="-2.5596850">
    <ele>104.5</ele>
    <time>2026-08-02T07:57:38Z</time>
   </trkpt>
   <trkpt lat="55.5913630" lon="-2.5596930">
    <ele>104.5</ele>
    <time>2026-08-02T07:57:39Z</time>
   </trkpt>
   <trkpt lat="55.5913670" lon="-2.5596860">
    <ele>104.4</ele>
    <time>2026-08-02T07:57:40Z</time>
   </trkpt>
   <trkpt lat="55.5913670" lon="-2.5596850">
    <ele>104.4</ele>
    <time>2026-08-02T07:57:41Z</time>
   </trkpt>
   <trkpt lat="55.5913630" lon="-2.5596950">
    <ele>104.4</ele>
    <time>2026-08-02T07:57:42Z</time>
   </trkpt>
   <trkpt lat="55.5913590" lon="-2.5597090">
    <ele>104.3</ele>
    <time>2026-08-02T07:57:43Z</time>
   </trkpt>
   <trkpt lat="55.5913550" lon="-2.5597170">
    <ele>104.3</ele>
    <time>2026-08-02T07:57:44Z</time>
   </trkpt>
   <trkpt lat="55.5913540" lon="-2.5597280">
    <ele>104.2</ele>
    <time>2026-08-02T07:57:45Z</time>
   </trkpt>
   <trkpt lat="55.5913590" lon="-2.5597390">
    <ele>104.1</ele>
    <time>2026-08-02T07:57:46Z</time>
   </trkpt>
   <trkpt lat="55.5913650" lon="-2.5597480">
    <ele>104.1</ele>
    <time>2026-08-02T07:57:47Z</time>
   </trkpt>
   <trkpt lat="55.5913710" lon="-2.5597470">
    <ele>104.0</ele>
    <time>2026-08-02T07:57:48Z</time>
   </trkpt>
   <trkpt lat="55.5913700" lon="-2.5597410">
    <ele>104.0</ele>
    <time>2026-08-02T07:57:49Z</time>
   </trkpt>
   <trkpt lat="55.5913710" lon="-2.5597430">
    <ele>104.0</ele>
    <time>2026-08-02T07:57:50Z</time>
   </trkpt>
   <trkpt lat="55.5913700" lon="-2.5597420">
    <ele>104.0</ele>
    <time>2026-08-02T07:57:51Z</time>
   </trkpt>
   <trkpt lat="55.5913700" lon="-2.5597420">
    <ele>104.0</ele>
    <time>2026-08-02T07:57:52Z</time>
   </trkpt>
   <trkpt lat="55.5913710" lon="-2.5597420">
    <ele>104.0</ele>
    <time>2026-08-02T07:57:53Z</time>
   </trkpt>
   <trkpt lat="55.5913710" lon="-2.5597420">
    <ele>104.0</ele>
    <time>2026-08-02T07:57:54Z</time>
   </trkpt>
   <trkpt lat="55.5913720" lon="-2.5597410">
    <ele>104.0</ele>
    <time>2026-08-02T07:57:55Z</time>
   </trkpt>
   <trkpt lat="55.5913740" lon="-2.5597390">
    <ele>103.9</ele>
    <time>2026-08-02T07:57:56Z</time>
   </trkpt>
   <trkpt lat="55.5913750" lon="-2.5597390">
    <ele>103.9</ele>
    <time>2026-08-02T07:57:57Z</time>
   </trkpt>
   <trkpt lat="55.5913730" lon="-2.5597360">
    <ele>103.9</ele>
    <time>2026-08-02T07:57:58Z</time>
   </trkpt>
   <trkpt lat="55.5913670" lon="-2.5597360">
    <ele>103.9</ele>
    <time>2026-08-02T07:57:59Z</time>
   </trkpt>
   <trkpt lat="55.5913630" lon="-2.5597360">
    <ele>103.8</ele>
    <time>2026-08-02T07:58:00Z</time>
   </trkpt>
   <trkpt lat="55.5913620" lon="-2.5597360">
    <ele>103.8</ele>
    <time>2026-08-02T07:58:01Z</time>
   </trkpt>
   <trkpt lat="55.5913630" lon="-2.5597330">
    <ele>103.8</ele>
    <time>2026-08-02T07:58:02Z</time>
   </trkpt>
   <trkpt lat="55.5913640" lon="-2.5597350">
    <ele>103.8</ele>
    <time>2026-08-02T07:58:03Z</time>
   </trkpt>
   <trkpt lat="55.5913630" lon="-2.5597390">
    <ele>103.8</ele>
    <time>2026-08-02T07:58:04Z</time>
   </trkpt>
   <trkpt lat="55.5913590" lon="-2.5597580">
    <ele>103.7</ele>
    <time>2026-08-02T07:58:05Z</time>
   </trkpt>
   <trkpt lat="55.5913550" lon="-2.5597590">
    <ele>103.6</ele>
    <time>2026-08-02T07:58:06Z</time>
   </trkpt>
   <trkpt lat="55.5913490" lon="-2.5597690">
    <ele>103.6</ele>
    <time>2026-08-02T07:58:07Z</time>
   </trkpt>
   <trkpt lat="55.5913450" lon="-2.5597800">
    <ele>103.5</ele>
    <time>2026-08-02T07:58:08Z</time>
   </trkpt>
   <trkpt lat="55.5913420" lon="-2.5597920">
    <ele>103.4</ele>
    <time>2026-08-02T07:58:09Z</time>
   </trkpt>
   <trkpt lat="55.5913390" lon="-2.5598000">
    <ele>103.4</ele>
    <time>2026-08-02T07:58:10Z</time>
   </trkpt>
   <trkpt lat="55.5913350" lon="-2.5598060">
    <ele>103.4</ele>
    <time>2026-08-02T07:58:11Z</time>
   </trkpt>
   <trkpt lat="55.5913340" lon="-2.5598050">
    <ele>103.3</ele>
    <time>2026-08-02T07:58:12Z</time>
   </trkpt>
   <trkpt lat="55.5913310" lon="-2.5598050">
    <ele>103.3</ele>
    <time>2026-08-02T07:58:13Z</time>
   </trkpt>
   <trkpt lat="55.5913310" lon="-2.5598040">
    <ele>103.3</ele>
    <time>2026-08-02T07:58:14Z</time>
   </trkpt>
   <trkpt lat="55.5913310" lon="-2.5598000">
    <ele>103.3</ele>
    <time>2026-08-02T07:58:15Z</time>
   </trkpt>
   <trkpt lat="55.5913310" lon="-2.5598000">
    <ele>103.3</ele>
    <time>2026-08-02T07:58:16Z</time>
   </trkpt>
   <trkpt lat="55.5913310" lon="-2.5597970">
    <ele>103.3</ele>
    <time>2026-08-02T07:58:17Z</time>
   </trkpt>
   <trkpt lat="55.5913310" lon="-2.5597960">
    <ele>103.3</ele>
    <time>2026-08-02T07:58:18Z</time>
   </trkpt>
   <trkpt lat="55.5913290" lon="-2.5597990">
    <ele>103.3</ele>
    <time>2026-08-02T07:58:19Z</time>
   </trkpt>
   <trkpt lat="55.5913300" lon="-2.5598040">
    <ele>103.2</ele>
    <time>2026-08-02T07:58:20Z</time>
   </trkpt>
   <trkpt lat="55.5913320" lon="-2.5598080">
    <ele>103.2</ele>
    <time>2026-08-02T07:58:21Z</time>
   </trkpt>
   <trkpt lat="55.5913300" lon="-2.5598140">
    <ele>103.2</ele>
    <time>2026-08-02T07:58:22Z</time>
   </trkpt>
   <trkpt lat="55.5913230" lon="-2.5598300">
    <ele>103.1</ele>
    <time>2026-08-02T07:58:23Z</time>
   </trkpt>
   <trkpt lat="55.5913210" lon="-2.5598450">
    <ele>103.0</ele>
    <time>2026-08-02T07:58:24Z</time>
   </trkpt>
   <trkpt lat="55.5913150" lon="-2.5598590">
    <ele>102.9</ele>
    <time>2026-08-02T07:58:25Z</time>
   </trkpt>
   <trkpt lat="55.5913110" lon="-2.5598700">
    <ele>102.8</ele>
    <time>2026-08-02T07:58:26Z</time>
   </trkpt>
   <trkpt lat="55.5913080" lon="-2.5598800">
    <ele>102.8</ele>
    <time>2026-08-02T07:58:27Z</time>
   </trkpt>
   <trkpt lat="55.5913040" lon="-2.5598930">
    <ele>102.7</ele>
    <time>2026-08-02T07:58:28Z</time>
   </trkpt>
   <trkpt lat="55.5913000" lon="-2.5599030">
    <ele>102.6</ele>
    <time>2026-08-02T07:58:29Z</time>
   </trkpt>
   <trkpt lat="55.5912960" lon="-2.5599160">
    <ele>102.6</ele>
    <time>2026-08-02T07:58:30Z</time>
   </trkpt>
   <trkpt lat="55.5912940" lon="-2.5599270">
    <ele>102.5</ele>
    <time>2026-08-02T07:58:31Z</time>
   </trkpt>
   <trkpt lat="55.5912920" lon="-2.5599350">
    <ele>102.5</ele>
    <time>2026-08-02T07:58:32Z</time>
   </trkpt>
   <trkpt lat="55.5912910" lon="-2.5599410">
    <ele>102.4</ele>
    <time>2026-08-02T07:58:33Z</time>
   </trkpt>
   <trkpt lat="55.5912860" lon="-2.5599470">
    <ele>102.4</ele>
    <time>2026-08-02T07:58:34Z</time>
   </trkpt>
   <trkpt lat="55.5912810" lon="-2.5599410">
    <ele>102.3</ele>
    <time>2026-08-02T07:58:35Z</time>
   </trkpt>
   <trkpt lat="55.5912820" lon="-2.5599390">
    <ele>102.3</ele>
    <time>2026-08-02T07:58:36Z</time>
   </trkpt>
   <trkpt lat="55.5912830" lon="-2.5599410">
    <ele>102.3</ele>
    <time>2026-08-02T07:58:37Z</time>
   </trkpt>
   <trkpt lat="55.5912830" lon="-2.5599410">
    <ele>102.3</ele>
    <time>2026-08-02T07:58:38Z</time>
   </trkpt>
   <trkpt lat="55.5912830" lon="-2.5599410">
    <ele>102.3</ele>
    <time>2026-08-02T07:58:39Z</time>
   </trkpt>
   <trkpt lat="55.5912830" lon="-2.5599410">
    <ele>102.3</ele>
    <time>2026-08-02T07:58:40Z</time>
   </trkpt>
   <trkpt lat="55.5912820" lon="-2.5599460">
    <ele>102.3</ele>
    <time>2026-08-02T07:58:41Z</time>
   </trkpt>
   <trkpt lat="55.5912830" lon="-2.5599500">
    <ele>102.2</ele>
    <time>2026-08-02T07:58:42Z</time>
   </trkpt>
   <trkpt lat="55.5912820" lon="-2.5599540">
    <ele>102.2</ele>
    <time>2026-08-02T07:58:43Z</time>
   </trkpt>
   <trkpt lat="55.5912820" lon="-2.5599550">
    <ele>102.2</ele>
    <time>2026-08-02T07:58:44Z</time>
   </trkpt>
   <trkpt lat="55.5912780" lon="-2.5599680">
    <ele>102.1</ele>
    <time>2026-08-02T07:58:45Z</time>
   </trkpt>
   <trkpt lat="55.5912750" lon="-2.5599850">
    <ele>102.0</ele>
    <time>2026-08-02T07:58:46Z</time>
   </trkpt>
   <trkpt lat="55.5912690" lon="-2.5599940">
    <ele>102.0</ele>
    <time>2026-08-02T07:58:47Z</time>
   </trkpt>
   <trkpt lat="55.5912650" lon="-2.5600020">
    <ele>101.9</ele>
    <time>2026-08-02T07:58:48Z</time>
   </trkpt>
   <trkpt lat="55.5912620" lon="-2.5600040">
    <ele>101.9</ele>
    <time>2026-08-02T07:58:49Z</time>
   </trkpt>
   <trkpt lat="55.5912590" lon="-2.5600090">
    <ele>101.8</ele>
    <time>2026-08-02T07:58:50Z</time>
   </trkpt>
   <trkpt lat="55.5912580" lon="-2.5600200">
    <ele>101.8</ele>
    <time>2026-08-02T07:58:51Z</time>
   </trkpt>
   <trkpt lat="55.5912550" lon="-2.5600330">
    <ele>101.7</ele>
    <time>2026-08-02T07:58:52Z</time>
   </trkpt>
   <trkpt lat="55.5912480" lon="-2.5600470">
    <ele>101.6</ele>
    <time>2026-08-02T07:58:53Z</time>
   </trkpt>
   <trkpt lat="55.5912440" lon="-2.5600530">
    <ele>101.6</ele>
    <time>2026-08-02T07:58:54Z</time>
   </trkpt>
   <trkpt lat="55.5912420" lon="-2.5600660">
    <ele>101.5</ele>
    <time>2026-08-02T07:58:55Z</time>
   </trkpt>
   <trkpt lat="55.5912370" lon="-2.5600780">
    <ele>101.4</ele>
    <time>2026-08-02T07:58:56Z</time>
   </trkpt>
   <trkpt lat="55.5912330" lon="-2.5600910">
    <ele>101.3</ele>
    <time>2026-08-02T07:58:57Z</time>
   </trkpt>
   <trkpt lat="55.5912270" lon="-2.5601070">
    <ele>101.2</ele>
    <time>2026-08-02T07:58:58Z</time>
   </trkpt>
   <trkpt lat="55.5912230" lon="-2.5601230">
    <ele>101.1</ele>
    <time>2026-08-02T07:58:59Z</time>
   </trkpt>
   <trkpt lat="55.5912200" lon="-2.5601330">
    <ele>101.1</ele>
    <time>2026-08-02T07:59:00Z</time>
   </trkpt>
   <trkpt lat="55.5912140" lon="-2.5601450">
    <ele>101.0</ele>
    <time>2026-08-02T07:59:01Z</time>
   </trkpt>
   <trkpt lat="55.5912080" lon="-2.5601550">
    <ele>100.9</ele>
    <time>2026-08-02T07:59:02Z</time>
   </trkpt>
   <trkpt lat="55.5912050" lon="-2.5601620">
    <ele>100.9</ele>
    <time>2026-08-02T07:59:03Z</time>
   </trkpt>
   <trkpt lat="55.5912030" lon="-2.5601700">
    <ele>100.8</ele>
    <time>2026-08-02T07:59:04Z</time>
   </trkpt>
   <trkpt lat="55.5912010" lon="-2.5601810">
    <ele>100.8</ele>
    <time>2026-08-02T07:59:05Z</time>
   </trkpt>
   <trkpt lat="55.5911980" lon="-2.5601910">
    <ele>100.7</ele>
    <time>2026-08-02T07:59:06Z</time>
   </trkpt>
   <trkpt lat="55.5911950" lon="-2.5601940">
    <ele>100.7</ele>
    <time>2026-08-02T07:59:07Z</time>
   </trkpt>
   <trkpt lat="55.5911910" lon="-2.5602080">
    <ele>100.6</ele>
    <time>2026-08-02T07:59:08Z</time>
   </trkpt>
   <trkpt lat="55.5911850" lon="-2.5602180">
    <ele>100.6</ele>
    <time>2026-08-02T07:59:09Z</time>
   </trkpt>
   <trkpt lat="55.5911780" lon="-2.5602270">
    <ele>100.5</ele>
    <time>2026-08-02T07:59:10Z</time>
   </trkpt>
   <trkpt lat="55.5911730" lon="-2.5602390">
    <ele>100.4</ele>
    <time>2026-08-02T07:59:11Z</time>
   </trkpt>
   <trkpt lat="55.5911670" lon="-2.5602480">
    <ele>100.4</ele>
    <time>2026-08-02T07:59:12Z</time>
   </trkpt>
   <trkpt lat="55.5911610" lon="-2.5602560">
    <ele>100.3</ele>
    <time>2026-08-02T07:59:13Z</time>
   </trkpt>
   <trkpt lat="55.5911570" lon="-2.5602630">
    <ele>100.2</ele>
    <time>2026-08-02T07:59:14Z</time>
   </trkpt>
   <trkpt lat="55.5911500" lon="-2.5602750">
    <ele>100.2</ele>
    <time>2026-08-02T07:59:15Z</time>
   </trkpt>
   <trkpt lat="55.5911450" lon="-2.5602860">
    <ele>100.1</ele>
    <time>2026-08-02T07:59:16Z</time>
   </trkpt>
   <trkpt lat="55.5911400" lon="-2.5603020">
    <ele>100.0</ele>
    <time>2026-08-02T07:59:17Z</time>
   </trkpt>
   <trkpt lat="55.5911350" lon="-2.5603120">
    <ele>100.0</ele>
    <time>2026-08-02T07:59:18Z</time>
   </trkpt>
   <trkpt lat="55.5911320" lon="-2.5603220">
    <ele>99.9</ele>
    <time>2026-08-02T07:59:19Z</time>
   </trkpt>
   <trkpt lat="55.5911280" lon="-2.5603350">
    <ele>99.9</ele>
    <time>2026-08-02T07:59:20Z</time>
   </trkpt>
   <trkpt lat="55.5911230" lon="-2.5603450">
    <ele>99.8</ele>
    <time>2026-08-02T07:59:21Z</time>
   </trkpt>
   <trkpt lat="55.5911160" lon="-2.5603560">
    <ele>99.7</ele>
    <time>2026-08-02T07:59:22Z</time>
   </trkpt>
   <trkpt lat="55.5911110" lon="-2.5603700">
    <ele>99.7</ele>
    <time>2026-08-02T07:59:23Z</time>
   </trkpt>
   <trkpt lat="55.5911040" lon="-2.5603840">
    <ele>99.6</ele>
    <time>2026-08-02T07:59:24Z</time>
   </trkpt>
   <trkpt lat="55.5911030" lon="-2.5603910">
    <ele>99.6</ele>
    <time>2026-08-02T07:59:25Z</time>
   </trkpt>
   <trkpt lat="55.5910980" lon="-2.5604050">
    <ele>99.5</ele>
    <time>2026-08-02T07:59:26Z</time>
   </trkpt>
   <trkpt lat="55.5910900" lon="-2.5604190">
    <ele>99.4</ele>
    <time>2026-08-02T07:59:27Z</time>
   </trkpt>
   <trkpt lat="55.5910860" lon="-2.5604320">
    <ele>99.4</ele>
    <time>2026-08-02T07:59:28Z</time>
   </trkpt>
   <trkpt lat="55.5910850" lon="-2.5604470">
    <ele>99.3</ele>
    <time>2026-08-02T07:59:29Z</time>
   </trkpt>
   <trkpt lat="55.5910840" lon="-2.5604570">
    <ele>99.3</ele>
    <time>2026-08-02T07:59:30Z</time>
   </trkpt>
   <trkpt lat="55.5910810" lon="-2.5604640">
    <ele>99.2</ele>
    <time>2026-08-02T07:59:31Z</time>
   </trkpt>
   <trkpt lat="55.5910720" lon="-2.5604770">
    <ele>99.2</ele>
    <time>2026-08-02T07:59:32Z</time>
   </trkpt>
   <trkpt lat="55.5910670" lon="-2.5604860">
    <ele>99.1</ele>
    <time>2026-08-02T07:59:33Z</time>
   </trkpt>
   <trkpt lat="55.5910610" lon="-2.5605020">
    <ele>99.1</ele>
    <time>2026-08-02T07:59:34Z</time>
   </trkpt>
   <trkpt lat="55.5910550" lon="-2.5605160">
    <ele>99.0</ele>
    <time>2026-08-02T07:59:35Z</time>
   </trkpt>
   <trkpt lat="55.5910520" lon="-2.5605260">
    <ele>98.9</ele>
    <time>2026-08-02T07:59:36Z</time>
   </trkpt>
   <trkpt lat="55.5910530" lon="-2.5605410">
    <ele>98.9</ele>
    <time>2026-08-02T07:59:37Z</time>
   </trkpt>
   <trkpt lat="55.5910490" lon="-2.5605520">
    <ele>98.8</ele>
    <time>2026-08-02T07:59:38Z</time>
   </trkpt>
   <trkpt lat="55.5910440" lon="-2.5605640">
    <ele>98.8</ele>
    <time>2026-08-02T07:59:39Z</time>
   </trkpt>
   <trkpt lat="55.5910380" lon="-2.5605790">
    <ele>98.7</ele>
    <time>2026-08-02T07:59:40Z</time>
   </trkpt>
   <trkpt lat="55.5910320" lon="-2.5605920">
    <ele>98.7</ele>
    <time>2026-08-02T07:59:41Z</time>
   </trkpt>
   <trkpt lat="55.5910280" lon="-2.5606060">
    <ele>98.6</ele>
    <time>2026-08-02T07:59:42Z</time>
   </trkpt>
   <trkpt lat="55.5910230" lon="-2.5606180">
    <ele>98.6</ele>
    <time>2026-08-02T07:59:43Z</time>
   </trkpt>
   <trkpt lat="55.5910230" lon="-2.5606170">
    <ele>98.6</ele>
    <time>2026-08-02T07:59:44Z</time>
   </trkpt>
   <trkpt lat="55.5910240" lon="-2.5606160">
    <ele>98.6</ele>
    <time>2026-08-02T07:59:45Z</time>
   </trkpt>
   <trkpt lat="55.5910200" lon="-2.5606230">
    <ele>98.5</ele>
    <time>2026-08-02T07:59:46Z</time>
   </trkpt>
   <trkpt lat="55.5910170" lon="-2.5606350">
    <ele>98.5</ele>
    <time>2026-08-02T07:59:47Z</time>
   </trkpt>
   <trkpt lat="55.5910130" lon="-2.5606420">
    <ele>98.5</ele>
    <time>2026-08-02T07:59:48Z</time>
   </trkpt>
   <trkpt lat="55.5910120" lon="-2.5606500">
    <ele>98.4</ele>
    <time>2026-08-02T07:59:49Z</time>
   </trkpt>
   <trkpt lat="55.5910090" lon="-2.5606580">
    <ele>98.4</ele>
    <time>2026-08-02T07:59:50Z</time>
   </trkpt>
   <trkpt lat="55.5910110" lon="-2.5606510">
    <ele>98.4</ele>
    <time>2026-08-02T07:59:51Z</time>
   </trkpt>
   <trkpt lat="55.5910080" lon="-2.5606450">
    <ele>98.4</ele>
    <time>2026-08-02T07:59:52Z</time>
   </trkpt>
   <trkpt lat="55.5910060" lon="-2.5606470">
    <ele>98.4</ele>
    <time>2026-08-02T07:59:53Z</time>
   </trkpt>
   <trkpt lat="55.5910060" lon="-2.5606450">
    <ele>98.4</ele>
    <time>2026-08-02T07:59:54Z</time>
   </trkpt>
   <trkpt lat="55.5910060" lon="-2.5606450">
    <ele>98.4</ele>
    <time>2026-08-02T07:59:55Z</time>
   </trkpt>
   <trkpt lat="55.5910060" lon="-2.5606450">
    <ele>98.4</ele>
    <time>2026-08-02T07:59:56Z</time>
   </trkpt>
   <trkpt lat="55.5910060" lon="-2.5606450">
    <ele>98.4</ele>
    <time>2026-08-02T07:59:57Z</time>
   </trkpt>
   <trkpt lat="55.5910040" lon="-2.5606480">
    <ele>98.3</ele>
    <time>2026-08-02T07:59:58Z</time>
   </trkpt>
   <trkpt lat="55.5910030" lon="-2.5606550">
    <ele>98.3</ele>
    <time>2026-08-02T07:59:59Z</time>
   </trkpt>
   <trkpt lat="55.5909980" lon="-2.5606600">
    <ele>98.3</ele>
    <time>2026-08-02T08:00:00Z</time>
   </trkpt>
   <trkpt lat="55.5909970" lon="-2.5606600">
    <ele>98.3</ele>
    <time>2026-08-02T08:00:01Z</time>
   </trkpt>
   <trkpt lat="55.5909960" lon="-2.5606660">
    <ele>98.3</ele>
    <time>2026-08-02T08:00:02Z</time>
   </trkpt>
   <trkpt lat="55.5909950" lon="-2.5606690">
    <ele>98.3</ele>
    <time>2026-08-02T08:00:03Z</time>
   </trkpt>
   <trkpt lat="55.5909900" lon="-2.5606850">
    <ele>98.2</ele>
    <time>2026-08-02T08:00:04Z</time>
   </trkpt>
   <trkpt lat="55.5909870" lon="-2.5606960">
    <ele>98.2</ele>
    <time>2026-08-02T08:00:05Z</time>
   </trkpt>
   <trkpt lat="55.5909840" lon="-2.5607050">
    <ele>98.2</ele>
    <time>2026-08-02T08:00:06Z</time>
   </trkpt>
   <trkpt lat="55.5909770" lon="-2.5607150">
    <ele>98.1</ele>
    <time>2026-08-02T08:00:07Z</time>
   </trkpt>
   <trkpt lat="55.5909740" lon="-2.5607200">
    <ele>98.1</ele>
    <time>2026-08-02T08:00:08Z</time>
   </trkpt>
   <trkpt lat="55.5909700" lon="-2.5607250">
    <ele>98.1</ele>
    <time>2026-08-02T08:00:09Z</time>
   </trkpt>
   <trkpt lat="55.5909650" lon="-2.5607330">
    <ele>98.1</ele>
    <time>2026-08-02T08:00:10Z</time>
   </trkpt>
   <trkpt lat="55.5909610" lon="-2.5607420">
    <ele>98.0</ele>
    <time>2026-08-02T08:00:11Z</time>
   </trkpt>
   <trkpt lat="55.5909560" lon="-2.5607540">
    <ele>98.0</ele>
    <time>2026-08-02T08:00:12Z</time>
   </trkpt>
   <trkpt lat="55.5909530" lon="-2.5607640">
    <ele>98.0</ele>
    <time>2026-08-02T08:00:13Z</time>
   </trkpt>
   <trkpt lat="55.5909470" lon="-2.5607750">
    <ele>97.9</ele>
    <time>2026-08-02T08:00:14Z</time>
   </trkpt>
   <trkpt lat="55.5909420" lon="-2.5607860">
    <ele>97.9</ele>
    <time>2026-08-02T08:00:15Z</time>
   </trkpt>
   <trkpt lat="55.5909370" lon="-2.5607990">
    <ele>97.9</ele>
    <time>2026-08-02T08:00:16Z</time>
   </trkpt>
   <trkpt lat="55.5909300" lon="-2.5608110">
    <ele>97.8</ele>
    <time>2026-08-02T08:00:17Z</time>
   </trkpt>
   <trkpt lat="55.5909250" lon="-2.5608240">
    <ele>97.8</ele>
    <time>2026-08-02T08:00:18Z</time>
   </trkpt>
   <trkpt lat="55.5909200" lon="-2.5608370">
    <ele>97.8</ele>
    <time>2026-08-02T08:00:19Z</time>
   </trkpt>
   <trkpt lat="55.5909110" lon="-2.5608480">
    <ele>97.8</ele>
    <time>2026-08-02T08:00:20Z</time>
   </trkpt>
   <trkpt lat="55.5909060" lon="-2.5608620">
    <ele>97.7</ele>
    <time>2026-08-02T08:00:21Z</time>
   </trkpt>
   <trkpt lat="55.5909010" lon="-2.5608740">
    <ele>97.7</ele>
    <time>2026-08-02T08:00:22Z</time>
   </trkpt>
   <trkpt lat="55.5908990" lon="-2.5608850">
    <ele>97.7</ele>
    <time>2026-08-02T08:00:23Z</time>
   </trkpt>
   <trkpt lat="55.5908930" lon="-2.5608930">
    <ele>97.7</ele>
    <time>2026-08-02T08:00:24Z</time>
   </trkpt>
   <trkpt lat="55.5908880" lon="-2.5609080">
    <ele>97.6</ele>
    <time>2026-08-02T08:00:25Z</time>
   </trkpt>
   <trkpt lat="55.5908840" lon="-2.5609190">
    <ele>97.6</ele>
    <time>2026-08-02T08:00:26Z</time>
   </trkpt>
   <trkpt lat="55.5908800" lon="-2.5609290">
    <ele>97.6</ele>
    <time>2026-08-02T08:00:27Z</time>
   </trkpt>
   <trkpt lat="55.5908750" lon="-2.5609420">
    <ele>97.6</ele>
    <time>2026-08-02T08:00:28Z</time>
   </trkpt>
   <trkpt lat="55.5908700" lon="-2.5609500">
    <ele>97.6</ele>
    <time>2026-08-02T08:00:29Z</time>
   </trkpt>
   <trkpt lat="55.5908680" lon="-2.5609560">
    <ele>97.6</ele>
    <time>2026-08-02T08:00:30Z</time>
   </trkpt>
   <trkpt lat="55.5908700" lon="-2.5609530">
    <ele>97.6</ele>
    <time>2026-08-02T08:00:31Z</time>
   </trkpt>
   <trkpt lat="55.5908700" lon="-2.5609550">
    <ele>97.6</ele>
    <time>2026-08-02T08:00:32Z</time>
   </trkpt>
   <trkpt lat="55.5908640" lon="-2.5609670">
    <ele>97.5</ele>
    <time>2026-08-02T08:00:33Z</time>
   </trkpt>
   <trkpt lat="55.5908610" lon="-2.5609780">
    <ele>97.5</ele>
    <time>2026-08-02T08:00:34Z</time>
   </trkpt>
   <trkpt lat="55.5908570" lon="-2.5609890">
    <ele>97.5</ele>
    <time>2026-08-02T08:00:35Z</time>
   </trkpt>
   <trkpt lat="55.5908530" lon="-2.5610000">
    <ele>97.5</ele>
    <time>2026-08-02T08:00:36Z</time>
   </trkpt>
   <trkpt lat="55.5908490" lon="-2.5610100">
    <ele>97.5</ele>
    <time>2026-08-02T08:00:37Z</time>
   </trkpt>
   <trkpt lat="55.5908450" lon="-2.5610200">
    <ele>97.5</ele>
    <time>2026-08-02T08:00:38Z</time>
   </trkpt>
   <trkpt lat="55.5908390" lon="-2.5610330">
    <ele>97.5</ele>
    <time>2026-08-02T08:00:39Z</time>
   </trkpt>
   <trkpt lat="55.5908360" lon="-2.5610430">
    <ele>97.4</ele>
    <time>2026-08-02T08:00:40Z</time>
   </trkpt>
   <trkpt lat="55.5908300" lon="-2.5610560">
    <ele>97.4</ele>
    <time>2026-08-02T08:00:41Z</time>
   </trkpt>
   <trkpt lat="55.5908250" lon="-2.5610690">
    <ele>97.4</ele>
    <time>2026-08-02T08:00:42Z</time>
   </trkpt>
   <trkpt lat="55.5908210" lon="-2.5610760">
    <ele>97.4</ele>
    <time>2026-08-02T08:00:43Z</time>
   </trkpt>
   <trkpt lat="55.5908170" lon="-2.5610920">
    <ele>97.4</ele>
    <time>2026-08-02T08:00:44Z</time>
   </trkpt>
   <trkpt lat="55.5908100" lon="-2.5611060">
    <ele>97.4</ele>
    <time>2026-08-02T08:00:45Z</time>
   </trkpt>
   <trkpt lat="55.5908040" lon="-2.5611190">
    <ele>97.4</ele>
    <time>2026-08-02T08:00:46Z</time>
   </trkpt>
   <trkpt lat="55.5907990" lon="-2.5611320">
    <ele>97.4</ele>
    <time>2026-08-02T08:00:47Z</time>
   </trkpt>
   <trkpt lat="55.5907960" lon="-2.5611430">
    <ele>97.4</ele>
    <time>2026-08-02T08:00:48Z</time>
   </trkpt>
   <trkpt lat="55.5907910" lon="-2.5611540">
    <ele>97.3</ele>
    <time>2026-08-02T08:00:49Z</time>
   </trkpt>
   <trkpt lat="55.5907860" lon="-2.5611650">
    <ele>97.3</ele>
    <time>2026-08-02T08:00:50Z</time>
   </trkpt>
   <trkpt lat="55.5907810" lon="-2.5611770">
    <ele>97.3</ele>
    <time>2026-08-02T08:00:51Z</time>
   </trkpt>
   <trkpt lat="55.5907750" lon="-2.5611890">
    <ele>97.3</ele>
    <time>2026-08-02T08:00:52Z</time>
   </trkpt>
   <trkpt lat="55.5907710" lon="-2.5612020">
    <ele>97.3</ele>
    <time>2026-08-02T08:00:53Z</time>
   </trkpt>
   <trkpt lat="55.5907660" lon="-2.5612140">
    <ele>97.3</ele>
    <time>2026-08-02T08:00:54Z</time>
   </trkpt>
   <trkpt lat="55.5907600" lon="-2.5612270">
    <ele>97.3</ele>
    <time>2026-08-02T08:00:55Z</time>
   </trkpt>
   <trkpt lat="55.5907550" lon="-2.5612380">
    <ele>97.3</ele>
    <time>2026-08-02T08:00:56Z</time>
   </trkpt>
   <trkpt lat="55.5907500" lon="-2.5612500">
    <ele>97.3</ele>
    <time>2026-08-02T08:00:57Z</time>
   </trkpt>
   <trkpt lat="55.5907470" lon="-2.5612630">
    <ele>97.3</ele>
    <time>2026-08-02T08:00:58Z</time>
   </trkpt>
   <trkpt lat="55.5907440" lon="-2.5612720">
    <ele>97.3</ele>
    <time>2026-08-02T08:00:59Z</time>
   </trkpt>
   <trkpt lat="55.5907420" lon="-2.5612780">
    <ele>97.3</ele>
    <time>2026-08-02T08:01:00Z</time>
   </trkpt>
   <trkpt lat="55.5907430" lon="-2.5612730">
    <ele>97.3</ele>
    <time>2026-08-02T08:01:01Z</time>
   </trkpt>
   <trkpt lat="55.5907440" lon="-2.5612750">
    <ele>97.3</ele>
    <time>2026-08-02T08:01:02Z</time>
   </trkpt>
   <trkpt lat="55.5907450" lon="-2.5612800">
    <ele>97.3</ele>
    <time>2026-08-02T08:01:03Z</time>
   </trkpt>
   <trkpt lat="55.5907430" lon="-2.5612830">
    <ele>97.3</ele>
    <time>2026-08-02T08:01:04Z</time>
   </trkpt>
   <trkpt lat="55.5907420" lon="-2.5612880">
    <ele>97.3</ele>
    <time>2026-08-02T08:01:05Z</time>
   </trkpt>
   <trkpt lat="55.5907430" lon="-2.5612880">
    <ele>97.3</ele>
    <time>2026-08-02T08:01:06Z</time>
   </trkpt>
   <trkpt lat="55.5907400" lon="-2.5612930">
    <ele>97.3</ele>
    <time>2026-08-02T08:01:07Z</time>
   </trkpt>
   <trkpt lat="55.5907350" lon="-2.5613040">
    <ele>97.3</ele>
    <time>2026-08-02T08:01:08Z</time>
   </trkpt>
   <trkpt lat="55.5907310" lon="-2.5613130">
    <ele>97.3</ele>
    <time>2026-08-02T08:01:09Z</time>
   </trkpt>
   <trkpt lat="55.5907260" lon="-2.5613210">
    <ele>97.3</ele>
    <time>2026-08-02T08:01:10Z</time>
   </trkpt>
   <trkpt lat="55.5907230" lon="-2.5613320">
    <ele>97.3</ele>
    <time>2026-08-02T08:01:12Z</time>
   </trkpt>
   <trkpt lat="55.5907180" lon="-2.5613390">
    <ele>97.3</ele>
    <time>2026-08-02T08:01:13Z</time>
   </trkpt>
   <trkpt lat="55.5907140" lon="-2.5613500">
    <ele>97.3</ele>
    <time>2026-08-02T08:01:14Z</time>
   </trkpt>
   <trkpt lat="55.5907090" lon="-2.5613630">
    <ele>97.3</ele>
    <time>2026-08-02T08:01:15Z</time>
   </trkpt>
   <trkpt lat="55.5907040" lon="-2.5613730">
    <ele>97.3</ele>
    <time>2026-08-02T08:01:16Z</time>
   </trkpt>
   <trkpt lat="55.5906970" lon="-2.5613840">
    <ele>97.3</ele>
    <time>2026-08-02T08:01:17Z</time>
   </trkpt>
   <trkpt lat="55.5906910" lon="-2.5613970">
    <ele>97.3</ele>
    <time>2026-08-02T08:01:18Z</time>
   </trkpt>
   <trkpt lat="55.5906880" lon="-2.5614110">
    <ele>97.3</ele>
    <time>2026-08-02T08:01:19Z</time>
   </trkpt>
   <trkpt lat="55.5906850" lon="-2.5614230">
    <ele>97.3</ele>
    <time>2026-08-02T08:01:20Z</time>
   </trkpt>
   <trkpt lat="55.5906820" lon="-2.5614340">
    <ele>97.3</ele>
    <time>2026-08-02T08:01:21Z</time>
   </trkpt>
   <trkpt lat="55.5906800" lon="-2.5614480">
    <ele>97.3</ele>
    <time>2026-08-02T08:01:22Z</time>
   </trkpt>
   <trkpt lat="55.5906790" lon="-2.5614580">
    <ele>97.3</ele>
    <time>2026-08-02T08:01:23Z</time>
   </trkpt>
   <trkpt lat="55.5906810" lon="-2.5614590">
    <ele>97.3</ele>
    <time>2026-08-02T08:01:24Z</time>
   </trkpt>
   <trkpt lat="55.5906820" lon="-2.5614650">
    <ele>97.3</ele>
    <time>2026-08-02T08:01:25Z</time>
   </trkpt>
   <trkpt lat="55.5906830" lon="-2.5614590">
    <ele>97.3</ele>
    <time>2026-08-02T08:01:26Z</time>
   </trkpt>
   <trkpt lat="55.5906820" lon="-2.5614590">
    <ele>97.3</ele>
    <time>2026-08-02T08:01:27Z</time>
   </trkpt>
   <trkpt lat="55.5906840" lon="-2.5614580">
    <ele>97.3</ele>
    <time>2026-08-02T08:01:28Z</time>
   </trkpt>
   <trkpt lat="55.5906810" lon="-2.5614610">
    <ele>97.3</ele>
    <time>2026-08-02T08:01:29Z</time>
   </trkpt>
   <trkpt lat="55.5906780" lon="-2.5614670">
    <ele>97.3</ele>
    <time>2026-08-02T08:01:30Z</time>
   </trkpt>
   <trkpt lat="55.5906750" lon="-2.5614640">
    <ele>97.3</ele>
    <time>2026-08-02T08:01:31Z</time>
   </trkpt>
   <trkpt lat="55.5906740" lon="-2.5614600">
    <ele>97.3</ele>
    <time>2026-08-02T08:01:32Z</time>
   </trkpt>
   <trkpt lat="55.5906690" lon="-2.5614680">
    <ele>97.3</ele>
    <time>2026-08-02T08:01:33Z</time>
   </trkpt>
   <trkpt lat="55.5906650" lon="-2.5614710">
    <ele>97.3</ele>
    <time>2026-08-02T08:01:34Z</time>
   </trkpt>
   <trkpt lat="55.5906570" lon="-2.5614850">
    <ele>97.3</ele>
    <time>2026-08-02T08:01:35Z</time>
   </trkpt>
   <trkpt lat="55.5906500" lon="-2.5615010">
    <ele>97.3</ele>
    <time>2026-08-02T08:01:36Z</time>
   </trkpt>
   <trkpt lat="55.5906460" lon="-2.5615120">
    <ele>97.3</ele>
    <time>2026-08-02T08:01:37Z</time>
   </trkpt>
   <trkpt lat="55.5906420" lon="-2.5615230">
    <ele>97.3</ele>
    <time>2026-08-02T08:01:38Z</time>
   </trkpt>
   <trkpt lat="55.5906320" lon="-2.5615450">
    <ele>97.3</ele>
    <time>2026-08-02T08:01:39Z</time>
   </trkpt>
   <trkpt lat="55.5906280" lon="-2.5615550">
    <ele>97.3</ele>
    <time>2026-08-02T08:01:40Z</time>
   </trkpt>
   <trkpt lat="55.5906230" lon="-2.5615680">
    <ele>97.3</ele>
    <time>2026-08-02T08:01:41Z</time>
   </trkpt>
   <trkpt lat="55.5906180" lon="-2.5615780">
    <ele>97.3</ele>
    <time>2026-08-02T08:01:42Z</time>
   </trkpt>
   <trkpt lat="55.5906140" lon="-2.5615890">
    <ele>97.3</ele>
    <time>2026-08-02T08:01:43Z</time>
   </trkpt>
   <trkpt lat="55.5906090" lon="-2.5616020">
    <ele>97.3</ele>
    <time>2026-08-02T08:01:44Z</time>
   </trkpt>
   <trkpt lat="55.5906030" lon="-2.5616150">
    <ele>97.3</ele>
    <time>2026-08-02T08:01:45Z</time>
   </trkpt>
   <trkpt lat="55.5905970" lon="-2.5616260">
    <ele>97.3</ele>
    <time>2026-08-02T08:01:46Z</time>
   </trkpt>
   <trkpt lat="55.5905910" lon="-2.5616390">
    <ele>97.3</ele>
    <time>2026-08-02T08:01:47Z</time>
   </trkpt>
   <trkpt lat="55.5905880" lon="-2.5616470">
    <ele>97.3</ele>
    <time>2026-08-02T08:01:48Z</time>
   </trkpt>
   <trkpt lat="55.5905830" lon="-2.5616570">
    <ele>97.3</ele>
    <time>2026-08-02T08:01:49Z</time>
   </trkpt>
   <trkpt lat="55.5905780" lon="-2.5616720">
    <ele>97.3</ele>
    <time>2026-08-02T08:01:50Z</time>
   </trkpt>
   <trkpt lat="55.5905730" lon="-2.5616810">
    <ele>97.3</ele>
    <time>2026-08-02T08:01:51Z</time>
   </trkpt>
   <trkpt lat="55.5905670" lon="-2.5616890">
    <ele>97.4</ele>
    <time>2026-08-02T08:01:52Z</time>
   </trkpt>
   <trkpt lat="55.5905580" lon="-2.5617040">
    <ele>97.4</ele>
    <time>2026-08-02T08:01:53Z</time>
   </trkpt>
   <trkpt lat="55.5905560" lon="-2.5617100">
    <ele>97.4</ele>
    <time>2026-08-02T08:01:54Z</time>
   </trkpt>
   <trkpt lat="55.5905510" lon="-2.5617150">
    <ele>97.4</ele>
    <time>2026-08-02T08:01:55Z</time>
   </trkpt>
   <trkpt lat="55.5905440" lon="-2.5617240">
    <ele>97.4</ele>
    <time>2026-08-02T08:01:56Z</time>
   </trkpt>
   <trkpt lat="55.5905370" lon="-2.5617330">
    <ele>97.4</ele>
    <time>2026-08-02T08:01:57Z</time>
   </trkpt>
   <trkpt lat="55.5905300" lon="-2.5617410">
    <ele>97.4</ele>
    <time>2026-08-02T08:01:58Z</time>
   </trkpt>
   <trkpt lat="55.5905240" lon="-2.5617490">
    <ele>97.4</ele>
    <time>2026-08-02T08:01:59Z</time>
   </trkpt>
   <trkpt lat="55.5905180" lon="-2.5617570">
    <ele>97.4</ele>
    <time>2026-08-02T08:02:00Z</time>
   </trkpt>
   <trkpt lat="55.5905100" lon="-2.5617670">
    <ele>97.4</ele>
    <time>2026-08-02T08:02:01Z</time>
   </trkpt>
   <trkpt lat="55.5905030" lon="-2.5617750">
    <ele>97.4</ele>
    <time>2026-08-02T08:02:02Z</time>
   </trkpt>
   <trkpt lat="55.5904970" lon="-2.5617830">
    <ele>97.4</ele>
    <time>2026-08-02T08:02:03Z</time>
   </trkpt>
   <trkpt lat="55.5904920" lon="-2.5617950">
    <ele>97.4</ele>
    <time>2026-08-02T08:02:04Z</time>
   </trkpt>
   <trkpt lat="55.5904860" lon="-2.5618070">
    <ele>97.4</ele>
    <time>2026-08-02T08:02:05Z</time>
   </trkpt>
   <trkpt lat="55.5904790" lon="-2.5618150">
    <ele>97.4</ele>
    <time>2026-08-02T08:02:06Z</time>
   </trkpt>
   <trkpt lat="55.5904740" lon="-2.5618240">
    <ele>97.4</ele>
    <time>2026-08-02T08:02:07Z</time>
   </trkpt>
   <trkpt lat="55.5904680" lon="-2.5618330">
    <ele>97.4</ele>
    <time>2026-08-02T08:02:08Z</time>
   </trkpt>
   <trkpt lat="55.5904620" lon="-2.5618420">
    <ele>97.4</ele>
    <time>2026-08-02T08:02:09Z</time>
   </trkpt>
   <trkpt lat="55.5904570" lon="-2.5618500">
    <ele>97.4</ele>
    <time>2026-08-02T08:02:10Z</time>
   </trkpt>
   <trkpt lat="55.5904620" lon="-2.5618480">
    <ele>97.4</ele>
    <time>2026-08-02T08:02:11Z</time>
   </trkpt>
   <trkpt lat="55.5904680" lon="-2.5618540">
    <ele>97.4</ele>
    <time>2026-08-02T08:02:12Z</time>
   </trkpt>
   <trkpt lat="55.5904770" lon="-2.5618570">
    <ele>97.4</ele>
    <time>2026-08-02T08:02:13Z</time>
   </trkpt>
   <trkpt lat="55.5904770" lon="-2.5618590">
    <ele>97.4</ele>
    <time>2026-08-02T08:02:14Z</time>
   </trkpt>
   <trkpt lat="55.5904750" lon="-2.5618630">
    <ele>97.4</ele>
    <time>2026-08-02T08:02:15Z</time>
   </trkpt>
   <trkpt lat="55.5904730" lon="-2.5618570">
    <ele>97.4</ele>
    <time>2026-08-02T08:02:16Z</time>
   </trkpt>
   <trkpt lat="55.5904670" lon="-2.5618540">
    <ele>97.4</ele>
    <time>2026-08-02T08:02:17Z</time>
   </trkpt>
   <trkpt lat="55.5904600" lon="-2.5618580">
    <ele>97.4</ele>
    <time>2026-08-02T08:02:18Z</time>
   </trkpt>
   <trkpt lat="55.5904530" lon="-2.5618560">
    <ele>97.4</ele>
    <time>2026-08-02T08:02:19Z</time>
   </trkpt>
   <trkpt lat="55.5904480" lon="-2.5618580">
    <ele>97.4</ele>
    <time>2026-08-02T08:02:20Z</time>
   </trkpt>
   <trkpt lat="55.5904450" lon="-2.5618620">
    <ele>97.4</ele>
    <time>2026-08-02T08:02:21Z</time>
   </trkpt>
   <trkpt lat="55.5904390" lon="-2.5618680">
    <ele>97.4</ele>
    <time>2026-08-02T08:02:22Z</time>
   </trkpt>
   <trkpt lat="55.5904350" lon="-2.5618750">
    <ele>97.4</ele>
    <time>2026-08-02T08:02:23Z</time>
   </trkpt>
   <trkpt lat="55.5904320" lon="-2.5618800">
    <ele>97.4</ele>
    <time>2026-08-02T08:02:24Z</time>
   </trkpt>
   <trkpt lat="55.5904270" lon="-2.5618830">
    <ele>97.4</ele>
    <time>2026-08-02T08:02:25Z</time>
   </trkpt>
   <trkpt lat="55.5904210" lon="-2.5618870">
    <ele>97.4</ele>
    <time>2026-08-02T08:02:26Z</time>
   </trkpt>
   <trkpt lat="55.5904150" lon="-2.5618960">
    <ele>97.4</ele>
    <time>2026-08-02T08:02:27Z</time>
   </trkpt>
   <trkpt lat="55.5904120" lon="-2.5619040">
    <ele>97.4</ele>
    <time>2026-08-02T08:02:28Z</time>
   </trkpt>
   <trkpt lat="55.5904100" lon="-2.5619050">
    <ele>97.4</ele>
    <time>2026-08-02T08:02:29Z</time>
   </trkpt>
   <trkpt lat="55.5904050" lon="-2.5619110">
    <ele>97.4</ele>
    <time>2026-08-02T08:02:30Z</time>
   </trkpt>
   <trkpt lat="55.5904020" lon="-2.5619150">
    <ele>97.4</ele>
    <time>2026-08-02T08:02:31Z</time>
   </trkpt>
   <trkpt lat="55.5903980" lon="-2.5619240">
    <ele>97.4</ele>
    <time>2026-08-02T08:02:32Z</time>
   </trkpt>
   <trkpt lat="55.5903940" lon="-2.5619320">
    <ele>97.4</ele>
    <time>2026-08-02T08:02:33Z</time>
   </trkpt>
   <trkpt lat="55.5903910" lon="-2.5619370">
    <ele>97.4</ele>
    <time>2026-08-02T08:02:34Z</time>
   </trkpt>
   <trkpt lat="55.5903880" lon="-2.5619450">
    <ele>97.4</ele>
    <time>2026-08-02T08:02:35Z</time>
   </trkpt>
   <trkpt lat="55.5903830" lon="-2.5619510">
    <ele>97.4</ele>
    <time>2026-08-02T08:02:36Z</time>
   </trkpt>
   <trkpt lat="55.5903780" lon="-2.5619600">
    <ele>97.4</ele>
    <time>2026-08-02T08:02:37Z</time>
   </trkpt>
   <trkpt lat="55.5903740" lon="-2.5619670">
    <ele>97.4</ele>
    <time>2026-08-02T08:02:38Z</time>
   </trkpt>
   <trkpt lat="55.5903700" lon="-2.5619700">
    <ele>97.4</ele>
    <time>2026-08-02T08:02:39Z</time>
   </trkpt>
   <trkpt lat="55.5903650" lon="-2.5619770">
    <ele>97.4</ele>
    <time>2026-08-02T08:02:40Z</time>
   </trkpt>
   <trkpt lat="55.5903590" lon="-2.5619850">
    <ele>97.4</ele>
    <time>2026-08-02T08:02:41Z</time>
   </trkpt>
   <trkpt lat="55.5903530" lon="-2.5619940">
    <ele>97.4</ele>
    <time>2026-08-02T08:02:42Z</time>
   </trkpt>
   <trkpt lat="55.5903470" lon="-2.5620020">
    <ele>97.4</ele>
    <time>2026-08-02T08:02:43Z</time>
   </trkpt>
   <trkpt lat="55.5903400" lon="-2.5620120">
    <ele>97.4</ele>
    <time>2026-08-02T08:02:44Z</time>
   </trkpt>
   <trkpt lat="55.5903330" lon="-2.5620220">
    <ele>97.4</ele>
    <time>2026-08-02T08:02:45Z</time>
   </trkpt>
   <trkpt lat="55.5903270" lon="-2.5620290">
    <ele>97.4</ele>
    <time>2026-08-02T08:02:46Z</time>
   </trkpt>
   <trkpt lat="55.5903200" lon="-2.5620350">
    <ele>97.3</ele>
    <time>2026-08-02T08:02:47Z</time>
   </trkpt>
   <trkpt lat="55.5903120" lon="-2.5620430">
    <ele>97.3</ele>
    <time>2026-08-02T08:02:48Z</time>
   </trkpt>
   <trkpt lat="55.5903050" lon="-2.5620530">
    <ele>97.3</ele>
    <time>2026-08-02T08:02:49Z</time>
   </trkpt>
   <trkpt lat="55.5903000" lon="-2.5620640">
    <ele>97.3</ele>
    <time>2026-08-02T08:02:50Z</time>
   </trkpt>
   <trkpt lat="55.5902950" lon="-2.5620720">
    <ele>97.3</ele>
    <time>2026-08-02T08:02:51Z</time>
   </trkpt>
   <trkpt lat="55.5902870" lon="-2.5620790">
    <ele>97.3</ele>
    <time>2026-08-02T08:02:52Z</time>
   </trkpt>
   <trkpt lat="55.5902780" lon="-2.5620880">
    <ele>97.3</ele>
    <time>2026-08-02T08:02:53Z</time>
   </trkpt>
   <trkpt lat="55.5902700" lon="-2.5621000">
    <ele>97.3</ele>
    <time>2026-08-02T08:02:54Z</time>
   </trkpt>
   <trkpt lat="55.5902630" lon="-2.5621110">
    <ele>97.3</ele>
    <time>2026-08-02T08:02:55Z</time>
   </trkpt>
   <trkpt lat="55.5902570" lon="-2.5621210">
    <ele>97.3</ele>
    <time>2026-08-02T08:02:56Z</time>
   </trkpt>
   <trkpt lat="55.5902530" lon="-2.5621280">
    <ele>97.3</ele>
    <time>2026-08-02T08:02:57Z</time>
   </trkpt>
   <trkpt lat="55.5902460" lon="-2.5621430">
    <ele>97.3</ele>
    <time>2026-08-02T08:02:58Z</time>
   </trkpt>
   <trkpt lat="55.5902400" lon="-2.5621550">
    <ele>97.3</ele>
    <time>2026-08-02T08:02:59Z</time>
   </trkpt>
   <trkpt lat="55.5902340" lon="-2.5621630">
    <ele>97.2</ele>
    <time>2026-08-02T08:03:00Z</time>
   </trkpt>
   <trkpt lat="55.5902280" lon="-2.5621700">
    <ele>97.2</ele>
    <time>2026-08-02T08:03:01Z</time>
   </trkpt>
   <trkpt lat="55.5902190" lon="-2.5621750">
    <ele>97.2</ele>
    <time>2026-08-02T08:03:02Z</time>
   </trkpt>
   <trkpt lat="55.5902090" lon="-2.5621880">
    <ele>97.2</ele>
    <time>2026-08-02T08:03:03Z</time>
   </trkpt>
   <trkpt lat="55.5902030" lon="-2.5621980">
    <ele>97.2</ele>
    <time>2026-08-02T08:03:04Z</time>
   </trkpt>
   <trkpt lat="55.5901980" lon="-2.5622030">
    <ele>97.2</ele>
    <time>2026-08-02T08:03:05Z</time>
   </trkpt>
   <trkpt lat="55.5901920" lon="-2.5622130">
    <ele>97.2</ele>
    <time>2026-08-02T08:03:06Z</time>
   </trkpt>
   <trkpt lat="55.5901870" lon="-2.5622140">
    <ele>97.2</ele>
    <time>2026-08-02T08:03:07Z</time>
   </trkpt>
   <trkpt lat="55.5901810" lon="-2.5622250">
    <ele>97.2</ele>
    <time>2026-08-02T08:03:08Z</time>
   </trkpt>
   <trkpt lat="55.5901730" lon="-2.5622340">
    <ele>97.2</ele>
    <time>2026-08-02T08:03:09Z</time>
   </trkpt>
   <trkpt lat="55.5901670" lon="-2.5622440">
    <ele>97.2</ele>
    <time>2026-08-02T08:03:10Z</time>
   </trkpt>
   <trkpt lat="55.5901600" lon="-2.5622530">
    <ele>97.2</ele>
    <time>2026-08-02T08:03:11Z</time>
   </trkpt>
   <trkpt lat="55.5901520" lon="-2.5622620">
    <ele>97.2</ele>
    <time>2026-08-02T08:03:12Z</time>
   </trkpt>
   <trkpt lat="55.5901450" lon="-2.5622730">
    <ele>97.2</ele>
    <time>2026-08-02T08:03:13Z</time>
   </trkpt>
   <trkpt lat="55.5901410" lon="-2.5622830">
    <ele>97.2</ele>
    <time>2026-08-02T08:03:14Z</time>
   </trkpt>
   <trkpt lat="55.5901350" lon="-2.5622910">
    <ele>97.2</ele>
    <time>2026-08-02T08:03:15Z</time>
   </trkpt>
   <trkpt lat="55.5901280" lon="-2.5623000">
    <ele>97.2</ele>
    <time>2026-08-02T08:03:16Z</time>
   </trkpt>
   <trkpt lat="55.5901220" lon="-2.5623110">
    <ele>97.2</ele>
    <time>2026-08-02T08:03:18Z</time>
   </trkpt>
   <trkpt lat="55.5901150" lon="-2.5623210">
    <ele>97.2</ele>
    <time>2026-08-02T08:03:19Z</time>
   </trkpt>
   <trkpt lat="55.5901090" lon="-2.5623290">
    <ele>97.2</ele>
    <time>2026-08-02T08:03:20Z</time>
   </trkpt>
   <trkpt lat="55.5901030" lon="-2.5623380">
    <ele>97.2</ele>
    <time>2026-08-02T08:03:21Z</time>
   </trkpt>
   <trkpt lat="55.5900970" lon="-2.5623480">
    <ele>97.2</ele>
    <time>2026-08-02T08:03:22Z</time>
   </trkpt>
   <trkpt lat="55.5900900" lon="-2.5623580">
    <ele>97.1</ele>
    <time>2026-08-02T08:03:23Z</time>
   </trkpt>
   <trkpt lat="55.5900840" lon="-2.5623700">
    <ele>97.1</ele>
    <time>2026-08-02T08:03:24Z</time>
   </trkpt>
   <trkpt lat="55.5900800" lon="-2.5623740">
    <ele>97.1</ele>
    <time>2026-08-02T08:03:25Z</time>
   </trkpt>
   <trkpt lat="55.5900740" lon="-2.5623850">
    <ele>97.1</ele>
    <time>2026-08-02T08:03:26Z</time>
   </trkpt>
   <trkpt lat="55.5900670" lon="-2.5623930">
    <ele>97.1</ele>
    <time>2026-08-02T08:03:27Z</time>
   </trkpt>
   <trkpt lat="55.5900630" lon="-2.5623970">
    <ele>97.1</ele>
    <time>2026-08-02T08:03:28Z</time>
   </trkpt>
   <trkpt lat="55.5900570" lon="-2.5624000">
    <ele>97.1</ele>
    <time>2026-08-02T08:03:29Z</time>
   </trkpt>
   <trkpt lat="55.5900510" lon="-2.5624110">
    <ele>97.1</ele>
    <time>2026-08-02T08:03:30Z</time>
   </trkpt>
   <trkpt lat="55.5900450" lon="-2.5624210">
    <ele>97.1</ele>
    <time>2026-08-02T08:03:31Z</time>
   </trkpt>
   <trkpt lat="55.5900400" lon="-2.5624320">
    <ele>97.1</ele>
    <time>2026-08-02T08:03:32Z</time>
   </trkpt>
   <trkpt lat="55.5900330" lon="-2.5624430">
    <ele>97.1</ele>
    <time>2026-08-02T08:03:33Z</time>
   </trkpt>
   <trkpt lat="55.5900290" lon="-2.5624520">
    <ele>97.1</ele>
    <time>2026-08-02T08:03:34Z</time>
   </trkpt>
   <trkpt lat="55.5900220" lon="-2.5624630">
    <ele>97.1</ele>
    <time>2026-08-02T08:03:35Z</time>
   </trkpt>
   <trkpt lat="55.5900160" lon="-2.5624730">
    <ele>97.1</ele>
    <time>2026-08-02T08:03:36Z</time>
   </trkpt>
   <trkpt lat="55.5900100" lon="-2.5624810">
    <ele>97.1</ele>
    <time>2026-08-02T08:03:37Z</time>
   </trkpt>
   <trkpt lat="55.5900040" lon="-2.5624880">
    <ele>97.1</ele>
    <time>2026-08-02T08:03:38Z</time>
   </trkpt>
   <trkpt lat="55.5899990" lon="-2.5624980">
    <ele>97.1</ele>
    <time>2026-08-02T08:03:39Z</time>
   </trkpt>
   <trkpt lat="55.5899960" lon="-2.5625020">
    <ele>97.1</ele>
    <time>2026-08-02T08:03:40Z</time>
   </trkpt>
   <trkpt lat="55.5899950" lon="-2.5624990">
    <ele>97.1</ele>
    <time>2026-08-02T08:03:41Z</time>
   </trkpt>
   <trkpt lat="55.5899960" lon="-2.5624970">
    <ele>97.1</ele>
    <time>2026-08-02T08:03:42Z</time>
   </trkpt>
   <trkpt lat="55.5899960" lon="-2.5624950">
    <ele>97.1</ele>
    <time>2026-08-02T08:03:43Z</time>
   </trkpt>
   <trkpt lat="55.5899920" lon="-2.5625030">
    <ele>97.1</ele>
    <time>2026-08-02T08:03:44Z</time>
   </trkpt>
   <trkpt lat="55.5899940" lon="-2.5625070">
    <ele>97.1</ele>
    <time>2026-08-02T08:03:45Z</time>
   </trkpt>
   <trkpt lat="55.5899960" lon="-2.5625100">
    <ele>97.1</ele>
    <time>2026-08-02T08:03:46Z</time>
   </trkpt>
   <trkpt lat="55.5899960" lon="-2.5625110">
    <ele>97.1</ele>
    <time>2026-08-02T08:03:47Z</time>
   </trkpt>
   <trkpt lat="55.5899950" lon="-2.5625150">
    <ele>97.2</ele>
    <time>2026-08-02T08:03:48Z</time>
   </trkpt>
   <trkpt lat="55.5899910" lon="-2.5625170">
    <ele>97.2</ele>
    <time>2026-08-02T08:03:49Z</time>
   </trkpt>
   <trkpt lat="55.5899850" lon="-2.5625190">
    <ele>97.2</ele>
    <time>2026-08-02T08:03:50Z</time>
   </trkpt>
   <trkpt lat="55.5899790" lon="-2.5625270">
    <ele>97.2</ele>
    <time>2026-08-02T08:03:51Z</time>
   </trkpt>
   <trkpt lat="55.5899770" lon="-2.5625400">
    <ele>97.2</ele>
    <time>2026-08-02T08:03:52Z</time>
   </trkpt>
   <trkpt lat="55.5899720" lon="-2.5625470">
    <ele>97.2</ele>
    <time>2026-08-02T08:03:53Z</time>
   </trkpt>
   <trkpt lat="55.5899660" lon="-2.5625530">
    <ele>97.2</ele>
    <time>2026-08-02T08:03:54Z</time>
   </trkpt>
   <trkpt lat="55.5899600" lon="-2.5625610">
    <ele>97.2</ele>
    <time>2026-08-02T08:03:55Z</time>
   </trkpt>
   <trkpt lat="55.5899540" lon="-2.5625680">
    <ele>97.2</ele>
    <time>2026-08-02T08:03:56Z</time>
   </trkpt>
   <trkpt lat="55.5899490" lon="-2.5625740">
    <ele>97.2</ele>
    <time>2026-08-02T08:03:57Z</time>
   </trkpt>
   <trkpt lat="55.5899440" lon="-2.5625840">
    <ele>97.2</ele>
    <time>2026-08-02T08:03:58Z</time>
   </trkpt>
   <trkpt lat="55.5899350" lon="-2.5625940">
    <ele>97.2</ele>
    <time>2026-08-02T08:03:59Z</time>
   </trkpt>
   <trkpt lat="55.5899300" lon="-2.5626000">
    <ele>97.2</ele>
    <time>2026-08-02T08:04:00Z</time>
   </trkpt>
   <trkpt lat="55.5899240" lon="-2.5626090">
    <ele>97.2</ele>
    <time>2026-08-02T08:04:01Z</time>
   </trkpt>
   <trkpt lat="55.5899170" lon="-2.5626180">
    <ele>97.2</ele>
    <time>2026-08-02T08:04:02Z</time>
   </trkpt>
   <trkpt lat="55.5899120" lon="-2.5626220">
    <ele>97.2</ele>
    <time>2026-08-02T08:04:03Z</time>
   </trkpt>
   <trkpt lat="55.5899080" lon="-2.5626270">
    <ele>97.2</ele>
    <time>2026-08-02T08:04:04Z</time>
   </trkpt>
   <trkpt lat="55.5898960" lon="-2.5626450">
    <ele>97.2</ele>
    <time>2026-08-02T08:04:05Z</time>
   </trkpt>
   <trkpt lat="55.5898910" lon="-2.5626550">
    <ele>97.2</ele>
    <time>2026-08-02T08:04:06Z</time>
   </trkpt>
   <trkpt lat="55.5898840" lon="-2.5626620">
    <ele>97.2</ele>
    <time>2026-08-02T08:04:07Z</time>
   </trkpt>
   <trkpt lat="55.5898770" lon="-2.5626720">
    <ele>97.2</ele>
    <time>2026-08-02T08:04:08Z</time>
   </trkpt>
   <trkpt lat="55.5898720" lon="-2.5626820">
    <ele>97.2</ele>
    <time>2026-08-02T08:04:09Z</time>
   </trkpt>
   <trkpt lat="55.5898650" lon="-2.5626900">
    <ele>97.2</ele>
    <time>2026-08-02T08:04:10Z</time>
   </trkpt>
   <trkpt lat="55.5898610" lon="-2.5627000">
    <ele>97.2</ele>
    <time>2026-08-02T08:04:11Z</time>
   </trkpt>
   <trkpt lat="55.5898550" lon="-2.5627120">
    <ele>97.2</ele>
    <time>2026-08-02T08:04:12Z</time>
   </trkpt>
   <trkpt lat="55.5898470" lon="-2.5627290">
    <ele>97.2</ele>
    <time>2026-08-02T08:04:13Z</time>
   </trkpt>
   <trkpt lat="55.5898450" lon="-2.5627380">
    <ele>97.2</ele>
    <time>2026-08-02T08:04:14Z</time>
   </trkpt>
   <trkpt lat="55.5898410" lon="-2.5627450">
    <ele>97.2</ele>
    <time>2026-08-02T08:04:15Z</time>
   </trkpt>
   <trkpt lat="55.5898350" lon="-2.5627570">
    <ele>97.2</ele>
    <time>2026-08-02T08:04:16Z</time>
   </trkpt>
   <trkpt lat="55.5898280" lon="-2.5627650">
    <ele>97.2</ele>
    <time>2026-08-02T08:04:17Z</time>
   </trkpt>
   <trkpt lat="55.5898220" lon="-2.5627720">
    <ele>97.2</ele>
    <time>2026-08-02T08:04:18Z</time>
   </trkpt>
   <trkpt lat="55.5898120" lon="-2.5627770">
    <ele>97.3</ele>
    <time>2026-08-02T08:04:19Z</time>
   </trkpt>
   <trkpt lat="55.5898050" lon="-2.5627850">
    <ele>97.3</ele>
    <time>2026-08-02T08:04:20Z</time>
   </trkpt>
   <trkpt lat="55.5897970" lon="-2.5627930">
    <ele>97.3</ele>
    <time>2026-08-02T08:04:21Z</time>
   </trkpt>
   <trkpt lat="55.5897910" lon="-2.5628010">
    <ele>97.3</ele>
    <time>2026-08-02T08:04:22Z</time>
   </trkpt>
   <trkpt lat="55.5897840" lon="-2.5628110">
    <ele>97.3</ele>
    <time>2026-08-02T08:04:23Z</time>
   </trkpt>
   <trkpt lat="55.5897750" lon="-2.5628150">
    <ele>97.3</ele>
    <time>2026-08-02T08:04:24Z</time>
   </trkpt>
   <trkpt lat="55.5897670" lon="-2.5628240">
    <ele>97.3</ele>
    <time>2026-08-02T08:04:25Z</time>
   </trkpt>
   <trkpt lat="55.5897570" lon="-2.5628350">
    <ele>97.3</ele>
    <time>2026-08-02T08:04:26Z</time>
   </trkpt>
   <trkpt lat="55.5897530" lon="-2.5628440">
    <ele>97.3</ele>
    <time>2026-08-02T08:04:27Z</time>
   </trkpt>
   <trkpt lat="55.5897440" lon="-2.5628490">
    <ele>97.3</ele>
    <time>2026-08-02T08:04:28Z</time>
   </trkpt>
   <trkpt lat="55.5897370" lon="-2.5628590">
    <ele>97.3</ele>
    <time>2026-08-02T08:04:29Z</time>
   </trkpt>
   <trkpt lat="55.5897290" lon="-2.5628670">
    <ele>97.3</ele>
    <time>2026-08-02T08:04:30Z</time>
   </trkpt>
   <trkpt lat="55.5897270" lon="-2.5628710">
    <ele>97.3</ele>
    <time>2026-08-02T08:04:31Z</time>
   </trkpt>
   <trkpt lat="55.5897160" lon="-2.5628810">
    <ele>97.3</ele>
    <time>2026-08-02T08:04:32Z</time>
   </trkpt>
   <trkpt lat="55.5897090" lon="-2.5628890">
    <ele>97.3</ele>
    <time>2026-08-02T08:04:33Z</time>
   </trkpt>
   <trkpt lat="55.5897010" lon="-2.5628960">
    <ele>97.3</ele>
    <time>2026-08-02T08:04:34Z</time>
   </trkpt>
   <trkpt lat="55.5896950" lon="-2.5629010">
    <ele>97.3</ele>
    <time>2026-08-02T08:04:35Z</time>
   </trkpt>
   <trkpt lat="55.5896850" lon="-2.5629070">
    <ele>97.3</ele>
    <time>2026-08-02T08:04:36Z</time>
   </trkpt>
   <trkpt lat="55.5896780" lon="-2.5629170">
    <ele>97.3</ele>
    <time>2026-08-02T08:04:37Z</time>
   </trkpt>
   <trkpt lat="55.5896680" lon="-2.5629240">
    <ele>97.3</ele>
    <time>2026-08-02T08:04:38Z</time>
   </trkpt>
   <trkpt lat="55.5896640" lon="-2.5629230">
    <ele>97.3</ele>
    <time>2026-08-02T08:04:39Z</time>
   </trkpt>
   <trkpt lat="55.5896580" lon="-2.5629260">
    <ele>97.3</ele>
    <time>2026-08-02T08:04:40Z</time>
   </trkpt>
   <trkpt lat="55.5896510" lon="-2.5629290">
    <ele>97.3</ele>
    <time>2026-08-02T08:04:41Z</time>
   </trkpt>
   <trkpt lat="55.5896460" lon="-2.5629260">
    <ele>97.3</ele>
    <time>2026-08-02T08:04:42Z</time>
   </trkpt>
   <trkpt lat="55.5896440" lon="-2.5629200">
    <ele>97.3</ele>
    <time>2026-08-02T08:04:43Z</time>
   </trkpt>
   <trkpt lat="55.5896410" lon="-2.5629140">
    <ele>97.3</ele>
    <time>2026-08-02T08:04:44Z</time>
   </trkpt>
   <trkpt lat="55.5896430" lon="-2.5629130">
    <ele>97.3</ele>
    <time>2026-08-02T08:04:45Z</time>
   </trkpt>
   <trkpt lat="55.5896440" lon="-2.5629150">
    <ele>97.3</ele>
    <time>2026-08-02T08:04:46Z</time>
   </trkpt>
   <trkpt lat="55.5896440" lon="-2.5629150">
    <ele>97.3</ele>
    <time>2026-08-02T08:04:47Z</time>
   </trkpt>
   <trkpt lat="55.5896440" lon="-2.5629130">
    <ele>97.3</ele>
    <time>2026-08-02T08:04:48Z</time>
   </trkpt>
   <trkpt lat="55.5896430" lon="-2.5629150">
    <ele>97.3</ele>
    <time>2026-08-02T08:04:49Z</time>
   </trkpt>
   <trkpt lat="55.5896430" lon="-2.5629150">
    <ele>97.3</ele>
    <time>2026-08-02T08:04:50Z</time>
   </trkpt>
   <trkpt lat="55.5896460" lon="-2.5629170">
    <ele>97.3</ele>
    <time>2026-08-02T08:04:51Z</time>
   </trkpt>
   <trkpt lat="55.5896440" lon="-2.5629160">
    <ele>97.3</ele>
    <time>2026-08-02T08:04:52Z</time>
   </trkpt>
   <trkpt lat="55.5896440" lon="-2.5629160">
    <ele>97.3</ele>
    <time>2026-08-02T08:04:53Z</time>
   </trkpt>
   <trkpt lat="55.5896440" lon="-2.5629180">
    <ele>97.3</ele>
    <time>2026-08-02T08:04:54Z</time>
   </trkpt>
   <trkpt lat="55.5896420" lon="-2.5629190">
    <ele>97.3</ele>
    <time>2026-08-02T08:04:55Z</time>
   </trkpt>
   <trkpt lat="55.5896410" lon="-2.5629230">
    <ele>97.3</ele>
    <time>2026-08-02T08:04:56Z</time>
   </trkpt>
   <trkpt lat="55.5896340" lon="-2.5629220">
    <ele>97.3</ele>
    <time>2026-08-02T08:04:57Z</time>
   </trkpt>
   <trkpt lat="55.5896290" lon="-2.5629260">
    <ele>97.3</ele>
    <time>2026-08-02T08:04:58Z</time>
   </trkpt>
   <trkpt lat="55.5896220" lon="-2.5629320">
    <ele>97.3</ele>
    <time>2026-08-02T08:04:59Z</time>
   </trkpt>
   <trkpt lat="55.5896130" lon="-2.5629350">
    <ele>97.3</ele>
    <time>2026-08-02T08:05:00Z</time>
   </trkpt>
   <trkpt lat="55.5896040" lon="-2.5629400">
    <ele>97.3</ele>
    <time>2026-08-02T08:05:01Z</time>
   </trkpt>
   <trkpt lat="55.5895950" lon="-2.5629430">
    <ele>97.3</ele>
    <time>2026-08-02T08:05:02Z</time>
   </trkpt>
   <trkpt lat="55.5895910" lon="-2.5629500">
    <ele>97.3</ele>
    <time>2026-08-02T08:05:03Z</time>
   </trkpt>
   <trkpt lat="55.5895830" lon="-2.5629540">
    <ele>97.3</ele>
    <time>2026-08-02T08:05:04Z</time>
   </trkpt>
   <trkpt lat="55.5895730" lon="-2.5629590">
    <ele>97.3</ele>
    <time>2026-08-02T08:05:05Z</time>
   </trkpt>
   <trkpt lat="55.5895670" lon="-2.5629670">
    <ele>97.3</ele>
    <time>2026-08-02T08:05:06Z</time>
   </trkpt>
   <trkpt lat="55.5895610" lon="-2.5629790">
    <ele>97.3</ele>
    <time>2026-08-02T08:05:07Z</time>
   </trkpt>
   <trkpt lat="55.5895540" lon="-2.5629840">
    <ele>97.3</ele>
    <time>2026-08-02T08:05:08Z</time>
   </trkpt>
   <trkpt lat="55.5895480" lon="-2.5629880">
    <ele>97.3</ele>
    <time>2026-08-02T08:05:09Z</time>
   </trkpt>
   <trkpt lat="55.5895410" lon="-2.5629950">
    <ele>97.3</ele>
    <time>2026-08-02T08:05:10Z</time>
   </trkpt>
   <trkpt lat="55.5895340" lon="-2.5630040">
    <ele>97.3</ele>
    <time>2026-08-02T08:05:11Z</time>
   </trkpt>
   <trkpt lat="55.5895260" lon="-2.5630130">
    <ele>97.3</ele>
    <time>2026-08-02T08:05:12Z</time>
   </trkpt>
   <trkpt lat="55.5895210" lon="-2.5630160">
    <ele>97.3</ele>
    <time>2026-08-02T08:05:13Z</time>
   </trkpt>
   <trkpt lat="55.5895160" lon="-2.5630160">
    <ele>97.3</ele>
    <time>2026-08-02T08:05:14Z</time>
   </trkpt>
   <trkpt lat="55.5895160" lon="-2.5630150">
    <ele>97.3</ele>
    <time>2026-08-02T08:05:15Z</time>
   </trkpt>
   <trkpt lat="55.5895070" lon="-2.5630190">
    <ele>97.3</ele>
    <time>2026-08-02T08:05:16Z</time>
   </trkpt>
   <trkpt lat="55.5895030" lon="-2.5630280">
    <ele>97.3</ele>
    <time>2026-08-02T08:05:17Z</time>
   </trkpt>
   <trkpt lat="55.5894970" lon="-2.5630310">
    <ele>97.3</ele>
    <time>2026-08-02T08:05:18Z</time>
   </trkpt>
   <trkpt lat="55.5894890" lon="-2.5630360">
    <ele>97.3</ele>
    <time>2026-08-02T08:05:19Z</time>
   </trkpt>
   <trkpt lat="55.5894800" lon="-2.5630430">
    <ele>97.3</ele>
    <time>2026-08-02T08:05:20Z</time>
   </trkpt>
   <trkpt lat="55.5894770" lon="-2.5630420">
    <ele>97.3</ele>
    <time>2026-08-02T08:05:21Z</time>
   </trkpt>
   <trkpt lat="55.5894740" lon="-2.5630410">
    <ele>97.3</ele>
    <time>2026-08-02T08:05:22Z</time>
   </trkpt>
   <trkpt lat="55.5894720" lon="-2.5630430">
    <ele>97.3</ele>
    <time>2026-08-02T08:05:24Z</time>
   </trkpt>
   <trkpt lat="55.5894680" lon="-2.5630520">
    <ele>97.3</ele>
    <time>2026-08-02T08:05:25Z</time>
   </trkpt>
   <trkpt lat="55.5894610" lon="-2.5630600">
    <ele>97.3</ele>
    <time>2026-08-02T08:05:26Z</time>
   </trkpt>
   <trkpt lat="55.5894540" lon="-2.5630690">
    <ele>97.3</ele>
    <time>2026-08-02T08:05:27Z</time>
   </trkpt>
   <trkpt lat="55.5894460" lon="-2.5630770">
    <ele>97.3</ele>
    <time>2026-08-02T08:05:28Z</time>
   </trkpt>
   <trkpt lat="55.5894410" lon="-2.5630860">
    <ele>97.3</ele>
    <time>2026-08-02T08:05:29Z</time>
   </trkpt>
   <trkpt lat="55.5894340" lon="-2.5630930">
    <ele>97.3</ele>
    <time>2026-08-02T08:05:30Z</time>
   </trkpt>
   <trkpt lat="55.5894290" lon="-2.5631010">
    <ele>97.3</ele>
    <time>2026-08-02T08:05:31Z</time>
   </trkpt>
   <trkpt lat="55.5894230" lon="-2.5631040">
    <ele>97.3</ele>
    <time>2026-08-02T08:05:32Z</time>
   </trkpt>
   <trkpt lat="55.5894260" lon="-2.5630980">
    <ele>97.3</ele>
    <time>2026-08-02T08:05:33Z</time>
   </trkpt>
   <trkpt lat="55.5894280" lon="-2.5630970">
    <ele>97.3</ele>
    <time>2026-08-02T08:05:34Z</time>
   </trkpt>
   <trkpt lat="55.5894280" lon="-2.5630970">
    <ele>97.3</ele>
    <time>2026-08-02T08:05:35Z</time>
   </trkpt>
   <trkpt lat="55.5894280" lon="-2.5630970">
    <ele>97.3</ele>
    <time>2026-08-02T08:05:36Z</time>
   </trkpt>
   <trkpt lat="55.5894280" lon="-2.5630970">
    <ele>97.3</ele>
    <time>2026-08-02T08:05:37Z</time>
   </trkpt>
   <trkpt lat="55.5894280" lon="-2.5630970">
    <ele>97.3</ele>
    <time>2026-08-02T08:05:38Z</time>
   </trkpt>
   <trkpt lat="55.5894230" lon="-2.5630950">
    <ele>97.3</ele>
    <time>2026-08-02T08:05:39Z</time>
   </trkpt>
   <trkpt lat="55.5894180" lon="-2.5631000">
    <ele>97.3</ele>
    <time>2026-08-02T08:05:40Z</time>
   </trkpt>
   <trkpt lat="55.5894130" lon="-2.5631130">
    <ele>97.3</ele>
    <time>2026-08-02T08:05:41Z</time>
   </trkpt>
   <trkpt lat="55.5894070" lon="-2.5631230">
    <ele>97.3</ele>
    <time>2026-08-02T08:05:42Z</time>
   </trkpt>
   <trkpt lat="55.5894010" lon="-2.5631310">
    <ele>97.3</ele>
    <time>2026-08-02T08:05:43Z</time>
   </trkpt>
   <trkpt lat="55.5893930" lon="-2.5631450">
    <ele>97.3</ele>
    <time>2026-08-02T08:05:44Z</time>
   </trkpt>
   <trkpt lat="55.5893880" lon="-2.5631570">
    <ele>97.3</ele>
    <time>2026-08-02T08:05:45Z</time>
   </trkpt>
   <trkpt lat="55.5893850" lon="-2.5631650">
    <ele>97.3</ele>
    <time>2026-08-02T08:05:46Z</time>
   </trkpt>
   <trkpt lat="55.5893780" lon="-2.5631800">
    <ele>97.3</ele>
    <time>2026-08-02T08:05:47Z</time>
   </trkpt>
   <trkpt lat="55.5893730" lon="-2.5631900">
    <ele>97.3</ele>
    <time>2026-08-02T08:05:48Z</time>
   </trkpt>
   <trkpt lat="55.5893670" lon="-2.5632010">
    <ele>97.3</ele>
    <time>2026-08-02T08:05:49Z</time>
   </trkpt>
   <trkpt lat="55.5893630" lon="-2.5632100">
    <ele>97.3</ele>
    <time>2026-08-02T08:05:50Z</time>
   </trkpt>
   <trkpt lat="55.5893560" lon="-2.5632240">
    <ele>97.3</ele>
    <time>2026-08-02T08:05:51Z</time>
   </trkpt>
   <trkpt lat="55.5893480" lon="-2.5632350">
    <ele>97.3</ele>
    <time>2026-08-02T08:05:52Z</time>
   </trkpt>
   <trkpt lat="55.5893410" lon="-2.5632450">
    <ele>97.3</ele>
    <time>2026-08-02T08:05:53Z</time>
   </trkpt>
   <trkpt lat="55.5893350" lon="-2.5632610">
    <ele>97.3</ele>
    <time>2026-08-02T08:05:54Z</time>
   </trkpt>
   <trkpt lat="55.5893280" lon="-2.5632670">
    <ele>97.3</ele>
    <time>2026-08-02T08:05:55Z</time>
   </trkpt>
   <trkpt lat="55.5893240" lon="-2.5632770">
    <ele>97.3</ele>
    <time>2026-08-02T08:05:56Z</time>
   </trkpt>
   <trkpt lat="55.5893180" lon="-2.5632860">
    <ele>97.3</ele>
    <time>2026-08-02T08:05:57Z</time>
   </trkpt>
   <trkpt lat="55.5893150" lon="-2.5632930">
    <ele>97.3</ele>
    <time>2026-08-02T08:05:58Z</time>
   </trkpt>
   <trkpt lat="55.5893040" lon="-2.5633070">
    <ele>97.3</ele>
    <time>2026-08-02T08:05:59Z</time>
   </trkpt>
   <trkpt lat="55.5892970" lon="-2.5633180">
    <ele>97.3</ele>
    <time>2026-08-02T08:06:00Z</time>
   </trkpt>
   <trkpt lat="55.5892910" lon="-2.5633290">
    <ele>97.3</ele>
    <time>2026-08-02T08:06:01Z</time>
   </trkpt>
   <trkpt lat="55.5892860" lon="-2.5633390">
    <ele>97.3</ele>
    <time>2026-08-02T08:06:02Z</time>
   </trkpt>
   <trkpt lat="55.5892790" lon="-2.5633520">
    <ele>97.3</ele>
    <time>2026-08-02T08:06:03Z</time>
   </trkpt>
   <trkpt lat="55.5892740" lon="-2.5633640">
    <ele>97.3</ele>
    <time>2026-08-02T08:06:04Z</time>
   </trkpt>
   <trkpt lat="55.5892670" lon="-2.5633770">
    <ele>97.3</ele>
    <time>2026-08-02T08:06:05Z</time>
   </trkpt>
   <trkpt lat="55.5892630" lon="-2.5633920">
    <ele>97.3</ele>
    <time>2026-08-02T08:06:06Z</time>
   </trkpt>
   <trkpt lat="55.5892510" lon="-2.5634130">
    <ele>97.3</ele>
    <time>2026-08-02T08:06:07Z</time>
   </trkpt>
   <trkpt lat="55.5892450" lon="-2.5634220">
    <ele>97.3</ele>
    <time>2026-08-02T08:06:08Z</time>
   </trkpt>
   <trkpt lat="55.5892370" lon="-2.5634330">
    <ele>97.3</ele>
    <time>2026-08-02T08:06:09Z</time>
   </trkpt>
   <trkpt lat="55.5892340" lon="-2.5634440">
    <ele>97.3</ele>
    <time>2026-08-02T08:06:10Z</time>
   </trkpt>
   <trkpt lat="55.5892270" lon="-2.5634560">
    <ele>97.3</ele>
    <time>2026-08-02T08:06:11Z</time>
   </trkpt>
   <trkpt lat="55.5892240" lon="-2.5634650">
    <ele>97.3</ele>
    <time>2026-08-02T08:06:12Z</time>
   </trkpt>
   <trkpt lat="55.5892200" lon="-2.5634730">
    <ele>97.3</ele>
    <time>2026-08-02T08:06:13Z</time>
   </trkpt>
   <trkpt lat="55.5892160" lon="-2.5634820">
    <ele>97.3</ele>
    <time>2026-08-02T08:06:14Z</time>
   </trkpt>
   <trkpt lat="55.5892110" lon="-2.5634800">
    <ele>97.3</ele>
    <time>2026-08-02T08:06:15Z</time>
   </trkpt>
   <trkpt lat="55.5892120" lon="-2.5634830">
    <ele>97.3</ele>
    <time>2026-08-02T08:06:16Z</time>
   </trkpt>
   <trkpt lat="55.5892090" lon="-2.5634950">
    <ele>97.3</ele>
    <time>2026-08-02T08:06:17Z</time>
   </trkpt>
   <trkpt lat="55.5892040" lon="-2.5635070">
    <ele>97.3</ele>
    <time>2026-08-02T08:06:18Z</time>
   </trkpt>
   <trkpt lat="55.5891980" lon="-2.5635190">
    <ele>97.3</ele>
    <time>2026-08-02T08:06:19Z</time>
   </trkpt>
   <trkpt lat="55.5891910" lon="-2.5635270">
    <ele>97.4</ele>
    <time>2026-08-02T08:06:20Z</time>
   </trkpt>
   <trkpt lat="55.5891840" lon="-2.5635420">
    <ele>97.4</ele>
    <time>2026-08-02T08:06:21Z</time>
   </trkpt>
   <trkpt lat="55.5891780" lon="-2.5635560">
    <ele>97.4</ele>
    <time>2026-08-02T08:06:22Z</time>
   </trkpt>
   <trkpt lat="55.5891770" lon="-2.5635590">
    <ele>97.4</ele>
    <time>2026-08-02T08:06:23Z</time>
   </trkpt>
   <trkpt lat="55.5891750" lon="-2.5635700">
    <ele>97.4</ele>
    <time>2026-08-02T08:06:24Z</time>
   </trkpt>
   <trkpt lat="55.5891690" lon="-2.5635790">
    <ele>97.4</ele>
    <time>2026-08-02T08:06:25Z</time>
   </trkpt>
   <trkpt lat="55.5891620" lon="-2.5635920">
    <ele>97.4</ele>
    <time>2026-08-02T08:06:26Z</time>
   </trkpt>
   <trkpt lat="55.5891550" lon="-2.5636040">
    <ele>97.4</ele>
    <time>2026-08-02T08:06:27Z</time>
   </trkpt>
   <trkpt lat="55.5891520" lon="-2.5636160">
    <ele>97.4</ele>
    <time>2026-08-02T08:06:28Z</time>
   </trkpt>
   <trkpt lat="55.5891450" lon="-2.5636270">
    <ele>97.4</ele>
    <time>2026-08-02T08:06:29Z</time>
   </trkpt>
   <trkpt lat="55.5891420" lon="-2.5636400">
    <ele>97.4</ele>
    <time>2026-08-02T08:06:30Z</time>
   </trkpt>
   <trkpt lat="55.5891330" lon="-2.5636510">
    <ele>97.4</ele>
    <time>2026-08-02T08:06:31Z</time>
   </trkpt>
   <trkpt lat="55.5891290" lon="-2.5636560">
    <ele>97.4</ele>
    <time>2026-08-02T08:06:32Z</time>
   </trkpt>
   <trkpt lat="55.5891240" lon="-2.5636670">
    <ele>97.4</ele>
    <time>2026-08-02T08:06:33Z</time>
   </trkpt>
   <trkpt lat="55.5891200" lon="-2.5636740">
    <ele>97.4</ele>
    <time>2026-08-02T08:06:34Z</time>
   </trkpt>
   <trkpt lat="55.5891130" lon="-2.5636810">
    <ele>97.4</ele>
    <time>2026-08-02T08:06:35Z</time>
   </trkpt>
   <trkpt lat="55.5891070" lon="-2.5636940">
    <ele>97.4</ele>
    <time>2026-08-02T08:06:36Z</time>
   </trkpt>
   <trkpt lat="55.5890990" lon="-2.5637030">
    <ele>97.4</ele>
    <time>2026-08-02T08:06:37Z</time>
   </trkpt>
   <trkpt lat="55.5890920" lon="-2.5637170">
    <ele>97.4</ele>
    <time>2026-08-02T08:06:38Z</time>
   </trkpt>
   <trkpt lat="55.5890880" lon="-2.5637290">
    <ele>97.4</ele>
    <time>2026-08-02T08:06:39Z</time>
   </trkpt>
   <trkpt lat="55.5890800" lon="-2.5637420">
    <ele>97.4</ele>
    <time>2026-08-02T08:06:40Z</time>
   </trkpt>
   <trkpt lat="55.5890760" lon="-2.5637510">
    <ele>97.4</ele>
    <time>2026-08-02T08:06:41Z</time>
   </trkpt>
   <trkpt lat="55.5890700" lon="-2.5637620">
    <ele>97.4</ele>
    <time>2026-08-02T08:06:42Z</time>
   </trkpt>
   <trkpt lat="55.5890650" lon="-2.5637720">
    <ele>97.4</ele>
    <time>2026-08-02T08:06:43Z</time>
   </trkpt>
   <trkpt lat="55.5890580" lon="-2.5637850">
    <ele>97.4</ele>
    <time>2026-08-02T08:06:44Z</time>
   </trkpt>
   <trkpt lat="55.5890510" lon="-2.5637950">
    <ele>97.4</ele>
    <time>2026-08-02T08:06:45Z</time>
   </trkpt>
   <trkpt lat="55.5890430" lon="-2.5638020">
    <ele>97.4</ele>
    <time>2026-08-02T08:06:46Z</time>
   </trkpt>
   <trkpt lat="55.5890370" lon="-2.5638130">
    <ele>97.4</ele>
    <time>2026-08-02T08:06:47Z</time>
   </trkpt>
   <trkpt lat="55.5890330" lon="-2.5638240">
    <ele>97.4</ele>
    <time>2026-08-02T08:06:48Z</time>
   </trkpt>
   <trkpt lat="55.5890270" lon="-2.5638350">
    <ele>97.4</ele>
    <time>2026-08-02T08:06:49Z</time>
   </trkpt>
   <trkpt lat="55.5890230" lon="-2.5638500">
    <ele>97.4</ele>
    <time>2026-08-02T08:06:50Z</time>
   </trkpt>
   <trkpt lat="55.5890180" lon="-2.5638600">
    <ele>97.4</ele>
    <time>2026-08-02T08:06:51Z</time>
   </trkpt>
   <trkpt lat="55.5890140" lon="-2.5638710">
    <ele>97.4</ele>
    <time>2026-08-02T08:06:52Z</time>
   </trkpt>
   <trkpt lat="55.5890080" lon="-2.5638830">
    <ele>97.4</ele>
    <time>2026-08-02T08:06:53Z</time>
   </trkpt>
   <trkpt lat="55.5890010" lon="-2.5638960">
    <ele>97.4</ele>
    <time>2026-08-02T08:06:54Z</time>
   </trkpt>
   <trkpt lat="55.5889950" lon="-2.5639010">
    <ele>97.4</ele>
    <time>2026-08-02T08:06:55Z</time>
   </trkpt>
   <trkpt lat="55.5889890" lon="-2.5639110">
    <ele>97.4</ele>
    <time>2026-08-02T08:06:56Z</time>
   </trkpt>
   <trkpt lat="55.5889840" lon="-2.5639230">
    <ele>97.4</ele>
    <time>2026-08-02T08:06:57Z</time>
   </trkpt>
   <trkpt lat="55.5889770" lon="-2.5639380">
    <ele>97.4</ele>
    <time>2026-08-02T08:06:58Z</time>
   </trkpt>
   <trkpt lat="55.5889740" lon="-2.5639460">
    <ele>97.4</ele>
    <time>2026-08-02T08:06:59Z</time>
   </trkpt>
   <trkpt lat="55.5889700" lon="-2.5639520">
    <ele>97.4</ele>
    <time>2026-08-02T08:07:00Z</time>
   </trkpt>
   <trkpt lat="55.5889680" lon="-2.5639670">
    <ele>97.5</ele>
    <time>2026-08-02T08:07:01Z</time>
   </trkpt>
   <trkpt lat="55.5889630" lon="-2.5639820">
    <ele>97.5</ele>
    <time>2026-08-02T08:07:02Z</time>
   </trkpt>
   <trkpt lat="55.5889580" lon="-2.5639960">
    <ele>97.5</ele>
    <time>2026-08-02T08:07:03Z</time>
   </trkpt>
   <trkpt lat="55.5889560" lon="-2.5640050">
    <ele>97.5</ele>
    <time>2026-08-02T08:07:04Z</time>
   </trkpt>
   <trkpt lat="55.5889530" lon="-2.5640150">
    <ele>97.5</ele>
    <time>2026-08-02T08:07:05Z</time>
   </trkpt>
   <trkpt lat="55.5889470" lon="-2.5640280">
    <ele>97.5</ele>
    <time>2026-08-02T08:07:06Z</time>
   </trkpt>
   <trkpt lat="55.5889420" lon="-2.5640390">
    <ele>97.5</ele>
    <time>2026-08-02T08:07:07Z</time>
   </trkpt>
   <trkpt lat="55.5889330" lon="-2.5640470">
    <ele>97.5</ele>
    <time>2026-08-02T08:07:08Z</time>
   </trkpt>
   <trkpt lat="55.5889260" lon="-2.5640550">
    <ele>97.5</ele>
    <time>2026-08-02T08:07:09Z</time>
   </trkpt>
   <trkpt lat="55.5889220" lon="-2.5640610">
    <ele>97.5</ele>
    <time>2026-08-02T08:07:10Z</time>
   </trkpt>
   <trkpt lat="55.5889180" lon="-2.5640710">
    <ele>97.5</ele>
    <time>2026-08-02T08:07:11Z</time>
   </trkpt>
   <trkpt lat="55.5889100" lon="-2.5640740">
    <ele>97.5</ele>
    <time>2026-08-02T08:07:12Z</time>
   </trkpt>
   <trkpt lat="55.5889100" lon="-2.5640770">
    <ele>97.5</ele>
    <time>2026-08-02T08:07:13Z</time>
   </trkpt>
   <trkpt lat="55.5889060" lon="-2.5640850">
    <ele>97.5</ele>
    <time>2026-08-02T08:07:14Z</time>
   </trkpt>
   <trkpt lat="55.5889000" lon="-2.5640980">
    <ele>97.5</ele>
    <time>2026-08-02T08:07:15Z</time>
   </trkpt>
   <trkpt lat="55.5888960" lon="-2.5641090">
    <ele>97.5</ele>
    <time>2026-08-02T08:07:16Z</time>
   </trkpt>
   <trkpt lat="55.5888950" lon="-2.5641090">
    <ele>97.5</ele>
    <time>2026-08-02T08:07:17Z</time>
   </trkpt>
   <trkpt lat="55.5888920" lon="-2.5641140">
    <ele>97.5</ele>
    <time>2026-08-02T08:07:18Z</time>
   </trkpt>
   <trkpt lat="55.5888890" lon="-2.5641240">
    <ele>97.5</ele>
    <time>2026-08-02T08:07:19Z</time>
   </trkpt>
   <trkpt lat="55.5888820" lon="-2.5641350">
    <ele>97.6</ele>
    <time>2026-08-02T08:07:20Z</time>
   </trkpt>
   <trkpt lat="55.5888770" lon="-2.5641430">
    <ele>97.6</ele>
    <time>2026-08-02T08:07:21Z</time>
   </trkpt>
   <trkpt lat="55.5888750" lon="-2.5641460">
    <ele>97.6</ele>
    <time>2026-08-02T08:07:22Z</time>
   </trkpt>
   <trkpt lat="55.5888710" lon="-2.5641560">
    <ele>97.6</ele>
    <time>2026-08-02T08:07:23Z</time>
   </trkpt>
   <trkpt lat="55.5888670" lon="-2.5641640">
    <ele>97.6</ele>
    <time>2026-08-02T08:07:24Z</time>
   </trkpt>
   <trkpt lat="55.5888620" lon="-2.5641760">
    <ele>97.6</ele>
    <time>2026-08-02T08:07:25Z</time>
   </trkpt>
   <trkpt lat="55.5888560" lon="-2.5641840">
    <ele>97.6</ele>
    <time>2026-08-02T08:07:26Z</time>
   </trkpt>
   <trkpt lat="55.5888500" lon="-2.5641930">
    <ele>97.6</ele>
    <time>2026-08-02T08:07:27Z</time>
   </trkpt>
   <trkpt lat="55.5888460" lon="-2.5642010">
    <ele>97.6</ele>
    <time>2026-08-02T08:07:28Z</time>
   </trkpt>
   <trkpt lat="55.5888410" lon="-2.5642080">
    <ele>97.6</ele>
    <time>2026-08-02T08:07:30Z</time>
   </trkpt>
   <trkpt lat="55.5888400" lon="-2.5642190">
    <ele>97.6</ele>
    <time>2026-08-02T08:07:31Z</time>
   </trkpt>
   <trkpt lat="55.5888360" lon="-2.5642310">
    <ele>97.6</ele>
    <time>2026-08-02T08:07:32Z</time>
   </trkpt>
   <trkpt lat="55.5888310" lon="-2.5642440">
    <ele>97.7</ele>
    <time>2026-08-02T08:07:33Z</time>
   </trkpt>
   <trkpt lat="55.5888240" lon="-2.5642520">
    <ele>97.7</ele>
    <time>2026-08-02T08:07:34Z</time>
   </trkpt>
   <trkpt lat="55.5888150" lon="-2.5642600">
    <ele>97.7</ele>
    <time>2026-08-02T08:07:35Z</time>
   </trkpt>
   <trkpt lat="55.5888090" lon="-2.5642730">
    <ele>97.7</ele>
    <time>2026-08-02T08:07:36Z</time>
   </trkpt>
   <trkpt lat="55.5888070" lon="-2.5642790">
    <ele>97.7</ele>
    <time>2026-08-02T08:07:37Z</time>
   </trkpt>
   <trkpt lat="55.5888040" lon="-2.5642880">
    <ele>97.7</ele>
    <time>2026-08-02T08:07:38Z</time>
   </trkpt>
   <trkpt lat="55.5887980" lon="-2.5642990">
    <ele>97.7</ele>
    <time>2026-08-02T08:07:39Z</time>
   </trkpt>
   <trkpt lat="55.5887930" lon="-2.5643080">
    <ele>97.7</ele>
    <time>2026-08-02T08:07:40Z</time>
   </trkpt>
   <trkpt lat="55.5887870" lon="-2.5643170">
    <ele>97.8</ele>
    <time>2026-08-02T08:07:41Z</time>
   </trkpt>
   <trkpt lat="55.5887840" lon="-2.5643270">
    <ele>97.8</ele>
    <time>2026-08-02T08:07:42Z</time>
   </trkpt>
   <trkpt lat="55.5887790" lon="-2.5643340">
    <ele>97.8</ele>
    <time>2026-08-02T08:07:43Z</time>
   </trkpt>
   <trkpt lat="55.5887740" lon="-2.5643440">
    <ele>97.8</ele>
    <time>2026-08-02T08:07:44Z</time>
   </trkpt>
   <trkpt lat="55.5887670" lon="-2.5643540">
    <ele>97.8</ele>
    <time>2026-08-02T08:07:45Z</time>
   </trkpt>
   <trkpt lat="55.5887640" lon="-2.5643560">
    <ele>97.8</ele>
    <time>2026-08-02T08:07:46Z</time>
   </trkpt>
   <trkpt lat="55.5887640" lon="-2.5643540">
    <ele>97.8</ele>
    <time>2026-08-02T08:07:47Z</time>
   </trkpt>
   <trkpt lat="55.5887600" lon="-2.5643600">
    <ele>97.8</ele>
    <time>2026-08-02T08:07:48Z</time>
   </trkpt>
   <trkpt lat="55.5887570" lon="-2.5643670">
    <ele>97.8</ele>
    <time>2026-08-02T08:07:49Z</time>
   </trkpt>
   <trkpt lat="55.5887510" lon="-2.5643760">
    <ele>97.8</ele>
    <time>2026-08-02T08:07:50Z</time>
   </trkpt>
   <trkpt lat="55.5887480" lon="-2.5643840">
    <ele>97.9</ele>
    <time>2026-08-02T08:07:51Z</time>
   </trkpt>
   <trkpt lat="55.5887450" lon="-2.5643900">
    <ele>97.9</ele>
    <time>2026-08-02T08:07:52Z</time>
   </trkpt>
   <trkpt lat="55.5887440" lon="-2.5643910">
    <ele>97.9</ele>
    <time>2026-08-02T08:07:53Z</time>
   </trkpt>
   <trkpt lat="55.5887420" lon="-2.5643920">
    <ele>97.9</ele>
    <time>2026-08-02T08:07:54Z</time>
   </trkpt>
   <trkpt lat="55.5887430" lon="-2.5643920">
    <ele>97.9</ele>
    <time>2026-08-02T08:07:55Z</time>
   </trkpt>
   <trkpt lat="55.5887410" lon="-2.5643910">
    <ele>97.9</ele>
    <time>2026-08-02T08:07:56Z</time>
   </trkpt>
   <trkpt lat="55.5887370" lon="-2.5643930">
    <ele>97.9</ele>
    <time>2026-08-02T08:07:57Z</time>
   </trkpt>
   <trkpt lat="55.5887370" lon="-2.5643880">
    <ele>97.9</ele>
    <time>2026-08-02T08:07:58Z</time>
   </trkpt>
   <trkpt lat="55.5887360" lon="-2.5643890">
    <ele>97.9</ele>
    <time>2026-08-02T08:07:59Z</time>
   </trkpt>
   <trkpt lat="55.5887340" lon="-2.5643910">
    <ele>97.9</ele>
    <time>2026-08-02T08:08:00Z</time>
   </trkpt>
   <trkpt lat="55.5887350" lon="-2.5643890">
    <ele>97.9</ele>
    <time>2026-08-02T08:08:01Z</time>
   </trkpt>
   <trkpt lat="55.5887360" lon="-2.5643890">
    <ele>97.9</ele>
    <time>2026-08-02T08:08:02Z</time>
   </trkpt>
   <trkpt lat="55.5887360" lon="-2.5643900">
    <ele>97.9</ele>
    <time>2026-08-02T08:08:03Z</time>
   </trkpt>
   <trkpt lat="55.5887330" lon="-2.5643950">
    <ele>97.9</ele>
    <time>2026-08-02T08:08:04Z</time>
   </trkpt>
   <trkpt lat="55.5887340" lon="-2.5644000">
    <ele>97.9</ele>
    <time>2026-08-02T08:08:05Z</time>
   </trkpt>
   <trkpt lat="55.5887360" lon="-2.5643950">
    <ele>97.9</ele>
    <time>2026-08-02T08:08:06Z</time>
   </trkpt>
   <trkpt lat="55.5887350" lon="-2.5643980">
    <ele>97.9</ele>
    <time>2026-08-02T08:08:07Z</time>
   </trkpt>
   <trkpt lat="55.5887350" lon="-2.5643980">
    <ele>97.9</ele>
    <time>2026-08-02T08:08:08Z</time>
   </trkpt>
   <trkpt lat="55.5887350" lon="-2.5643980">
    <ele>97.9</ele>
    <time>2026-08-02T08:08:09Z</time>
   </trkpt>
   <trkpt lat="55.5887360" lon="-2.5644030">
    <ele>97.9</ele>
    <time>2026-08-02T08:08:10Z</time>
   </trkpt>
   <trkpt lat="55.5887360" lon="-2.5644020">
    <ele>97.9</ele>
    <time>2026-08-02T08:08:11Z</time>
   </trkpt>
   <trkpt lat="55.5887360" lon="-2.5644020">
    <ele>97.9</ele>
    <time>2026-08-02T08:08:12Z</time>
   </trkpt>
   <trkpt lat="55.5887360" lon="-2.5644020">
    <ele>97.9</ele>
    <time>2026-08-02T08:08:13Z</time>
   </trkpt>
   <trkpt lat="55.5887360" lon="-2.5644020">
    <ele>97.9</ele>
    <time>2026-08-02T08:08:14Z</time>
   </trkpt>
   <trkpt lat="55.5887360" lon="-2.5644020">
    <ele>97.9</ele>
    <time>2026-08-02T08:08:15Z</time>
   </trkpt>
   <trkpt lat="55.5887360" lon="-2.5644020">
    <ele>97.9</ele>
    <time>2026-08-02T08:08:16Z</time>
   </trkpt>
   <trkpt lat="55.5887360" lon="-2.5644020">
    <ele>97.9</ele>
    <time>2026-08-02T08:08:17Z</time>
   </trkpt>
   <trkpt lat="55.5887370" lon="-2.5644020">
    <ele>97.9</ele>
    <time>2026-08-02T08:08:18Z</time>
   </trkpt>
   <trkpt lat="55.5887350" lon="-2.5644030">
    <ele>97.9</ele>
    <time>2026-08-02T08:08:19Z</time>
   </trkpt>
   <trkpt lat="55.5887340" lon="-2.5644040">
    <ele>97.9</ele>
    <time>2026-08-02T08:08:20Z</time>
   </trkpt>
   <trkpt lat="55.5887360" lon="-2.5644070">
    <ele>98.0</ele>
    <time>2026-08-02T08:08:21Z</time>
   </trkpt>
   <trkpt lat="55.5887360" lon="-2.5644060">
    <ele>98.0</ele>
    <time>2026-08-02T08:08:22Z</time>
   </trkpt>
   <trkpt lat="55.5887340" lon="-2.5644150">
    <ele>98.0</ele>
    <time>2026-08-02T08:08:23Z</time>
   </trkpt>
   <trkpt lat="55.5887330" lon="-2.5644190">
    <ele>98.0</ele>
    <time>2026-08-02T08:08:24Z</time>
   </trkpt>
   <trkpt lat="55.5887330" lon="-2.5644160">
    <ele>98.0</ele>
    <time>2026-08-02T08:08:25Z</time>
   </trkpt>
   <trkpt lat="55.5887300" lon="-2.5644230">
    <ele>98.0</ele>
    <time>2026-08-02T08:08:26Z</time>
   </trkpt>
   <trkpt lat="55.5887250" lon="-2.5644320">
    <ele>98.0</ele>
    <time>2026-08-02T08:08:27Z</time>
   </trkpt>
   <trkpt lat="55.5887210" lon="-2.5644320">
    <ele>98.0</ele>
    <time>2026-08-02T08:08:28Z</time>
   </trkpt>
   <trkpt lat="55.5887200" lon="-2.5644380">
    <ele>98.0</ele>
    <time>2026-08-02T08:08:29Z</time>
   </trkpt>
   <trkpt lat="55.5887200" lon="-2.5644420">
    <ele>98.0</ele>
    <time>2026-08-02T08:08:30Z</time>
   </trkpt>
   <trkpt lat="55.5887150" lon="-2.5644500">
    <ele>98.0</ele>
    <time>2026-08-02T08:08:31Z</time>
   </trkpt>
   <trkpt lat="55.5887140" lon="-2.5644510">
    <ele>98.1</ele>
    <time>2026-08-02T08:08:32Z</time>
   </trkpt>
   <trkpt lat="55.5887170" lon="-2.5644510">
    <ele>98.1</ele>
    <time>2026-08-02T08:08:33Z</time>
   </trkpt>
   <trkpt lat="55.5887160" lon="-2.5644510">
    <ele>98.1</ele>
    <time>2026-08-02T08:08:34Z</time>
   </trkpt>
   <trkpt lat="55.5887130" lon="-2.5644600">
    <ele>98.1</ele>
    <time>2026-08-02T08:08:35Z</time>
   </trkpt>
   <trkpt lat="55.5887050" lon="-2.5644720">
    <ele>98.1</ele>
    <time>2026-08-02T08:08:36Z</time>
   </trkpt>
   <trkpt lat="55.5887000" lon="-2.5644780">
    <ele>98.1</ele>
    <time>2026-08-02T08:08:37Z</time>
   </trkpt>
   <trkpt lat="55.5886970" lon="-2.5644850">
    <ele>98.1</ele>
    <time>2026-08-02T08:08:38Z</time>
   </trkpt>
   <trkpt lat="55.5886950" lon="-2.5644910">
    <ele>98.1</ele>
    <time>2026-08-02T08:08:39Z</time>
   </trkpt>
   <trkpt lat="55.5886920" lon="-2.5644960">
    <ele>98.1</ele>
    <time>2026-08-02T08:08:40Z</time>
   </trkpt>
   <trkpt lat="55.5886930" lon="-2.5644980">
    <ele>98.2</ele>
    <time>2026-08-02T08:08:41Z</time>
   </trkpt>
   <trkpt lat="55.5886920" lon="-2.5645040">
    <ele>98.2</ele>
    <time>2026-08-02T08:08:42Z</time>
   </trkpt>
   <trkpt lat="55.5886910" lon="-2.5645170">
    <ele>98.2</ele>
    <time>2026-08-02T08:08:43Z</time>
   </trkpt>
   <trkpt lat="55.5886900" lon="-2.5645240">
    <ele>98.2</ele>
    <time>2026-08-02T08:08:44Z</time>
   </trkpt>
   <trkpt lat="55.5886870" lon="-2.5645300">
    <ele>98.2</ele>
    <time>2026-08-02T08:08:45Z</time>
   </trkpt>
   <trkpt lat="55.5886860" lon="-2.5645330">
    <ele>98.2</ele>
    <time>2026-08-02T08:08:46Z</time>
   </trkpt>
   <trkpt lat="55.5886840" lon="-2.5645390">
    <ele>98.2</ele>
    <time>2026-08-02T08:08:47Z</time>
   </trkpt>
   <trkpt lat="55.5886800" lon="-2.5645450">
    <ele>98.2</ele>
    <time>2026-08-02T08:08:48Z</time>
   </trkpt>
   <trkpt lat="55.5886740" lon="-2.5645530">
    <ele>98.2</ele>
    <time>2026-08-02T08:08:49Z</time>
   </trkpt>
   <trkpt lat="55.5886680" lon="-2.5645620">
    <ele>98.3</ele>
    <time>2026-08-02T08:08:50Z</time>
   </trkpt>
   <trkpt lat="55.5886620" lon="-2.5645730">
    <ele>98.3</ele>
    <time>2026-08-02T08:08:51Z</time>
   </trkpt>
   <trkpt lat="55.5886590" lon="-2.5645790">
    <ele>98.3</ele>
    <time>2026-08-02T08:08:52Z</time>
   </trkpt>
   <trkpt lat="55.5886540" lon="-2.5645870">
    <ele>98.3</ele>
    <time>2026-08-02T08:08:53Z</time>
   </trkpt>
   <trkpt lat="55.5886500" lon="-2.5646010">
    <ele>98.3</ele>
    <time>2026-08-02T08:08:54Z</time>
   </trkpt>
   <trkpt lat="55.5886480" lon="-2.5646120">
    <ele>98.4</ele>
    <time>2026-08-02T08:08:55Z</time>
   </trkpt>
   <trkpt lat="55.5886400" lon="-2.5646260">
    <ele>98.4</ele>
    <time>2026-08-02T08:08:56Z</time>
   </trkpt>
   <trkpt lat="55.5886310" lon="-2.5646350">
    <ele>98.4</ele>
    <time>2026-08-02T08:08:57Z</time>
   </trkpt>
   <trkpt lat="55.5886290" lon="-2.5646430">
    <ele>98.4</ele>
    <time>2026-08-02T08:08:58Z</time>
   </trkpt>
   <trkpt lat="55.5886230" lon="-2.5646520">
    <ele>98.4</ele>
    <time>2026-08-02T08:08:59Z</time>
   </trkpt>
   <trkpt lat="55.5886170" lon="-2.5646620">
    <ele>98.5</ele>
    <time>2026-08-02T08:09:00Z</time>
   </trkpt>
   <trkpt lat="55.5886120" lon="-2.5646730">
    <ele>98.5</ele>
    <time>2026-08-02T08:09:01Z</time>
   </trkpt>
   <trkpt lat="55.5886050" lon="-2.5646830">
    <ele>98.5</ele>
    <time>2026-08-02T08:09:02Z</time>
   </trkpt>
   <trkpt lat="55.5885990" lon="-2.5646950">
    <ele>98.5</ele>
    <time>2026-08-02T08:09:03Z</time>
   </trkpt>
   <trkpt lat="55.5885940" lon="-2.5647070">
    <ele>98.5</ele>
    <time>2026-08-02T08:09:04Z</time>
   </trkpt>
   <trkpt lat="55.5885890" lon="-2.5647190">
    <ele>98.6</ele>
    <time>2026-08-02T08:09:05Z</time>
   </trkpt>
   <trkpt lat="55.5885820" lon="-2.5647300">
    <ele>98.6</ele>
    <time>2026-08-02T08:09:06Z</time>
   </trkpt>
   <trkpt lat="55.5885740" lon="-2.5647430">
    <ele>98.6</ele>
    <time>2026-08-02T08:09:07Z</time>
   </trkpt>
   <trkpt lat="55.5885700" lon="-2.5647550">
    <ele>98.6</ele>
    <time>2026-08-02T08:09:08Z</time>
   </trkpt>
   <trkpt lat="55.5885670" lon="-2.5647610">
    <ele>98.7</ele>
    <time>2026-08-02T08:09:09Z</time>
   </trkpt>
   <trkpt lat="55.5885610" lon="-2.5647690">
    <ele>98.7</ele>
    <time>2026-08-02T08:09:10Z</time>
   </trkpt>
   <trkpt lat="55.5885530" lon="-2.5647810">
    <ele>98.7</ele>
    <time>2026-08-02T08:09:11Z</time>
   </trkpt>
   <trkpt lat="55.5885480" lon="-2.5647900">
    <ele>98.7</ele>
    <time>2026-08-02T08:09:12Z</time>
   </trkpt>
   <trkpt lat="55.5885440" lon="-2.5648000">
    <ele>98.7</ele>
    <time>2026-08-02T08:09:13Z</time>
   </trkpt>
   <trkpt lat="55.5885390" lon="-2.5648160">
    <ele>98.8</ele>
    <time>2026-08-02T08:09:14Z</time>
   </trkpt>
   <trkpt lat="55.5885330" lon="-2.5648300">
    <ele>98.8</ele>
    <time>2026-08-02T08:09:15Z</time>
   </trkpt>
   <trkpt lat="55.5885290" lon="-2.5648410">
    <ele>98.8</ele>
    <time>2026-08-02T08:09:16Z</time>
   </trkpt>
   <trkpt lat="55.5885210" lon="-2.5648520">
    <ele>98.8</ele>
    <time>2026-08-02T08:09:17Z</time>
   </trkpt>
   <trkpt lat="55.5885150" lon="-2.5648630">
    <ele>98.9</ele>
    <time>2026-08-02T08:09:18Z</time>
   </trkpt>
   <trkpt lat="55.5885080" lon="-2.5648740">
    <ele>98.9</ele>
    <time>2026-08-02T08:09:19Z</time>
   </trkpt>
   <trkpt lat="55.5885030" lon="-2.5648880">
    <ele>98.9</ele>
    <time>2026-08-02T08:09:20Z</time>
   </trkpt>
   <trkpt lat="55.5884980" lon="-2.5648970">
    <ele>99.0</ele>
    <time>2026-08-02T08:09:21Z</time>
   </trkpt>
   <trkpt lat="55.5884930" lon="-2.5649080">
    <ele>99.0</ele>
    <time>2026-08-02T08:09:22Z</time>
   </trkpt>
   <trkpt lat="55.5884850" lon="-2.5649160">
    <ele>99.0</ele>
    <time>2026-08-02T08:09:23Z</time>
   </trkpt>
   <trkpt lat="55.5884790" lon="-2.5649260">
    <ele>99.0</ele>
    <time>2026-08-02T08:09:24Z</time>
   </trkpt>
   <trkpt lat="55.5884710" lon="-2.5649400">
    <ele>99.1</ele>
    <time>2026-08-02T08:09:25Z</time>
   </trkpt>
   <trkpt lat="55.5884640" lon="-2.5649530">
    <ele>99.1</ele>
    <time>2026-08-02T08:09:26Z</time>
   </trkpt>
   <trkpt lat="55.5884570" lon="-2.5649620">
    <ele>99.1</ele>
    <time>2026-08-02T08:09:27Z</time>
   </trkpt>
   <trkpt lat="55.5884510" lon="-2.5649730">
    <ele>99.2</ele>
    <time>2026-08-02T08:09:28Z</time>
   </trkpt>
   <trkpt lat="55.5884450" lon="-2.5649850">
    <ele>99.2</ele>
    <time>2026-08-02T08:09:29Z</time>
   </trkpt>
   <trkpt lat="55.5884350" lon="-2.5650000">
    <ele>99.2</ele>
    <time>2026-08-02T08:09:30Z</time>
   </trkpt>
   <trkpt lat="55.5884240" lon="-2.5650120">
    <ele>99.3</ele>
    <time>2026-08-02T08:09:31Z</time>
   </trkpt>
   <trkpt lat="55.5884190" lon="-2.5650180">
    <ele>99.3</ele>
    <time>2026-08-02T08:09:32Z</time>
   </trkpt>
   <trkpt lat="55.5884120" lon="-2.5650290">
    <ele>99.3</ele>
    <time>2026-08-02T08:09:33Z</time>
   </trkpt>
   <trkpt lat="55.5884060" lon="-2.5650410">
    <ele>99.3</ele>
    <time>2026-08-02T08:09:34Z</time>
   </trkpt>
   <trkpt lat="55.5884010" lon="-2.5650540">
    <ele>99.4</ele>
    <time>2026-08-02T08:09:36Z</time>
   </trkpt>
   <trkpt lat="55.5883960" lon="-2.5650630">
    <ele>99.4</ele>
    <time>2026-08-02T08:09:37Z</time>
   </trkpt>
   <trkpt lat="55.5883910" lon="-2.5650710">
    <ele>99.4</ele>
    <time>2026-08-02T08:09:38Z</time>
   </trkpt>
   <trkpt lat="55.5883850" lon="-2.5650820">
    <ele>99.4</ele>
    <time>2026-08-02T08:09:39Z</time>
   </trkpt>
   <trkpt lat="55.5883780" lon="-2.5650940">
    <ele>99.5</ele>
    <time>2026-08-02T08:09:40Z</time>
   </trkpt>
   <trkpt lat="55.5883710" lon="-2.5651070">
    <ele>99.5</ele>
    <time>2026-08-02T08:09:41Z</time>
   </trkpt>
   <trkpt lat="55.5883680" lon="-2.5651180">
    <ele>99.5</ele>
    <time>2026-08-02T08:09:42Z</time>
   </trkpt>
   <trkpt lat="55.5883600" lon="-2.5651290">
    <ele>99.5</ele>
    <time>2026-08-02T08:09:43Z</time>
   </trkpt>
   <trkpt lat="55.5883570" lon="-2.5651400">
    <ele>99.6</ele>
    <time>2026-08-02T08:09:44Z</time>
   </trkpt>
   <trkpt lat="55.5883480" lon="-2.5651500">
    <ele>99.6</ele>
    <time>2026-08-02T08:09:45Z</time>
   </trkpt>
   <trkpt lat="55.5883390" lon="-2.5651640">
    <ele>99.6</ele>
    <time>2026-08-02T08:09:46Z</time>
   </trkpt>
   <trkpt lat="55.5883340" lon="-2.5651750">
    <ele>99.6</ele>
    <time>2026-08-02T08:09:47Z</time>
   </trkpt>
   <trkpt lat="55.5883270" lon="-2.5651890">
    <ele>99.7</ele>
    <time>2026-08-02T08:09:48Z</time>
   </trkpt>
   <trkpt lat="55.5883200" lon="-2.5652020">
    <ele>99.7</ele>
    <time>2026-08-02T08:09:49Z</time>
   </trkpt>
   <trkpt lat="55.5883110" lon="-2.5652150">
    <ele>99.7</ele>
    <time>2026-08-02T08:09:50Z</time>
   </trkpt>
   <trkpt lat="55.5883090" lon="-2.5652230">
    <ele>99.7</ele>
    <time>2026-08-02T08:09:51Z</time>
   </trkpt>
   <trkpt lat="55.5883030" lon="-2.5652370">
    <ele>99.8</ele>
    <time>2026-08-02T08:09:52Z</time>
   </trkpt>
   <trkpt lat="55.5882950" lon="-2.5652500">
    <ele>99.8</ele>
    <time>2026-08-02T08:09:53Z</time>
   </trkpt>
   <trkpt lat="55.5882910" lon="-2.5652620">
    <ele>99.8</ele>
    <time>2026-08-02T08:09:54Z</time>
   </trkpt>
   <trkpt lat="55.5882850" lon="-2.5652750">
    <ele>99.8</ele>
    <time>2026-08-02T08:09:55Z</time>
   </trkpt>
   <trkpt lat="55.5882770" lon="-2.5652880">
    <ele>99.9</ele>
    <time>2026-08-02T08:09:56Z</time>
   </trkpt>
   <trkpt lat="55.5882700" lon="-2.5652960">
    <ele>99.9</ele>
    <time>2026-08-02T08:09:57Z</time>
   </trkpt>
   <trkpt lat="55.5882670" lon="-2.5653110">
    <ele>99.9</ele>
    <time>2026-08-02T08:09:58Z</time>
   </trkpt>
   <trkpt lat="55.5882650" lon="-2.5653140">
    <ele>99.9</ele>
    <time>2026-08-02T08:09:59Z</time>
   </trkpt>
   <trkpt lat="55.5882600" lon="-2.5653250">
    <ele>99.9</ele>
    <time>2026-08-02T08:10:00Z</time>
   </trkpt>
   <trkpt lat="55.5882530" lon="-2.5653360">
    <ele>100.0</ele>
    <time>2026-08-02T08:10:01Z</time>
   </trkpt>
   <trkpt lat="55.5882460" lon="-2.5653550">
    <ele>100.0</ele>
    <time>2026-08-02T08:10:02Z</time>
   </trkpt>
   <trkpt lat="55.5882410" lon="-2.5653670">
    <ele>100.0</ele>
    <time>2026-08-02T08:10:03Z</time>
   </trkpt>
   <trkpt lat="55.5882380" lon="-2.5653750">
    <ele>100.0</ele>
    <time>2026-08-02T08:10:04Z</time>
   </trkpt>
   <trkpt lat="55.5882310" lon="-2.5653870">
    <ele>100.0</ele>
    <time>2026-08-02T08:10:05Z</time>
   </trkpt>
   <trkpt lat="55.5882240" lon="-2.5654000">
    <ele>100.1</ele>
    <time>2026-08-02T08:10:06Z</time>
   </trkpt>
   <trkpt lat="55.5882190" lon="-2.5654040">
    <ele>100.1</ele>
    <time>2026-08-02T08:10:07Z</time>
   </trkpt>
   <trkpt lat="55.5882120" lon="-2.5654190">
    <ele>100.1</ele>
    <time>2026-08-02T08:10:08Z</time>
   </trkpt>
   <trkpt lat="55.5882050" lon="-2.5654330">
    <ele>100.1</ele>
    <time>2026-08-02T08:10:09Z</time>
   </trkpt>
   <trkpt lat="55.5881990" lon="-2.5654450">
    <ele>100.2</ele>
    <time>2026-08-02T08:10:10Z</time>
   </trkpt>
   <trkpt lat="55.5881910" lon="-2.5654530">
    <ele>100.2</ele>
    <time>2026-08-02T08:10:11Z</time>
   </trkpt>
   <trkpt lat="55.5881820" lon="-2.5654640">
    <ele>100.2</ele>
    <time>2026-08-02T08:10:12Z</time>
   </trkpt>
   <trkpt lat="55.5881780" lon="-2.5654690">
    <ele>100.2</ele>
    <time>2026-08-02T08:10:13Z</time>
   </trkpt>
   <trkpt lat="55.5881680" lon="-2.5654860">
    <ele>100.3</ele>
    <time>2026-08-02T08:10:14Z</time>
   </trkpt>
   <trkpt lat="55.5881610" lon="-2.5655040">
    <ele>100.3</ele>
    <time>2026-08-02T08:10:15Z</time>
   </trkpt>
   <trkpt lat="55.5881560" lon="-2.5655130">
    <ele>100.3</ele>
    <time>2026-08-02T08:10:16Z</time>
   </trkpt>
   <trkpt lat="55.5881510" lon="-2.5655190">
    <ele>100.3</ele>
    <time>2026-08-02T08:10:17Z</time>
   </trkpt>
   <trkpt lat="55.5881460" lon="-2.5655290">
    <ele>100.3</ele>
    <time>2026-08-02T08:10:18Z</time>
   </trkpt>
   <trkpt lat="55.5881420" lon="-2.5655390">
    <ele>100.4</ele>
    <time>2026-08-02T08:10:19Z</time>
   </trkpt>
   <trkpt lat="55.5881350" lon="-2.5655520">
    <ele>100.4</ele>
    <time>2026-08-02T08:10:20Z</time>
   </trkpt>
   <trkpt lat="55.5881250" lon="-2.5655640">
    <ele>100.4</ele>
    <time>2026-08-02T08:10:21Z</time>
   </trkpt>
   <trkpt lat="55.5881220" lon="-2.5655720">
    <ele>100.4</ele>
    <time>2026-08-02T08:10:22Z</time>
   </trkpt>
   <trkpt lat="55.5881170" lon="-2.5655840">
    <ele>100.5</ele>
    <time>2026-08-02T08:10:23Z</time>
   </trkpt>
   <trkpt lat="55.5881120" lon="-2.5655950">
    <ele>100.5</ele>
    <time>2026-08-02T08:10:24Z</time>
   </trkpt>
   <trkpt lat="55.5881050" lon="-2.5656100">
    <ele>100.5</ele>
    <time>2026-08-02T08:10:25Z</time>
   </trkpt>
   <trkpt lat="55.5880950" lon="-2.5656270">
    <ele>100.6</ele>
    <time>2026-08-02T08:10:26Z</time>
   </trkpt>
   <trkpt lat="55.5880910" lon="-2.5656330">
    <ele>100.6</ele>
    <time>2026-08-02T08:10:27Z</time>
   </trkpt>
   <trkpt lat="55.5880810" lon="-2.5656480">
    <ele>100.6</ele>
    <time>2026-08-02T08:10:28Z</time>
   </trkpt>
   <trkpt lat="55.5880750" lon="-2.5656640">
    <ele>100.6</ele>
    <time>2026-08-02T08:10:29Z</time>
   </trkpt>
   <trkpt lat="55.5880680" lon="-2.5656760">
    <ele>100.7</ele>
    <time>2026-08-02T08:10:30Z</time>
   </trkpt>
   <trkpt lat="55.5880590" lon="-2.5656860">
    <ele>100.7</ele>
    <time>2026-08-02T08:10:31Z</time>
   </trkpt>
   <trkpt lat="55.5880580" lon="-2.5656950">
    <ele>100.7</ele>
    <time>2026-08-02T08:10:32Z</time>
   </trkpt>
   <trkpt lat="55.5880530" lon="-2.5657070">
    <ele>100.7</ele>
    <time>2026-08-02T08:10:33Z</time>
   </trkpt>
   <trkpt lat="55.5880490" lon="-2.5657190">
    <ele>100.7</ele>
    <time>2026-08-02T08:10:34Z</time>
   </trkpt>
   <trkpt lat="55.5880410" lon="-2.5657350">
    <ele>100.8</ele>
    <time>2026-08-02T08:10:35Z</time>
   </trkpt>
   <trkpt lat="55.5880380" lon="-2.5657460">
    <ele>100.8</ele>
    <time>2026-08-02T08:10:36Z</time>
   </trkpt>
   <trkpt lat="55.5880320" lon="-2.5657630">
    <ele>100.8</ele>
    <time>2026-08-02T08:10:37Z</time>
   </trkpt>
   <trkpt lat="55.5880270" lon="-2.5657730">
    <ele>100.9</ele>
    <time>2026-08-02T08:10:38Z</time>
   </trkpt>
   <trkpt lat="55.5880200" lon="-2.5657840">
    <ele>100.9</ele>
    <time>2026-08-02T08:10:39Z</time>
   </trkpt>
   <trkpt lat="55.5880110" lon="-2.5657970">
    <ele>100.9</ele>
    <time>2026-08-02T08:10:40Z</time>
   </trkpt>
   <trkpt lat="55.5880040" lon="-2.5658100">
    <ele>101.0</ele>
    <time>2026-08-02T08:10:41Z</time>
   </trkpt>
   <trkpt lat="55.5879930" lon="-2.5658280">
    <ele>101.0</ele>
    <time>2026-08-02T08:10:42Z</time>
   </trkpt>
   <trkpt lat="55.5879910" lon="-2.5658370">
    <ele>101.0</ele>
    <time>2026-08-02T08:10:43Z</time>
   </trkpt>
   <trkpt lat="55.5879870" lon="-2.5658450">
    <ele>101.1</ele>
    <time>2026-08-02T08:10:44Z</time>
   </trkpt>
   <trkpt lat="55.5879820" lon="-2.5658560">
    <ele>101.1</ele>
    <time>2026-08-02T08:10:45Z</time>
   </trkpt>
   <trkpt lat="55.5879770" lon="-2.5658680">
    <ele>101.1</ele>
    <time>2026-08-02T08:10:46Z</time>
   </trkpt>
   <trkpt lat="55.5879670" lon="-2.5658820">
    <ele>101.2</ele>
    <time>2026-08-02T08:10:47Z</time>
   </trkpt>
   <trkpt lat="55.5879640" lon="-2.5658980">
    <ele>101.2</ele>
    <time>2026-08-02T08:10:48Z</time>
   </trkpt>
   <trkpt lat="55.5879610" lon="-2.5659070">
    <ele>101.2</ele>
    <time>2026-08-02T08:10:49Z</time>
   </trkpt>
   <trkpt lat="55.5879590" lon="-2.5659140">
    <ele>101.3</ele>
    <time>2026-08-02T08:10:50Z</time>
   </trkpt>
   <trkpt lat="55.5879490" lon="-2.5659310">
    <ele>101.3</ele>
    <time>2026-08-02T08:10:51Z</time>
   </trkpt>
   <trkpt lat="55.5879440" lon="-2.5659390">
    <ele>101.3</ele>
    <time>2026-08-02T08:10:52Z</time>
   </trkpt>
   <trkpt lat="55.5879370" lon="-2.5659560">
    <ele>101.4</ele>
    <time>2026-08-02T08:10:53Z</time>
   </trkpt>
   <trkpt lat="55.5879330" lon="-2.5659680">
    <ele>101.4</ele>
    <time>2026-08-02T08:10:54Z</time>
   </trkpt>
   <trkpt lat="55.5879300" lon="-2.5659780">
    <ele>101.4</ele>
    <time>2026-08-02T08:10:55Z</time>
   </trkpt>
   <trkpt lat="55.5879260" lon="-2.5659870">
    <ele>101.5</ele>
    <time>2026-08-02T08:10:56Z</time>
   </trkpt>
   <trkpt lat="55.5879190" lon="-2.5659980">
    <ele>101.5</ele>
    <time>2026-08-02T08:10:57Z</time>
   </trkpt>
   <trkpt lat="55.5879140" lon="-2.5660110">
    <ele>101.5</ele>
    <time>2026-08-02T08:10:58Z</time>
   </trkpt>
   <trkpt lat="55.5879140" lon="-2.5660240">
    <ele>101.6</ele>
    <time>2026-08-02T08:10:59Z</time>
   </trkpt>
   <trkpt lat="55.5879100" lon="-2.5660360">
    <ele>101.6</ele>
    <time>2026-08-02T08:11:00Z</time>
   </trkpt>
   <trkpt lat="55.5879050" lon="-2.5660470">
    <ele>101.6</ele>
    <time>2026-08-02T08:11:01Z</time>
   </trkpt>
   <trkpt lat="55.5879010" lon="-2.5660510">
    <ele>101.7</ele>
    <time>2026-08-02T08:11:02Z</time>
   </trkpt>
   <trkpt lat="55.5878910" lon="-2.5660620">
    <ele>101.7</ele>
    <time>2026-08-02T08:11:03Z</time>
   </trkpt>
   <trkpt lat="55.5878780" lon="-2.5660770">
    <ele>101.8</ele>
    <time>2026-08-02T08:11:04Z</time>
   </trkpt>
   <trkpt lat="55.5878740" lon="-2.5660880">
    <ele>101.8</ele>
    <time>2026-08-02T08:11:05Z</time>
   </trkpt>
   <trkpt lat="55.5878710" lon="-2.5660990">
    <ele>101.8</ele>
    <time>2026-08-02T08:11:06Z</time>
   </trkpt>
   <trkpt lat="55.5878680" lon="-2.5661070">
    <ele>101.8</ele>
    <time>2026-08-02T08:11:07Z</time>
   </trkpt>
   <trkpt lat="55.5878650" lon="-2.5661210">
    <ele>101.9</ele>
    <time>2026-08-02T08:11:08Z</time>
   </trkpt>
   <trkpt lat="55.5878660" lon="-2.5661240">
    <ele>101.9</ele>
    <time>2026-08-02T08:11:09Z</time>
   </trkpt>
   <trkpt lat="55.5878640" lon="-2.5661270">
    <ele>101.9</ele>
    <time>2026-08-02T08:11:10Z</time>
   </trkpt>
   <trkpt lat="55.5878600" lon="-2.5661340">
    <ele>101.9</ele>
    <time>2026-08-02T08:11:11Z</time>
   </trkpt>
   <trkpt lat="55.5878570" lon="-2.5661450">
    <ele>101.9</ele>
    <time>2026-08-02T08:11:12Z</time>
   </trkpt>
   <trkpt lat="55.5878580" lon="-2.5661570">
    <ele>102.0</ele>
    <time>2026-08-02T08:11:13Z</time>
   </trkpt>
   <trkpt lat="55.5878530" lon="-2.5661740">
    <ele>102.0</ele>
    <time>2026-08-02T08:11:14Z</time>
   </trkpt>
   <trkpt lat="55.5878530" lon="-2.5661750">
    <ele>102.0</ele>
    <time>2026-08-02T08:11:15Z</time>
   </trkpt>
   <trkpt lat="55.5878540" lon="-2.5661720">
    <ele>102.0</ele>
    <time>2026-08-02T08:11:16Z</time>
   </trkpt>
   <trkpt lat="55.5878540" lon="-2.5661720">
    <ele>102.0</ele>
    <time>2026-08-02T08:11:17Z</time>
   </trkpt>
   <trkpt lat="55.5878540" lon="-2.5661720">
    <ele>102.0</ele>
    <time>2026-08-02T08:11:18Z</time>
   </trkpt>
   <trkpt lat="55.5878540" lon="-2.5661720">
    <ele>102.0</ele>
    <time>2026-08-02T08:11:19Z</time>
   </trkpt>
   <trkpt lat="55.5878540" lon="-2.5661720">
    <ele>102.0</ele>
    <time>2026-08-02T08:11:20Z</time>
   </trkpt>
   <trkpt lat="55.5878540" lon="-2.5661720">
    <ele>102.0</ele>
    <time>2026-08-02T08:11:21Z</time>
   </trkpt>
   <trkpt lat="55.5878550" lon="-2.5661830">
    <ele>102.0</ele>
    <time>2026-08-02T08:11:22Z</time>
   </trkpt>
   <trkpt lat="55.5878540" lon="-2.5661820">
    <ele>102.0</ele>
    <time>2026-08-02T08:11:23Z</time>
   </trkpt>
   <trkpt lat="55.5878530" lon="-2.5661810">
    <ele>102.0</ele>
    <time>2026-08-02T08:11:24Z</time>
   </trkpt>
   <trkpt lat="55.5878510" lon="-2.5661790">
    <ele>102.0</ele>
    <time>2026-08-02T08:11:25Z</time>
   </trkpt>
   <trkpt lat="55.5878510" lon="-2.5661800">
    <ele>102.1</ele>
    <time>2026-08-02T08:11:26Z</time>
   </trkpt>
   <trkpt lat="55.5878530" lon="-2.5661740">
    <ele>102.1</ele>
    <time>2026-08-02T08:11:27Z</time>
   </trkpt>
   <trkpt lat="55.5878560" lon="-2.5661650">
    <ele>102.1</ele>
    <time>2026-08-02T08:11:28Z</time>
   </trkpt>
   <trkpt lat="55.5878590" lon="-2.5661510">
    <ele>102.1</ele>
    <time>2026-08-02T08:11:29Z</time>
   </trkpt>
   <trkpt lat="55.5878630" lon="-2.5661350">
    <ele>102.1</ele>
    <time>2026-08-02T08:11:30Z</time>
   </trkpt>
   <trkpt lat="55.5878660" lon="-2.5661210">
    <ele>102.2</ele>
    <time>2026-08-02T08:11:31Z</time>
   </trkpt>
   <trkpt lat="55.5878710" lon="-2.5661080">
    <ele>102.2</ele>
    <time>2026-08-02T08:11:32Z</time>
   </trkpt>
   <trkpt lat="55.5878780" lon="-2.5660920">
    <ele>102.2</ele>
    <time>2026-08-02T08:11:33Z</time>
   </trkpt>
   <trkpt lat="55.5878810" lon="-2.5660820">
    <ele>102.3</ele>
    <time>2026-08-02T08:11:34Z</time>
   </trkpt>
   <trkpt lat="55.5878840" lon="-2.5660690">
    <ele>102.2</ele>
    <time>2026-08-02T08:11:35Z</time>
   </trkpt>
   <trkpt lat="55.5878910" lon="-2.5660610">
    <ele>102.2</ele>
    <time>2026-08-02T08:11:36Z</time>
   </trkpt>
   <trkpt lat="55.5878990" lon="-2.5660490">
    <ele>102.2</ele>
    <time>2026-08-02T08:11:37Z</time>
   </trkpt>
   <trkpt lat="55.5879040" lon="-2.5660390">
    <ele>102.1</ele>
    <time>2026-08-02T08:11:38Z</time>
   </trkpt>
   <trkpt lat="55.5879080" lon="-2.5660300">
    <ele>102.1</ele>
    <time>2026-08-02T08:11:39Z</time>
   </trkpt>
   <trkpt lat="55.5879130" lon="-2.5660190">
    <ele>102.1</ele>
    <time>2026-08-02T08:11:40Z</time>
   </trkpt>
   <trkpt lat="55.5879230" lon="-2.5660060">
    <ele>102.0</ele>
    <time>2026-08-02T08:11:42Z</time>
   </trkpt>
   <trkpt lat="55.5879260" lon="-2.5659960">
    <ele>102.0</ele>
    <time>2026-08-02T08:11:43Z</time>
   </trkpt>
   <trkpt lat="55.5879320" lon="-2.5659840">
    <ele>102.0</ele>
    <time>2026-08-02T08:11:44Z</time>
   </trkpt>
   <trkpt lat="55.5879400" lon="-2.5659710">
    <ele>101.9</ele>
    <time>2026-08-02T08:11:45Z</time>
   </trkpt>
   <trkpt lat="55.5879390" lon="-2.5659600">
    <ele>101.9</ele>
    <time>2026-08-02T08:11:46Z</time>
   </trkpt>
   <trkpt lat="55.5879500" lon="-2.5659440">
    <ele>101.9</ele>
    <time>2026-08-02T08:11:47Z</time>
   </trkpt>
   <trkpt lat="55.5879550" lon="-2.5659320">
    <ele>101.8</ele>
    <time>2026-08-02T08:11:48Z</time>
   </trkpt>
   <trkpt lat="55.5879610" lon="-2.5659200">
    <ele>101.8</ele>
    <time>2026-08-02T08:11:49Z</time>
   </trkpt>
   <trkpt lat="55.5879650" lon="-2.5659090">
    <ele>101.8</ele>
    <time>2026-08-02T08:11:50Z</time>
   </trkpt>
   <trkpt lat="55.5879700" lon="-2.5658960">
    <ele>101.7</ele>
    <time>2026-08-02T08:11:51Z</time>
   </trkpt>
   <trkpt lat="55.5879810" lon="-2.5658850">
    <ele>101.7</ele>
    <time>2026-08-02T08:11:52Z</time>
   </trkpt>
   <trkpt lat="55.5879860" lon="-2.5658700">
    <ele>101.6</ele>
    <time>2026-08-02T08:11:53Z</time>
   </trkpt>
   <trkpt lat="55.5879920" lon="-2.5658610">
    <ele>101.6</ele>
    <time>2026-08-02T08:11:54Z</time>
   </trkpt>
   <trkpt lat="55.5879980" lon="-2.5658520">
    <ele>101.6</ele>
    <time>2026-08-02T08:11:55Z</time>
   </trkpt>
   <trkpt lat="55.5880010" lon="-2.5658410">
    <ele>101.5</ele>
    <time>2026-08-02T08:11:56Z</time>
   </trkpt>
   <trkpt lat="55.5880130" lon="-2.5658310">
    <ele>101.5</ele>
    <time>2026-08-02T08:11:57Z</time>
   </trkpt>
   <trkpt lat="55.5880150" lon="-2.5658200">
    <ele>101.4</ele>
    <time>2026-08-02T08:11:58Z</time>
   </trkpt>
   <trkpt lat="55.5880200" lon="-2.5658070">
    <ele>101.4</ele>
    <time>2026-08-02T08:11:59Z</time>
   </trkpt>
   <trkpt lat="55.5880240" lon="-2.5657930">
    <ele>101.4</ele>
    <time>2026-08-02T08:12:00Z</time>
   </trkpt>
   <trkpt lat="55.5880270" lon="-2.5657800">
    <ele>101.3</ele>
    <time>2026-08-02T08:12:01Z</time>
   </trkpt>
   <trkpt lat="55.5880360" lon="-2.5657630">
    <ele>101.3</ele>
    <time>2026-08-02T08:12:02Z</time>
   </trkpt>
   <trkpt lat="55.5880400" lon="-2.5657510">
    <ele>101.2</ele>
    <time>2026-08-02T08:12:03Z</time>
   </trkpt>
   <trkpt lat="55.5880500" lon="-2.5657400">
    <ele>101.2</ele>
    <time>2026-08-02T08:12:04Z</time>
   </trkpt>
   <trkpt lat="55.5880520" lon="-2.5657290">
    <ele>101.2</ele>
    <time>2026-08-02T08:12:05Z</time>
   </trkpt>
   <trkpt lat="55.5880670" lon="-2.5657070">
    <ele>101.1</ele>
    <time>2026-08-02T08:12:06Z</time>
   </trkpt>
   <trkpt lat="55.5880740" lon="-2.5656950">
    <ele>101.0</ele>
    <time>2026-08-02T08:12:07Z</time>
   </trkpt>
   <trkpt lat="55.5880810" lon="-2.5656850">
    <ele>101.0</ele>
    <time>2026-08-02T08:12:08Z</time>
   </trkpt>
   <trkpt lat="55.5880880" lon="-2.5656700">
    <ele>101.0</ele>
    <time>2026-08-02T08:12:09Z</time>
   </trkpt>
   <trkpt lat="55.5880930" lon="-2.5656590">
    <ele>100.9</ele>
    <time>2026-08-02T08:12:10Z</time>
   </trkpt>
   <trkpt lat="55.5880990" lon="-2.5656440">
    <ele>100.9</ele>
    <time>2026-08-02T08:12:11Z</time>
   </trkpt>
   <trkpt lat="55.5881010" lon="-2.5656280">
    <ele>100.9</ele>
    <time>2026-08-02T08:12:12Z</time>
   </trkpt>
   <trkpt lat="55.5881080" lon="-2.5656190">
    <ele>100.8</ele>
    <time>2026-08-02T08:12:13Z</time>
   </trkpt>
   <trkpt lat="55.5881160" lon="-2.5656080">
    <ele>100.8</ele>
    <time>2026-08-02T08:12:14Z</time>
   </trkpt>
   <trkpt lat="55.5881240" lon="-2.5655980">
    <ele>100.8</ele>
    <time>2026-08-02T08:12:15Z</time>
   </trkpt>
   <trkpt lat="55.5881270" lon="-2.5655860">
    <ele>100.7</ele>
    <time>2026-08-02T08:12:16Z</time>
   </trkpt>
   <trkpt lat="55.5881370" lon="-2.5655750">
    <ele>100.7</ele>
    <time>2026-08-02T08:12:17Z</time>
   </trkpt>
   <trkpt lat="55.5881400" lon="-2.5655600">
    <ele>100.7</ele>
    <time>2026-08-02T08:12:18Z</time>
   </trkpt>
   <trkpt lat="55.5881450" lon="-2.5655480">
    <ele>100.7</ele>
    <time>2026-08-02T08:12:19Z</time>
   </trkpt>
   <trkpt lat="55.5881550" lon="-2.5655350">
    <ele>100.6</ele>
    <time>2026-08-02T08:12:20Z</time>
   </trkpt>
   <trkpt lat="55.5881610" lon="-2.5655240">
    <ele>100.6</ele>
    <time>2026-08-02T08:12:21Z</time>
   </trkpt>
   <trkpt lat="55.5881620" lon="-2.5655090">
    <ele>100.6</ele>
    <time>2026-08-02T08:12:22Z</time>
   </trkpt>
   <trkpt lat="55.5881670" lon="-2.5655010">
    <ele>100.6</ele>
    <time>2026-08-02T08:12:23Z</time>
   </trkpt>
   <trkpt lat="55.5881720" lon="-2.5654880">
    <ele>100.5</ele>
    <time>2026-08-02T08:12:24Z</time>
   </trkpt>
   <trkpt lat="55.5881820" lon="-2.5654780">
    <ele>100.5</ele>
    <time>2026-08-02T08:12:25Z</time>
   </trkpt>
   <trkpt lat="55.5881880" lon="-2.5654700">
    <ele>100.5</ele>
    <time>2026-08-02T08:12:26Z</time>
   </trkpt>
   <trkpt lat="55.5881970" lon="-2.5654540">
    <ele>100.4</ele>
    <time>2026-08-02T08:12:27Z</time>
   </trkpt>
   <trkpt lat="55.5882010" lon="-2.5654420">
    <ele>100.4</ele>
    <time>2026-08-02T08:12:28Z</time>
   </trkpt>
   <trkpt lat="55.5882020" lon="-2.5654340">
    <ele>100.4</ele>
    <time>2026-08-02T08:12:29Z</time>
   </trkpt>
   <trkpt lat="55.5882130" lon="-2.5654180">
    <ele>100.4</ele>
    <time>2026-08-02T08:12:30Z</time>
   </trkpt>
   <trkpt lat="55.5882200" lon="-2.5654060">
    <ele>100.3</ele>
    <time>2026-08-02T08:12:31Z</time>
   </trkpt>
   <trkpt lat="55.5882250" lon="-2.5653930">
    <ele>100.3</ele>
    <time>2026-08-02T08:12:32Z</time>
   </trkpt>
   <trkpt lat="55.5882310" lon="-2.5653800">
    <ele>100.3</ele>
    <time>2026-08-02T08:12:33Z</time>
   </trkpt>
   <trkpt lat="55.5882380" lon="-2.5653680">
    <ele>100.3</ele>
    <time>2026-08-02T08:12:34Z</time>
   </trkpt>
   <trkpt lat="55.5882430" lon="-2.5653540">
    <ele>100.2</ele>
    <time>2026-08-02T08:12:35Z</time>
   </trkpt>
   <trkpt lat="55.5882500" lon="-2.5653410">
    <ele>100.2</ele>
    <time>2026-08-02T08:12:36Z</time>
   </trkpt>
   <trkpt lat="55.5882610" lon="-2.5653260">
    <ele>100.2</ele>
    <time>2026-08-02T08:12:37Z</time>
   </trkpt>
   <trkpt lat="55.5882650" lon="-2.5653120">
    <ele>100.1</ele>
    <time>2026-08-02T08:12:38Z</time>
   </trkpt>
   <trkpt lat="55.5882720" lon="-2.5653000">
    <ele>100.1</ele>
    <time>2026-08-02T08:12:39Z</time>
   </trkpt>
   <trkpt lat="55.5882800" lon="-2.5652880">
    <ele>100.1</ele>
    <time>2026-08-02T08:12:40Z</time>
   </trkpt>
   <trkpt lat="55.5882870" lon="-2.5652760">
    <ele>100.1</ele>
    <time>2026-08-02T08:12:41Z</time>
   </trkpt>
   <trkpt lat="55.5882930" lon="-2.5652610">
    <ele>100.0</ele>
    <time>2026-08-02T08:12:42Z</time>
   </trkpt>
   <trkpt lat="55.5882970" lon="-2.5652500">
    <ele>100.0</ele>
    <time>2026-08-02T08:12:43Z</time>
   </trkpt>
   <trkpt lat="55.5883030" lon="-2.5652430">
    <ele>100.0</ele>
    <time>2026-08-02T08:12:44Z</time>
   </trkpt>
   <trkpt lat="55.5883070" lon="-2.5652270">
    <ele>100.0</ele>
    <time>2026-08-02T08:12:45Z</time>
   </trkpt>
   <trkpt lat="55.5883140" lon="-2.5652120">
    <ele>99.9</ele>
    <time>2026-08-02T08:12:46Z</time>
   </trkpt>
   <trkpt lat="55.5883180" lon="-2.5652000">
    <ele>99.9</ele>
    <time>2026-08-02T08:12:47Z</time>
   </trkpt>
   <trkpt lat="55.5883230" lon="-2.5651860">
    <ele>99.9</ele>
    <time>2026-08-02T08:12:48Z</time>
   </trkpt>
   <trkpt lat="55.5883350" lon="-2.5651720">
    <ele>99.9</ele>
    <time>2026-08-02T08:12:49Z</time>
   </trkpt>
   <trkpt lat="55.5883420" lon="-2.5651600">
    <ele>99.8</ele>
    <time>2026-08-02T08:12:50Z</time>
   </trkpt>
   <trkpt lat="55.5883480" lon="-2.5651490">
    <ele>99.8</ele>
    <time>2026-08-02T08:12:51Z</time>
   </trkpt>
   <trkpt lat="55.5883550" lon="-2.5651380">
    <ele>99.8</ele>
    <time>2026-08-02T08:12:52Z</time>
   </trkpt>
   <trkpt lat="55.5883620" lon="-2.5651230">
    <ele>99.7</ele>
    <time>2026-08-02T08:12:53Z</time>
   </trkpt>
   <trkpt lat="55.5883720" lon="-2.5651130">
    <ele>99.7</ele>
    <time>2026-08-02T08:12:54Z</time>
   </trkpt>
   <trkpt lat="55.5883820" lon="-2.5651050">
    <ele>99.7</ele>
    <time>2026-08-02T08:12:55Z</time>
   </trkpt>
   <trkpt lat="55.5883880" lon="-2.5650990">
    <ele>99.7</ele>
    <time>2026-08-02T08:12:56Z</time>
   </trkpt>
   <trkpt lat="55.5883940" lon="-2.5650850">
    <ele>99.6</ele>
    <time>2026-08-02T08:12:57Z</time>
   </trkpt>
   <trkpt lat="55.5884010" lon="-2.5650710">
    <ele>99.6</ele>
    <time>2026-08-02T08:12:58Z</time>
   </trkpt>
   <trkpt lat="55.5884070" lon="-2.5650560">
    <ele>99.6</ele>
    <time>2026-08-02T08:12:59Z</time>
   </trkpt>
   <trkpt lat="55.5884120" lon="-2.5650390">
    <ele>99.6</ele>
    <time>2026-08-02T08:13:00Z</time>
   </trkpt>
   <trkpt lat="55.5884200" lon="-2.5650270">
    <ele>99.5</ele>
    <time>2026-08-02T08:13:01Z</time>
   </trkpt>
   <trkpt lat="55.5884280" lon="-2.5650120">
    <ele>99.5</ele>
    <time>2026-08-02T08:13:02Z</time>
   </trkpt>
   <trkpt lat="55.5884320" lon="-2.5650010">
    <ele>99.5</ele>
    <time>2026-08-02T08:13:03Z</time>
   </trkpt>
   <trkpt lat="55.5884390" lon="-2.5649830">
    <ele>99.4</ele>
    <time>2026-08-02T08:13:04Z</time>
   </trkpt>
   <trkpt lat="55.5884460" lon="-2.5649710">
    <ele>99.4</ele>
    <time>2026-08-02T08:13:05Z</time>
   </trkpt>
   <trkpt lat="55.5884530" lon="-2.5649570">
    <ele>99.3</ele>
    <time>2026-08-02T08:13:06Z</time>
   </trkpt>
   <trkpt lat="55.5884590" lon="-2.5649410">
    <ele>99.3</ele>
    <time>2026-08-02T08:13:07Z</time>
   </trkpt>
   <trkpt lat="55.5884640" lon="-2.5649290">
    <ele>99.3</ele>
    <time>2026-08-02T08:13:08Z</time>
   </trkpt>
   <trkpt lat="55.5884700" lon="-2.5649170">
    <ele>99.3</ele>
    <time>2026-08-02T08:13:09Z</time>
   </trkpt>
   <trkpt lat="55.5884750" lon="-2.5649030">
    <ele>99.2</ele>
    <time>2026-08-02T08:13:10Z</time>
   </trkpt>
   <trkpt lat="55.5884800" lon="-2.5648910">
    <ele>99.2</ele>
    <time>2026-08-02T08:13:11Z</time>
   </trkpt>
   <trkpt lat="55.5884870" lon="-2.5648780">
    <ele>99.2</ele>
    <time>2026-08-02T08:13:12Z</time>
   </trkpt>
   <trkpt lat="55.5884930" lon="-2.5648620">
    <ele>99.1</ele>
    <time>2026-08-02T08:13:13Z</time>
   </trkpt>
   <trkpt lat="55.5884990" lon="-2.5648520">
    <ele>99.1</ele>
    <time>2026-08-02T08:13:14Z</time>
   </trkpt>
   <trkpt lat="55.5885080" lon="-2.5648400">
    <ele>99.1</ele>
    <time>2026-08-02T08:13:15Z</time>
   </trkpt>
   <trkpt lat="55.5885180" lon="-2.5648300">
    <ele>99.0</ele>
    <time>2026-08-02T08:13:16Z</time>
   </trkpt>
   <trkpt lat="55.5885230" lon="-2.5648190">
    <ele>99.0</ele>
    <time>2026-08-02T08:13:17Z</time>
   </trkpt>
   <trkpt lat="55.5885280" lon="-2.5648040">
    <ele>99.0</ele>
    <time>2026-08-02T08:13:18Z</time>
   </trkpt>
   <trkpt lat="55.5885350" lon="-2.5647890">
    <ele>98.9</ele>
    <time>2026-08-02T08:13:19Z</time>
   </trkpt>
   <trkpt lat="55.5885410" lon="-2.5647760">
    <ele>98.9</ele>
    <time>2026-08-02T08:13:20Z</time>
   </trkpt>
   <trkpt lat="55.5885470" lon="-2.5647680">
    <ele>98.9</ele>
    <time>2026-08-02T08:13:21Z</time>
   </trkpt>
   <trkpt lat="55.5885540" lon="-2.5647530">
    <ele>98.8</ele>
    <time>2026-08-02T08:13:22Z</time>
   </trkpt>
   <trkpt lat="55.5885590" lon="-2.5647430">
    <ele>98.8</ele>
    <time>2026-08-02T08:13:23Z</time>
   </trkpt>
   <trkpt lat="55.5885680" lon="-2.5647320">
    <ele>98.8</ele>
    <time>2026-08-02T08:13:24Z</time>
   </trkpt>
   <trkpt lat="55.5885730" lon="-2.5647160">
    <ele>98.7</ele>
    <time>2026-08-02T08:13:25Z</time>
   </trkpt>
   <trkpt lat="55.5885800" lon="-2.5647050">
    <ele>98.7</ele>
    <time>2026-08-02T08:13:26Z</time>
   </trkpt>
   <trkpt lat="55.5885870" lon="-2.5646880">
    <ele>98.7</ele>
    <time>2026-08-02T08:13:27Z</time>
   </trkpt>
   <trkpt lat="55.5885970" lon="-2.5646770">
    <ele>98.7</ele>
    <time>2026-08-02T08:13:28Z</time>
   </trkpt>
   <trkpt lat="55.5886030" lon="-2.5646610">
    <ele>98.6</ele>
    <time>2026-08-02T08:13:29Z</time>
   </trkpt>
   <trkpt lat="55.5886110" lon="-2.5646450">
    <ele>98.6</ele>
    <time>2026-08-02T08:13:30Z</time>
   </trkpt>
   <trkpt lat="55.5886180" lon="-2.5646330">
    <ele>98.6</ele>
    <time>2026-08-02T08:13:31Z</time>
   </trkpt>
   <trkpt lat="55.5886250" lon="-2.5646190">
    <ele>98.5</ele>
    <time>2026-08-02T08:13:32Z</time>
   </trkpt>
   <trkpt lat="55.5886330" lon="-2.5646100">
    <ele>98.5</ele>
    <time>2026-08-02T08:13:33Z</time>
   </trkpt>
   <trkpt lat="55.5886370" lon="-2.5645980">
    <ele>98.5</ele>
    <time>2026-08-02T08:13:34Z</time>
   </trkpt>
   <trkpt lat="55.5886440" lon="-2.5645840">
    <ele>98.5</ele>
    <time>2026-08-02T08:13:35Z</time>
   </trkpt>
   <trkpt lat="55.5886510" lon="-2.5645740">
    <ele>98.4</ele>
    <time>2026-08-02T08:13:36Z</time>
   </trkpt>
   <trkpt lat="55.5886560" lon="-2.5645610">
    <ele>98.4</ele>
    <time>2026-08-02T08:13:37Z</time>
   </trkpt>
   <trkpt lat="55.5886640" lon="-2.5645490">
    <ele>98.4</ele>
    <time>2026-08-02T08:13:38Z</time>
   </trkpt>
   <trkpt lat="55.5886730" lon="-2.5645340">
    <ele>98.3</ele>
    <time>2026-08-02T08:13:39Z</time>
   </trkpt>
   <trkpt lat="55.5886820" lon="-2.5645210">
    <ele>98.3</ele>
    <time>2026-08-02T08:13:40Z</time>
   </trkpt>
   <trkpt lat="55.5886860" lon="-2.5645150">
    <ele>98.3</ele>
    <time>2026-08-02T08:13:41Z</time>
   </trkpt>
   <trkpt lat="55.5886970" lon="-2.5645100">
    <ele>98.3</ele>
    <time>2026-08-02T08:13:42Z</time>
   </trkpt>
   <trkpt lat="55.5887050" lon="-2.5644980">
    <ele>98.2</ele>
    <time>2026-08-02T08:13:43Z</time>
   </trkpt>
   <trkpt lat="55.5887070" lon="-2.5644850">
    <ele>98.2</ele>
    <time>2026-08-02T08:13:44Z</time>
   </trkpt>
   <trkpt lat="55.5887170" lon="-2.5644720">
    <ele>98.2</ele>
    <time>2026-08-02T08:13:45Z</time>
   </trkpt>
   <trkpt lat="55.5887220" lon="-2.5644590">
    <ele>98.2</ele>
    <time>2026-08-02T08:13:46Z</time>
   </trkpt>
   <trkpt lat="55.5887290" lon="-2.5644480">
    <ele>98.1</ele>
    <time>2026-08-02T08:13:47Z</time>
   </trkpt>
   <trkpt lat="55.5887370" lon="-2.5644370">
    <ele>98.1</ele>
    <time>2026-08-02T08:13:48Z</time>
   </trkpt>
   <trkpt lat="55.5887410" lon="-2.5644230">
    <ele>98.1</ele>
    <time>2026-08-02T08:13:49Z</time>
   </trkpt>
   <trkpt lat="55.5887470" lon="-2.5644100">
    <ele>98.1</ele>
    <time>2026-08-02T08:13:50Z</time>
   </trkpt>
   <trkpt lat="55.5887550" lon="-2.5643960">
    <ele>98.0</ele>
    <time>2026-08-02T08:13:51Z</time>
   </trkpt>
   <trkpt lat="55.5887600" lon="-2.5643870">
    <ele>98.0</ele>
    <time>2026-08-02T08:13:52Z</time>
   </trkpt>
   <trkpt lat="55.5887670" lon="-2.5643740">
    <ele>98.0</ele>
    <time>2026-08-02T08:13:53Z</time>
   </trkpt>
   <trkpt lat="55.5887720" lon="-2.5643650">
    <ele>98.0</ele>
    <time>2026-08-02T08:13:54Z</time>
   </trkpt>
   <trkpt lat="55.5887770" lon="-2.5643490">
    <ele>98.0</ele>
    <time>2026-08-02T08:13:55Z</time>
   </trkpt>
   <trkpt lat="55.5887840" lon="-2.5643390">
    <ele>97.9</ele>
    <time>2026-08-02T08:13:56Z</time>
   </trkpt>
   <trkpt lat="55.5887900" lon="-2.5643270">
    <ele>97.9</ele>
    <time>2026-08-02T08:13:57Z</time>
   </trkpt>
   <trkpt lat="55.5888000" lon="-2.5643140">
    <ele>97.9</ele>
    <time>2026-08-02T08:13:58Z</time>
   </trkpt>
   <trkpt lat="55.5888030" lon="-2.5643020">
    <ele>97.9</ele>
    <time>2026-08-02T08:13:59Z</time>
   </trkpt>
   <trkpt lat="55.5888100" lon="-2.5642880">
    <ele>97.8</ele>
    <time>2026-08-02T08:14:00Z</time>
   </trkpt>
   <trkpt lat="55.5888140" lon="-2.5642770">
    <ele>97.8</ele>
    <time>2026-08-02T08:14:01Z</time>
   </trkpt>
   <trkpt lat="55.5888200" lon="-2.5642680">
    <ele>97.8</ele>
    <time>2026-08-02T08:14:02Z</time>
   </trkpt>
   <trkpt lat="55.5888270" lon="-2.5642490">
    <ele>97.8</ele>
    <time>2026-08-02T08:14:03Z</time>
   </trkpt>
   <trkpt lat="55.5888350" lon="-2.5642380">
    <ele>97.8</ele>
    <time>2026-08-02T08:14:04Z</time>
   </trkpt>
   <trkpt lat="55.5888400" lon="-2.5642230">
    <ele>97.8</ele>
    <time>2026-08-02T08:14:05Z</time>
   </trkpt>
   <trkpt lat="55.5888490" lon="-2.5642110">
    <ele>97.7</ele>
    <time>2026-08-02T08:14:06Z</time>
   </trkpt>
   <trkpt lat="55.5888530" lon="-2.5641930">
    <ele>97.7</ele>
    <time>2026-08-02T08:14:07Z</time>
   </trkpt>
   <trkpt lat="55.5888570" lon="-2.5641820">
    <ele>97.7</ele>
    <time>2026-08-02T08:14:08Z</time>
   </trkpt>
   <trkpt lat="55.5888640" lon="-2.5641710">
    <ele>97.7</ele>
    <time>2026-08-02T08:14:09Z</time>
   </trkpt>
   <trkpt lat="55.5888730" lon="-2.5641550">
    <ele>97.7</ele>
    <time>2026-08-02T08:14:10Z</time>
   </trkpt>
   <trkpt lat="55.5888790" lon="-2.5641420">
    <ele>97.7</ele>
    <time>2026-08-02T08:14:11Z</time>
   </trkpt>
   <trkpt lat="55.5888850" lon="-2.5641240">
    <ele>97.6</ele>
    <time>2026-08-02T08:14:12Z</time>
   </trkpt>
   <trkpt lat="55.5888830" lon="-2.5641110">
    <ele>97.6</ele>
    <time>2026-08-02T08:14:13Z</time>
   </trkpt>
   <trkpt lat="55.5888920" lon="-2.5640990">
    <ele>97.6</ele>
    <time>2026-08-02T08:14:14Z</time>
   </trkpt>
   <trkpt lat="55.5888990" lon="-2.5640860">
    <ele>97.6</ele>
    <time>2026-08-02T08:14:15Z</time>
   </trkpt>
   <trkpt lat="55.5889050" lon="-2.5640750">
    <ele>97.6</ele>
    <time>2026-08-02T08:14:16Z</time>
   </trkpt>
   <trkpt lat="55.5889090" lon="-2.5640630">
    <ele>97.6</ele>
    <time>2026-08-02T08:14:17Z</time>
   </trkpt>
   <trkpt lat="55.5889180" lon="-2.5640520">
    <ele>97.6</ele>
    <time>2026-08-02T08:14:18Z</time>
   </trkpt>
   <trkpt lat="55.5889230" lon="-2.5640400">
    <ele>97.6</ele>
    <time>2026-08-02T08:14:19Z</time>
   </trkpt>
   <trkpt lat="55.5889290" lon="-2.5640250">
    <ele>97.5</ele>
    <time>2026-08-02T08:14:20Z</time>
   </trkpt>
   <trkpt lat="55.5889330" lon="-2.5640170">
    <ele>97.5</ele>
    <time>2026-08-02T08:14:21Z</time>
   </trkpt>
   <trkpt lat="55.5889460" lon="-2.5640030">
    <ele>97.5</ele>
    <time>2026-08-02T08:14:22Z</time>
   </trkpt>
   <trkpt lat="55.5889480" lon="-2.5639900">
    <ele>97.5</ele>
    <time>2026-08-02T08:14:23Z</time>
   </trkpt>
   <trkpt lat="55.5889560" lon="-2.5639780">
    <ele>97.5</ele>
    <time>2026-08-02T08:14:24Z</time>
   </trkpt>
   <trkpt lat="55.5889620" lon="-2.5639700">
    <ele>97.5</ele>
    <time>2026-08-02T08:14:25Z</time>
   </trkpt>
   <trkpt lat="55.5889690" lon="-2.5639570">
    <ele>97.5</ele>
    <time>2026-08-02T08:14:26Z</time>
   </trkpt>
   <trkpt lat="55.5889740" lon="-2.5639440">
    <ele>97.5</ele>
    <time>2026-08-02T08:14:27Z</time>
   </trkpt>
   <trkpt lat="55.5889810" lon="-2.5639330">
    <ele>97.5</ele>
    <time>2026-08-02T08:14:28Z</time>
   </trkpt>
   <trkpt lat="55.5889850" lon="-2.5639190">
    <ele>97.5</ele>
    <time>2026-08-02T08:14:29Z</time>
   </trkpt>
   <trkpt lat="55.5889960" lon="-2.5639080">
    <ele>97.5</ele>
    <time>2026-08-02T08:14:30Z</time>
   </trkpt>
   <trkpt lat="55.5889990" lon="-2.5638950">
    <ele>97.5</ele>
    <time>2026-08-02T08:14:31Z</time>
   </trkpt>
   <trkpt lat="55.5890060" lon="-2.5638840">
    <ele>97.4</ele>
    <time>2026-08-02T08:14:32Z</time>
   </trkpt>
   <trkpt lat="55.5890110" lon="-2.5638720">
    <ele>97.4</ele>
    <time>2026-08-02T08:14:33Z</time>
   </trkpt>
   <trkpt lat="55.5890180" lon="-2.5638610">
    <ele>97.4</ele>
    <time>2026-08-02T08:14:34Z</time>
   </trkpt>
   <trkpt lat="55.5890260" lon="-2.5638510">
    <ele>97.4</ele>
    <time>2026-08-02T08:14:35Z</time>
   </trkpt>
   <trkpt lat="55.5890330" lon="-2.5638400">
    <ele>97.4</ele>
    <time>2026-08-02T08:14:36Z</time>
   </trkpt>
   <trkpt lat="55.5890390" lon="-2.5638280">
    <ele>97.4</ele>
    <time>2026-08-02T08:14:37Z</time>
   </trkpt>
   <trkpt lat="55.5890430" lon="-2.5638140">
    <ele>97.4</ele>
    <time>2026-08-02T08:14:38Z</time>
   </trkpt>
   <trkpt lat="55.5890500" lon="-2.5638040">
    <ele>97.4</ele>
    <time>2026-08-02T08:14:39Z</time>
   </trkpt>
   <trkpt lat="55.5890600" lon="-2.5637950">
    <ele>97.4</ele>
    <time>2026-08-02T08:14:40Z</time>
   </trkpt>
   <trkpt lat="55.5890630" lon="-2.5637830">
    <ele>97.4</ele>
    <time>2026-08-02T08:14:41Z</time>
   </trkpt>
   <trkpt lat="55.5890690" lon="-2.5637710">
    <ele>97.4</ele>
    <time>2026-08-02T08:14:42Z</time>
   </trkpt>
   <trkpt lat="55.5890760" lon="-2.5637580">
    <ele>97.4</ele>
    <time>2026-08-02T08:14:43Z</time>
   </trkpt>
   <trkpt lat="55.5890840" lon="-2.5637450">
    <ele>97.4</ele>
    <time>2026-08-02T08:14:44Z</time>
   </trkpt>
   <trkpt lat="55.5890880" lon="-2.5637320">
    <ele>97.4</ele>
    <time>2026-08-02T08:14:45Z</time>
   </trkpt>
   <trkpt lat="55.5890960" lon="-2.5637200">
    <ele>97.4</ele>
    <time>2026-08-02T08:14:46Z</time>
   </trkpt>
   <trkpt lat="55.5891020" lon="-2.5637100">
    <ele>97.4</ele>
    <time>2026-08-02T08:14:47Z</time>
   </trkpt>
   <trkpt lat="55.5891080" lon="-2.5637000">
    <ele>97.4</ele>
    <time>2026-08-02T08:14:48Z</time>
   </trkpt>
   <trkpt lat="55.5891150" lon="-2.5636850">
    <ele>97.4</ele>
    <time>2026-08-02T08:14:49Z</time>
   </trkpt>
   <trkpt lat="55.5891180" lon="-2.5636730">
    <ele>97.4</ele>
    <time>2026-08-02T08:14:50Z</time>
   </trkpt>
   <trkpt lat="55.5891230" lon="-2.5636590">
    <ele>97.4</ele>
    <time>2026-08-02T08:14:51Z</time>
   </trkpt>
   <trkpt lat="55.5891260" lon="-2.5636450">
    <ele>97.4</ele>
    <time>2026-08-02T08:14:52Z</time>
   </trkpt>
   <trkpt lat="55.5891310" lon="-2.5636320">
    <ele>97.4</ele>
    <time>2026-08-02T08:14:53Z</time>
   </trkpt>
   <trkpt lat="55.5891370" lon="-2.5636240">
    <ele>97.4</ele>
    <time>2026-08-02T08:14:54Z</time>
   </trkpt>
   <trkpt lat="55.5891440" lon="-2.5636130">
    <ele>97.4</ele>
    <time>2026-08-02T08:14:55Z</time>
   </trkpt>
   <trkpt lat="55.5891520" lon="-2.5636040">
    <ele>97.4</ele>
    <time>2026-08-02T08:14:56Z</time>
   </trkpt>
   <trkpt lat="55.5891570" lon="-2.5635910">
    <ele>97.4</ele>
    <time>2026-08-02T08:14:57Z</time>
   </trkpt>
   <trkpt lat="55.5891620" lon="-2.5635820">
    <ele>97.4</ele>
    <time>2026-08-02T08:14:58Z</time>
   </trkpt>
   <trkpt lat="55.5891680" lon="-2.5635700">
    <ele>97.4</ele>
    <time>2026-08-02T08:14:59Z</time>
   </trkpt>
   <trkpt lat="55.5891720" lon="-2.5635580">
    <ele>97.4</ele>
    <time>2026-08-02T08:15:00Z</time>
   </trkpt>
   <trkpt lat="55.5891780" lon="-2.5635430">
    <ele>97.4</ele>
    <time>2026-08-02T08:15:01Z</time>
   </trkpt>
   <trkpt lat="55.5891840" lon="-2.5635320">
    <ele>97.4</ele>
    <time>2026-08-02T08:15:02Z</time>
   </trkpt>
   <trkpt lat="55.5891910" lon="-2.5635180">
    <ele>97.4</ele>
    <time>2026-08-02T08:15:03Z</time>
   </trkpt>
   <trkpt lat="55.5891960" lon="-2.5635050">
    <ele>97.4</ele>
    <time>2026-08-02T08:15:04Z</time>
   </trkpt>
   <trkpt lat="55.5892050" lon="-2.5634950">
    <ele>97.4</ele>
    <time>2026-08-02T08:15:05Z</time>
   </trkpt>
   <trkpt lat="55.5892110" lon="-2.5634830">
    <ele>97.4</ele>
    <time>2026-08-02T08:15:06Z</time>
   </trkpt>
   <trkpt lat="55.5892140" lon="-2.5634670">
    <ele>97.4</ele>
    <time>2026-08-02T08:15:07Z</time>
   </trkpt>
   <trkpt lat="55.5892180" lon="-2.5634580">
    <ele>97.3</ele>
    <time>2026-08-02T08:15:08Z</time>
   </trkpt>
   <trkpt lat="55.5892250" lon="-2.5634470">
    <ele>97.3</ele>
    <time>2026-08-02T08:15:09Z</time>
   </trkpt>
   <trkpt lat="55.5892330" lon="-2.5634380">
    <ele>97.3</ele>
    <time>2026-08-02T08:15:10Z</time>
   </trkpt>
   <trkpt lat="55.5892430" lon="-2.5634270">
    <ele>97.3</ele>
    <time>2026-08-02T08:15:11Z</time>
   </trkpt>
   <trkpt lat="55.5892490" lon="-2.5634150">
    <ele>97.3</ele>
    <time>2026-08-02T08:15:12Z</time>
   </trkpt>
   <trkpt lat="55.5892560" lon="-2.5633990">
    <ele>97.3</ele>
    <time>2026-08-02T08:15:13Z</time>
   </trkpt>
   <trkpt lat="55.5892610" lon="-2.5633850">
    <ele>97.3</ele>
    <time>2026-08-02T08:15:14Z</time>
   </trkpt>
   <trkpt lat="55.5892720" lon="-2.5633790">
    <ele>97.3</ele>
    <time>2026-08-02T08:15:15Z</time>
   </trkpt>
   <trkpt lat="55.5892780" lon="-2.5633630">
    <ele>97.3</ele>
    <time>2026-08-02T08:15:16Z</time>
   </trkpt>
   <trkpt lat="55.5892840" lon="-2.5633510">
    <ele>97.3</ele>
    <time>2026-08-02T08:15:17Z</time>
   </trkpt>
   <trkpt lat="55.5892870" lon="-2.5633390">
    <ele>97.3</ele>
    <time>2026-08-02T08:15:18Z</time>
   </trkpt>
   <trkpt lat="55.5892940" lon="-2.5633290">
    <ele>97.3</ele>
    <time>2026-08-02T08:15:19Z</time>
   </trkpt>
   <trkpt lat="55.5893040" lon="-2.5633220">
    <ele>97.3</ele>
    <time>2026-08-02T08:15:20Z</time>
   </trkpt>
   <trkpt lat="55.5893070" lon="-2.5633060">
    <ele>97.3</ele>
    <time>2026-08-02T08:15:21Z</time>
   </trkpt>
   <trkpt lat="55.5893100" lon="-2.5632950">
    <ele>97.3</ele>
    <time>2026-08-02T08:15:22Z</time>
   </trkpt>
   <trkpt lat="55.5893210" lon="-2.5632810">
    <ele>97.3</ele>
    <time>2026-08-02T08:15:23Z</time>
   </trkpt>
   <trkpt lat="55.5893250" lon="-2.5632690">
    <ele>97.3</ele>
    <time>2026-08-02T08:15:24Z</time>
   </trkpt>
   <trkpt lat="55.5893300" lon="-2.5632550">
    <ele>97.3</ele>
    <time>2026-08-02T08:15:25Z</time>
   </trkpt>
   <trkpt lat="55.5893390" lon="-2.5632440">
    <ele>97.3</ele>
    <time>2026-08-02T08:15:26Z</time>
   </trkpt>
   <trkpt lat="55.5893490" lon="-2.5632330">
    <ele>97.3</ele>
    <time>2026-08-02T08:15:27Z</time>
   </trkpt>
   <trkpt lat="55.5893520" lon="-2.5632220">
    <ele>97.3</ele>
    <time>2026-08-02T08:15:28Z</time>
   </trkpt>
   <trkpt lat="55.5893620" lon="-2.5632100">
    <ele>97.3</ele>
    <time>2026-08-02T08:15:29Z</time>
   </trkpt>
   <trkpt lat="55.5893660" lon="-2.5631960">
    <ele>97.3</ele>
    <time>2026-08-02T08:15:30Z</time>
   </trkpt>
   <trkpt lat="55.5893740" lon="-2.5631860">
    <ele>97.3</ele>
    <time>2026-08-02T08:15:31Z</time>
   </trkpt>
   <trkpt lat="55.5893820" lon="-2.5631750">
    <ele>97.3</ele>
    <time>2026-08-02T08:15:32Z</time>
   </trkpt>
   <trkpt lat="55.5893890" lon="-2.5631630">
    <ele>97.3</ele>
    <time>2026-08-02T08:15:33Z</time>
   </trkpt>
   <trkpt lat="55.5893950" lon="-2.5631500">
    <ele>97.3</ele>
    <time>2026-08-02T08:15:34Z</time>
   </trkpt>
   <trkpt lat="55.5893990" lon="-2.5631400">
    <ele>97.3</ele>
    <time>2026-08-02T08:15:35Z</time>
   </trkpt>
   <trkpt lat="55.5894070" lon="-2.5631310">
    <ele>97.3</ele>
    <time>2026-08-02T08:15:36Z</time>
   </trkpt>
   <trkpt lat="55.5894100" lon="-2.5631230">
    <ele>97.3</ele>
    <time>2026-08-02T08:15:37Z</time>
   </trkpt>
   <trkpt lat="55.5894200" lon="-2.5631130">
    <ele>97.3</ele>
    <time>2026-08-02T08:15:38Z</time>
   </trkpt>
   <trkpt lat="55.5894270" lon="-2.5631030">
    <ele>97.3</ele>
    <time>2026-08-02T08:15:39Z</time>
   </trkpt>
   <trkpt lat="55.5894360" lon="-2.5630910">
    <ele>97.3</ele>
    <time>2026-08-02T08:15:40Z</time>
   </trkpt>
   <trkpt lat="55.5894410" lon="-2.5630810">
    <ele>97.3</ele>
    <time>2026-08-02T08:15:41Z</time>
   </trkpt>
   <trkpt lat="55.5894490" lon="-2.5630730">
    <ele>97.3</ele>
    <time>2026-08-02T08:15:42Z</time>
   </trkpt>
   <trkpt lat="55.5894600" lon="-2.5630660">
    <ele>97.3</ele>
    <time>2026-08-02T08:15:43Z</time>
   </trkpt>
   <trkpt lat="55.5894690" lon="-2.5630590">
    <ele>97.3</ele>
    <time>2026-08-02T08:15:44Z</time>
   </trkpt>
   <trkpt lat="55.5894740" lon="-2.5630480">
    <ele>97.3</ele>
    <time>2026-08-02T08:15:45Z</time>
   </trkpt>
   <trkpt lat="55.5894850" lon="-2.5630420">
    <ele>97.3</ele>
    <time>2026-08-02T08:15:46Z</time>
   </trkpt>
   <trkpt lat="55.5894910" lon="-2.5630380">
    <ele>97.3</ele>
    <time>2026-08-02T08:15:47Z</time>
   </trkpt>
   <trkpt lat="55.5894990" lon="-2.5630270">
    <ele>97.3</ele>
    <time>2026-08-02T08:15:48Z</time>
   </trkpt>
   <trkpt lat="55.5895090" lon="-2.5630240">
    <ele>97.3</ele>
    <time>2026-08-02T08:15:49Z</time>
   </trkpt>
   <trkpt lat="55.5895170" lon="-2.5630180">
    <ele>97.3</ele>
    <time>2026-08-02T08:15:50Z</time>
   </trkpt>
   <trkpt lat="55.5895260" lon="-2.5630110">
    <ele>97.3</ele>
    <time>2026-08-02T08:15:51Z</time>
   </trkpt>
   <trkpt lat="55.5895340" lon="-2.5630040">
    <ele>97.3</ele>
    <time>2026-08-02T08:15:52Z</time>
   </trkpt>
   <trkpt lat="55.5895420" lon="-2.5630000">
    <ele>97.3</ele>
    <time>2026-08-02T08:15:53Z</time>
   </trkpt>
   <trkpt lat="55.5895500" lon="-2.5629960">
    <ele>97.3</ele>
    <time>2026-08-02T08:15:54Z</time>
   </trkpt>
   <trkpt lat="55.5895590" lon="-2.5629920">
    <ele>97.3</ele>
    <time>2026-08-02T08:15:55Z</time>
   </trkpt>
   <trkpt lat="55.5895680" lon="-2.5629870">
    <ele>97.3</ele>
    <time>2026-08-02T08:15:56Z</time>
   </trkpt>
   <trkpt lat="55.5895780" lon="-2.5629840">
    <ele>97.3</ele>
    <time>2026-08-02T08:15:57Z</time>
   </trkpt>
   <trkpt lat="55.5895880" lon="-2.5629790">
    <ele>97.3</ele>
    <time>2026-08-02T08:15:58Z</time>
   </trkpt>
   <trkpt lat="55.5895980" lon="-2.5629750">
    <ele>97.3</ele>
    <time>2026-08-02T08:15:59Z</time>
   </trkpt>
   <trkpt lat="55.5896070" lon="-2.5629680">
    <ele>97.3</ele>
    <time>2026-08-02T08:16:00Z</time>
   </trkpt>
   <trkpt lat="55.5896100" lon="-2.5629610">
    <ele>97.3</ele>
    <time>2026-08-02T08:16:01Z</time>
   </trkpt>
   <trkpt lat="55.5896170" lon="-2.5629590">
    <ele>97.3</ele>
    <time>2026-08-02T08:16:02Z</time>
   </trkpt>
   <trkpt lat="55.5896230" lon="-2.5629580">
    <ele>97.3</ele>
    <time>2026-08-02T08:16:03Z</time>
   </trkpt>
   <trkpt lat="55.5896300" lon="-2.5629550">
    <ele>97.3</ele>
    <time>2026-08-02T08:16:04Z</time>
   </trkpt>
   <trkpt lat="55.5896370" lon="-2.5629480">
    <ele>97.3</ele>
    <time>2026-08-02T08:16:05Z</time>
   </trkpt>
   <trkpt lat="55.5896410" lon="-2.5629420">
    <ele>97.3</ele>
    <time>2026-08-02T08:16:06Z</time>
   </trkpt>
   <trkpt lat="55.5896550" lon="-2.5629430">
    <ele>97.3</ele>
    <time>2026-08-02T08:16:07Z</time>
   </trkpt>
   <trkpt lat="55.5896610" lon="-2.5629320">
    <ele>97.3</ele>
    <time>2026-08-02T08:16:08Z</time>
   </trkpt>
   <trkpt lat="55.5896700" lon="-2.5629280">
    <ele>97.3</ele>
    <time>2026-08-02T08:16:09Z</time>
   </trkpt>
   <trkpt lat="55.5896750" lon="-2.5629220">
    <ele>97.3</ele>
    <time>2026-08-02T08:16:10Z</time>
   </trkpt>
   <trkpt lat="55.5896840" lon="-2.5629160">
    <ele>97.3</ele>
    <time>2026-08-02T08:16:11Z</time>
   </trkpt>
   <trkpt lat="55.5896950" lon="-2.5629100">
    <ele>97.3</ele>
    <time>2026-08-02T08:16:12Z</time>
   </trkpt>
   <trkpt lat="55.5897010" lon="-2.5629020">
    <ele>97.3</ele>
    <time>2026-08-02T08:16:13Z</time>
   </trkpt>
   <trkpt lat="55.5897120" lon="-2.5628940">
    <ele>97.3</ele>
    <time>2026-08-02T08:16:14Z</time>
   </trkpt>
   <trkpt lat="55.5897220" lon="-2.5628820">
    <ele>97.3</ele>
    <time>2026-08-02T08:16:15Z</time>
   </trkpt>
   <trkpt lat="55.5897290" lon="-2.5628710">
    <ele>97.3</ele>
    <time>2026-08-02T08:16:16Z</time>
   </trkpt>
   <trkpt lat="55.5897380" lon="-2.5628630">
    <ele>97.3</ele>
    <time>2026-08-02T08:16:17Z</time>
   </trkpt>
   <trkpt lat="55.5897430" lon="-2.5628540">
    <ele>97.3</ele>
    <time>2026-08-02T08:16:18Z</time>
   </trkpt>
   <trkpt lat="55.5897490" lon="-2.5628490">
    <ele>97.3</ele>
    <time>2026-08-02T08:16:19Z</time>
   </trkpt>
   <trkpt lat="55.5897580" lon="-2.5628380">
    <ele>97.3</ele>
    <time>2026-08-02T08:16:20Z</time>
   </trkpt>
   <trkpt lat="55.5897650" lon="-2.5628290">
    <ele>97.3</ele>
    <time>2026-08-02T08:16:21Z</time>
   </trkpt>
   <trkpt lat="55.5897750" lon="-2.5628190">
    <ele>97.3</ele>
    <time>2026-08-02T08:16:22Z</time>
   </trkpt>
   <trkpt lat="55.5897860" lon="-2.5628080">
    <ele>97.3</ele>
    <time>2026-08-02T08:16:23Z</time>
   </trkpt>
   <trkpt lat="55.5897910" lon="-2.5627990">
    <ele>97.3</ele>
    <time>2026-08-02T08:16:24Z</time>
   </trkpt>
   <trkpt lat="55.5898000" lon="-2.5627890">
    <ele>97.3</ele>
    <time>2026-08-02T08:16:25Z</time>
   </trkpt>
   <trkpt lat="55.5898080" lon="-2.5627810">
    <ele>97.3</ele>
    <time>2026-08-02T08:16:26Z</time>
   </trkpt>
   <trkpt lat="55.5898150" lon="-2.5627710">
    <ele>97.3</ele>
    <time>2026-08-02T08:16:27Z</time>
   </trkpt>
   <trkpt lat="55.5898210" lon="-2.5627580">
    <ele>97.3</ele>
    <time>2026-08-02T08:16:28Z</time>
   </trkpt>
   <trkpt lat="55.5898260" lon="-2.5627480">
    <ele>97.3</ele>
    <time>2026-08-02T08:16:29Z</time>
   </trkpt>
   <trkpt lat="55.5898320" lon="-2.5627370">
    <ele>97.3</ele>
    <time>2026-08-02T08:16:30Z</time>
   </trkpt>
   <trkpt lat="55.5898390" lon="-2.5627230">
    <ele>97.2</ele>
    <time>2026-08-02T08:16:31Z</time>
   </trkpt>
   <trkpt lat="55.5898490" lon="-2.5627120">
    <ele>97.2</ele>
    <time>2026-08-02T08:16:32Z</time>
   </trkpt>
   <trkpt lat="55.5898550" lon="-2.5627020">
    <ele>97.2</ele>
    <time>2026-08-02T08:16:33Z</time>
   </trkpt>
   <trkpt lat="55.5898650" lon="-2.5626960">
    <ele>97.2</ele>
    <time>2026-08-02T08:16:34Z</time>
   </trkpt>
   <trkpt lat="55.5898720" lon="-2.5626880">
    <ele>97.2</ele>
    <time>2026-08-02T08:16:35Z</time>
   </trkpt>
   <trkpt lat="55.5898790" lon="-2.5626800">
    <ele>97.2</ele>
    <time>2026-08-02T08:16:36Z</time>
   </trkpt>
   <trkpt lat="55.5898880" lon="-2.5626690">
    <ele>97.2</ele>
    <time>2026-08-02T08:16:37Z</time>
   </trkpt>
   <trkpt lat="55.5898910" lon="-2.5626590">
    <ele>97.2</ele>
    <time>2026-08-02T08:16:38Z</time>
   </trkpt>
   <trkpt lat="55.5898980" lon="-2.5626500">
    <ele>97.2</ele>
    <time>2026-08-02T08:16:39Z</time>
   </trkpt>
   <trkpt lat="55.5899060" lon="-2.5626390">
    <ele>97.2</ele>
    <time>2026-08-02T08:16:40Z</time>
   </trkpt>
   <trkpt lat="55.5899130" lon="-2.5626300">
    <ele>97.2</ele>
    <time>2026-08-02T08:16:41Z</time>
   </trkpt>
   <trkpt lat="55.5899210" lon="-2.5626220">
    <ele>97.2</ele>
    <time>2026-08-02T08:16:42Z</time>
   </trkpt>
   <trkpt lat="55.5899260" lon="-2.5626140">
    <ele>97.2</ele>
    <time>2026-08-02T08:16:43Z</time>
   </trkpt>
   <trkpt lat="55.5899350" lon="-2.5626040">
    <ele>97.2</ele>
    <time>2026-08-02T08:16:44Z</time>
   </trkpt>
   <trkpt lat="55.5899410" lon="-2.5625900">
    <ele>97.2</ele>
    <time>2026-08-02T08:16:45Z</time>
   </trkpt>
   <trkpt lat="55.5899460" lon="-2.5625800">
    <ele>97.2</ele>
    <time>2026-08-02T08:16:46Z</time>
   </trkpt>
   <trkpt lat="55.5899540" lon="-2.5625730">
    <ele>97.2</ele>
    <time>2026-08-02T08:16:47Z</time>
   </trkpt>
   <trkpt lat="55.5899620" lon="-2.5625620">
    <ele>97.2</ele>
    <time>2026-08-02T08:16:48Z</time>
   </trkpt>
   <trkpt lat="55.5899690" lon="-2.5625520">
    <ele>97.2</ele>
    <time>2026-08-02T08:16:49Z</time>
   </trkpt>
   <trkpt lat="55.5899750" lon="-2.5625410">
    <ele>97.2</ele>
    <time>2026-08-02T08:16:50Z</time>
   </trkpt>
   <trkpt lat="55.5899830" lon="-2.5625300">
    <ele>97.2</ele>
    <time>2026-08-02T08:16:51Z</time>
   </trkpt>
   <trkpt lat="55.5899930" lon="-2.5625190">
    <ele>97.2</ele>
    <time>2026-08-02T08:16:52Z</time>
   </trkpt>
   <trkpt lat="55.5899980" lon="-2.5625100">
    <ele>97.2</ele>
    <time>2026-08-02T08:16:53Z</time>
   </trkpt>
   <trkpt lat="55.5900040" lon="-2.5625020">
    <ele>97.2</ele>
    <time>2026-08-02T08:16:54Z</time>
   </trkpt>
   <trkpt lat="55.5900130" lon="-2.5624900">
    <ele>97.1</ele>
    <time>2026-08-02T08:16:55Z</time>
   </trkpt>
   <trkpt lat="55.5900210" lon="-2.5624760">
    <ele>97.1</ele>
    <time>2026-08-02T08:16:56Z</time>
   </trkpt>
   <trkpt lat="55.5900240" lon="-2.5624640">
    <ele>97.1</ele>
    <time>2026-08-02T08:16:57Z</time>
   </trkpt>
   <trkpt lat="55.5900340" lon="-2.5624540">
    <ele>97.1</ele>
    <time>2026-08-02T08:16:58Z</time>
   </trkpt>
   <trkpt lat="55.5900410" lon="-2.5624460">
    <ele>97.1</ele>
    <time>2026-08-02T08:16:59Z</time>
   </trkpt>
   <trkpt lat="55.5900430" lon="-2.5624370">
    <ele>97.1</ele>
    <time>2026-08-02T08:17:00Z</time>
   </trkpt>
   <trkpt lat="55.5900520" lon="-2.5624270">
    <ele>97.1</ele>
    <time>2026-08-02T08:17:01Z</time>
   </trkpt>
   <trkpt lat="55.5900590" lon="-2.5624140">
    <ele>97.1</ele>
    <time>2026-08-02T08:17:02Z</time>
   </trkpt>
   <trkpt lat="55.5900630" lon="-2.5624060">
    <ele>97.1</ele>
    <time>2026-08-02T08:17:03Z</time>
   </trkpt>
   <trkpt lat="55.5900700" lon="-2.5623960">
    <ele>97.1</ele>
    <time>2026-08-02T08:17:04Z</time>
   </trkpt>
   <trkpt lat="55.5900770" lon="-2.5623890">
    <ele>97.1</ele>
    <time>2026-08-02T08:17:05Z</time>
   </trkpt>
   <trkpt lat="55.5900860" lon="-2.5623790">
    <ele>97.1</ele>
    <time>2026-08-02T08:17:06Z</time>
   </trkpt>
   <trkpt lat="55.5900920" lon="-2.5623660">
    <ele>97.1</ele>
    <time>2026-08-02T08:17:07Z</time>
   </trkpt>
   <trkpt lat="55.5901000" lon="-2.5623550">
    <ele>97.1</ele>
    <time>2026-08-02T08:17:08Z</time>
   </trkpt>
   <trkpt lat="55.5901070" lon="-2.5623440">
    <ele>97.1</ele>
    <time>2026-08-02T08:17:09Z</time>
   </trkpt>
   <trkpt lat="55.5901190" lon="-2.5623330">
    <ele>97.2</ele>
    <time>2026-08-02T08:17:10Z</time>
   </trkpt>
   <trkpt lat="55.5901260" lon="-2.5623230">
    <ele>97.2</ele>
    <time>2026-08-02T08:17:11Z</time>
   </trkpt>
   <trkpt lat="55.5901320" lon="-2.5623150">
    <ele>97.2</ele>
    <time>2026-08-02T08:17:12Z</time>
   </trkpt>
   <trkpt lat="55.5901400" lon="-2.5623040">
    <ele>97.2</ele>
    <time>2026-08-02T08:17:13Z</time>
   </trkpt>
   <trkpt lat="55.5901490" lon="-2.5622960">
    <ele>97.2</ele>
    <time>2026-08-02T08:17:14Z</time>
   </trkpt>
   <trkpt lat="55.5901550" lon="-2.5622880">
    <ele>97.2</ele>
    <time>2026-08-02T08:17:15Z</time>
   </trkpt>
   <trkpt lat="55.5901620" lon="-2.5622730">
    <ele>97.2</ele>
    <time>2026-08-02T08:17:16Z</time>
   </trkpt>
   <trkpt lat="55.5901680" lon="-2.5622590">
    <ele>97.2</ele>
    <time>2026-08-02T08:17:17Z</time>
   </trkpt>
   <trkpt lat="55.5901730" lon="-2.5622450">
    <ele>97.2</ele>
    <time>2026-08-02T08:17:18Z</time>
   </trkpt>
   <trkpt lat="55.5901780" lon="-2.5622340">
    <ele>97.2</ele>
    <time>2026-08-02T08:17:19Z</time>
   </trkpt>
   <trkpt lat="55.5901860" lon="-2.5622270">
    <ele>97.2</ele>
    <time>2026-08-02T08:17:20Z</time>
   </trkpt>
   <trkpt lat="55.5901970" lon="-2.5622150">
    <ele>97.2</ele>
    <time>2026-08-02T08:17:21Z</time>
   </trkpt>
   <trkpt lat="55.5902060" lon="-2.5622030">
    <ele>97.2</ele>
    <time>2026-08-02T08:17:22Z</time>
   </trkpt>
   <trkpt lat="55.5902120" lon="-2.5621920">
    <ele>97.2</ele>
    <time>2026-08-02T08:17:23Z</time>
   </trkpt>
   <trkpt lat="55.5902160" lon="-2.5621840">
    <ele>97.2</ele>
    <time>2026-08-02T08:17:24Z</time>
   </trkpt>
   <trkpt lat="55.5902240" lon="-2.5621750">
    <ele>97.2</ele>
    <time>2026-08-02T08:17:25Z</time>
   </trkpt>
   <trkpt lat="55.5902310" lon="-2.5621660">
    <ele>97.2</ele>
    <time>2026-08-02T08:17:26Z</time>
   </trkpt>
   <trkpt lat="55.5902410" lon="-2.5621500">
    <ele>97.3</ele>
    <time>2026-08-02T08:17:27Z</time>
   </trkpt>
   <trkpt lat="55.5902470" lon="-2.5621400">
    <ele>97.3</ele>
    <time>2026-08-02T08:17:28Z</time>
   </trkpt>
   <trkpt lat="55.5902510" lon="-2.5621300">
    <ele>97.3</ele>
    <time>2026-08-02T08:17:29Z</time>
   </trkpt>
   <trkpt lat="55.5902610" lon="-2.5621210">
    <ele>97.3</ele>
    <time>2026-08-02T08:17:30Z</time>
   </trkpt>
   <trkpt lat="55.5902720" lon="-2.5621080">
    <ele>97.3</ele>
    <time>2026-08-02T08:17:31Z</time>
   </trkpt>
   <trkpt lat="55.5902810" lon="-2.5620950">
    <ele>97.3</ele>
    <time>2026-08-02T08:17:32Z</time>
   </trkpt>
   <trkpt lat="55.5902850" lon="-2.5620910">
    <ele>97.3</ele>
    <time>2026-08-02T08:17:33Z</time>
   </trkpt>
   <trkpt lat="55.5902940" lon="-2.5620850">
    <ele>97.3</ele>
    <time>2026-08-02T08:17:34Z</time>
   </trkpt>
   <trkpt lat="55.5903050" lon="-2.5620800">
    <ele>97.3</ele>
    <time>2026-08-02T08:17:35Z</time>
   </trkpt>
   <trkpt lat="55.5903150" lon="-2.5620670">
    <ele>97.3</ele>
    <time>2026-08-02T08:17:36Z</time>
   </trkpt>
   <trkpt lat="55.5903200" lon="-2.5620580">
    <ele>97.3</ele>
    <time>2026-08-02T08:17:37Z</time>
   </trkpt>
   <trkpt lat="55.5903240" lon="-2.5620430">
    <ele>97.3</ele>
    <time>2026-08-02T08:17:38Z</time>
   </trkpt>
   <trkpt lat="55.5903330" lon="-2.5620290">
    <ele>97.4</ele>
    <time>2026-08-02T08:17:39Z</time>
   </trkpt>
   <trkpt lat="55.5903410" lon="-2.5620210">
    <ele>97.4</ele>
    <time>2026-08-02T08:17:40Z</time>
   </trkpt>
   <trkpt lat="55.5903490" lon="-2.5620110">
    <ele>97.4</ele>
    <time>2026-08-02T08:17:41Z</time>
   </trkpt>
   <trkpt lat="55.5903550" lon="-2.5620040">
    <ele>97.4</ele>
    <time>2026-08-02T08:17:42Z</time>
   </trkpt>
   <trkpt lat="55.5903630" lon="-2.5619940">
    <ele>97.4</ele>
    <time>2026-08-02T08:17:43Z</time>
   </trkpt>
   <trkpt lat="55.5903680" lon="-2.5619860">
    <ele>97.4</ele>
    <time>2026-08-02T08:17:44Z</time>
   </trkpt>
   <trkpt lat="55.5903740" lon="-2.5619790">
    <ele>97.4</ele>
    <time>2026-08-02T08:17:45Z</time>
   </trkpt>
   <trkpt lat="55.5903800" lon="-2.5619680">
    <ele>97.4</ele>
    <time>2026-08-02T08:17:46Z</time>
   </trkpt>
   <trkpt lat="55.5903880" lon="-2.5619560">
    <ele>97.4</ele>
    <time>2026-08-02T08:17:47Z</time>
   </trkpt>
   <trkpt lat="55.5903970" lon="-2.5619440">
    <ele>97.4</ele>
    <time>2026-08-02T08:17:48Z</time>
   </trkpt>
   <trkpt lat="55.5904040" lon="-2.5619330">
    <ele>97.4</ele>
    <time>2026-08-02T08:17:49Z</time>
   </trkpt>
   <trkpt lat="55.5904100" lon="-2.5619220">
    <ele>97.4</ele>
    <time>2026-08-02T08:17:50Z</time>
   </trkpt>
   <trkpt lat="55.5904170" lon="-2.5619120">
    <ele>97.4</ele>
    <time>2026-08-02T08:17:51Z</time>
   </trkpt>
   <trkpt lat="55.5904270" lon="-2.5619030">
    <ele>97.4</ele>
    <time>2026-08-02T08:17:52Z</time>
   </trkpt>
   <trkpt lat="55.5904330" lon="-2.5618940">
    <ele>97.4</ele>
    <time>2026-08-02T08:17:53Z</time>
   </trkpt>
   <trkpt lat="55.5904400" lon="-2.5618820">
    <ele>97.4</ele>
    <time>2026-08-02T08:17:54Z</time>
   </trkpt>
   <trkpt lat="55.5904510" lon="-2.5618700">
    <ele>97.4</ele>
    <time>2026-08-02T08:17:55Z</time>
   </trkpt>
   <trkpt lat="55.5904550" lon="-2.5618610">
    <ele>97.4</ele>
    <time>2026-08-02T08:17:56Z</time>
   </trkpt>
   <trkpt lat="55.5904640" lon="-2.5618530">
    <ele>97.4</ele>
    <time>2026-08-02T08:17:57Z</time>
   </trkpt>
   <trkpt lat="55.5904720" lon="-2.5618460">
    <ele>97.4</ele>
    <time>2026-08-02T08:17:58Z</time>
   </trkpt>
   <trkpt lat="55.5904790" lon="-2.5618380">
    <ele>97.4</ele>
    <time>2026-08-02T08:17:59Z</time>
   </trkpt>
   <trkpt lat="55.5904850" lon="-2.5618270">
    <ele>97.4</ele>
    <time>2026-08-02T08:18:00Z</time>
   </trkpt>
   <trkpt lat="55.5904910" lon="-2.5618130">
    <ele>97.4</ele>
    <time>2026-08-02T08:18:01Z</time>
   </trkpt>
   <trkpt lat="55.5904990" lon="-2.5618050">
    <ele>97.4</ele>
    <time>2026-08-02T08:18:02Z</time>
   </trkpt>
   <trkpt lat="55.5905080" lon="-2.5617960">
    <ele>97.4</ele>
    <time>2026-08-02T08:18:03Z</time>
   </trkpt>
   <trkpt lat="55.5905130" lon="-2.5617880">
    <ele>97.4</ele>
    <time>2026-08-02T08:18:04Z</time>
   </trkpt>
   <trkpt lat="55.5905200" lon="-2.5617770">
    <ele>97.4</ele>
    <time>2026-08-02T08:18:05Z</time>
   </trkpt>
   <trkpt lat="55.5905270" lon="-2.5617620">
    <ele>97.4</ele>
    <time>2026-08-02T08:18:06Z</time>
   </trkpt>
   <trkpt lat="55.5905370" lon="-2.5617570">
    <ele>97.4</ele>
    <time>2026-08-02T08:18:07Z</time>
   </trkpt>
   <trkpt lat="55.5905410" lon="-2.5617500">
    <ele>97.4</ele>
    <time>2026-08-02T08:18:08Z</time>
   </trkpt>
   <trkpt lat="55.5905460" lon="-2.5617390">
    <ele>97.4</ele>
    <time>2026-08-02T08:18:09Z</time>
   </trkpt>
   <trkpt lat="55.5905530" lon="-2.5617270">
    <ele>97.4</ele>
    <time>2026-08-02T08:18:10Z</time>
   </trkpt>
   <trkpt lat="55.5905590" lon="-2.5617170">
    <ele>97.4</ele>
    <time>2026-08-02T08:18:11Z</time>
   </trkpt>
   <trkpt lat="55.5905650" lon="-2.5617070">
    <ele>97.4</ele>
    <time>2026-08-02T08:18:12Z</time>
   </trkpt>
   <trkpt lat="55.5905710" lon="-2.5616980">
    <ele>97.4</ele>
    <time>2026-08-02T08:18:13Z</time>
   </trkpt>
   <trkpt lat="55.5905790" lon="-2.5616820">
    <ele>97.4</ele>
    <time>2026-08-02T08:18:14Z</time>
   </trkpt>
   <trkpt lat="55.5905850" lon="-2.5616730">
    <ele>97.3</ele>
    <time>2026-08-02T08:18:15Z</time>
   </trkpt>
   <trkpt lat="55.5905900" lon="-2.5616630">
    <ele>97.3</ele>
    <time>2026-08-02T08:18:16Z</time>
   </trkpt>
   <trkpt lat="55.5905990" lon="-2.5616480">
    <ele>97.3</ele>
    <time>2026-08-02T08:18:17Z</time>
   </trkpt>
   <trkpt lat="55.5906040" lon="-2.5616360">
    <ele>97.3</ele>
    <time>2026-08-02T08:18:18Z</time>
   </trkpt>
   <trkpt lat="55.5906040" lon="-2.5616270">
    <ele>97.3</ele>
    <time>2026-08-02T08:18:19Z</time>
   </trkpt>
   <trkpt lat="55.5906170" lon="-2.5616140">
    <ele>97.3</ele>
    <time>2026-08-02T08:18:20Z</time>
   </trkpt>
   <trkpt lat="55.5906230" lon="-2.5616010">
    <ele>97.3</ele>
    <time>2026-08-02T08:18:21Z</time>
   </trkpt>
   <trkpt lat="55.5906280" lon="-2.5615840">
    <ele>97.3</ele>
    <time>2026-08-02T08:18:22Z</time>
   </trkpt>
   <trkpt lat="55.5906300" lon="-2.5615760">
    <ele>97.3</ele>
    <time>2026-08-02T08:18:23Z</time>
   </trkpt>
   <trkpt lat="55.5906360" lon="-2.5615580">
    <ele>97.3</ele>
    <time>2026-08-02T08:18:24Z</time>
   </trkpt>
   <trkpt lat="55.5906410" lon="-2.5615530">
    <ele>97.3</ele>
    <time>2026-08-02T08:18:25Z</time>
   </trkpt>
   <trkpt lat="55.5906450" lon="-2.5615420">
    <ele>97.3</ele>
    <time>2026-08-02T08:18:26Z</time>
   </trkpt>
   <trkpt lat="55.5906490" lon="-2.5615360">
    <ele>97.3</ele>
    <time>2026-08-02T08:18:27Z</time>
   </trkpt>
   <trkpt lat="55.5906550" lon="-2.5615190">
    <ele>97.3</ele>
    <time>2026-08-02T08:18:28Z</time>
   </trkpt>
   <trkpt lat="55.5906620" lon="-2.5615030">
    <ele>97.3</ele>
    <time>2026-08-02T08:18:29Z</time>
   </trkpt>
   <trkpt lat="55.5906660" lon="-2.5614900">
    <ele>97.3</ele>
    <time>2026-08-02T08:18:30Z</time>
   </trkpt>
   <trkpt lat="55.5906690" lon="-2.5614680">
    <ele>97.3</ele>
    <time>2026-08-02T08:18:31Z</time>
   </trkpt>
   <trkpt lat="55.5906760" lon="-2.5614520">
    <ele>97.3</ele>
    <time>2026-08-02T08:18:32Z</time>
   </trkpt>
   <trkpt lat="55.5906810" lon="-2.5614360">
    <ele>97.3</ele>
    <time>2026-08-02T08:18:33Z</time>
   </trkpt>
   <trkpt lat="55.5906880" lon="-2.5614250">
    <ele>97.3</ele>
    <time>2026-08-02T08:18:34Z</time>
   </trkpt>
   <trkpt lat="55.5906930" lon="-2.5614150">
    <ele>97.3</ele>
    <time>2026-08-02T08:18:35Z</time>
   </trkpt>
   <trkpt lat="55.5906980" lon="-2.5614000">
    <ele>97.3</ele>
    <time>2026-08-02T08:18:36Z</time>
   </trkpt>
   <trkpt lat="55.5907010" lon="-2.5613910">
    <ele>97.3</ele>
    <time>2026-08-02T08:18:37Z</time>
   </trkpt>
   <trkpt lat="55.5907060" lon="-2.5613790">
    <ele>97.3</ele>
    <time>2026-08-02T08:18:38Z</time>
   </trkpt>
   <trkpt lat="55.5907110" lon="-2.5613650">
    <ele>97.3</ele>
    <time>2026-08-02T08:18:39Z</time>
   </trkpt>
   <trkpt lat="55.5907170" lon="-2.5613500">
    <ele>97.3</ele>
    <time>2026-08-02T08:18:40Z</time>
   </trkpt>
   <trkpt lat="55.5907220" lon="-2.5613380">
    <ele>97.3</ele>
    <time>2026-08-02T08:18:41Z</time>
   </trkpt>
   <trkpt lat="55.5907310" lon="-2.5613240">
    <ele>97.3</ele>
    <time>2026-08-02T08:18:42Z</time>
   </trkpt>
   <trkpt lat="55.5907400" lon="-2.5613130">
    <ele>97.3</ele>
    <time>2026-08-02T08:18:43Z</time>
   </trkpt>
   <trkpt lat="55.5907490" lon="-2.5613000">
    <ele>97.3</ele>
    <time>2026-08-02T08:18:44Z</time>
   </trkpt>
   <trkpt lat="55.5907530" lon="-2.5612920">
    <ele>97.3</ele>
    <time>2026-08-02T08:18:45Z</time>
   </trkpt>
   <trkpt lat="55.5907620" lon="-2.5612760">
    <ele>97.3</ele>
    <time>2026-08-02T08:18:46Z</time>
   </trkpt>
   <trkpt lat="55.5907610" lon="-2.5612630">
    <ele>97.3</ele>
    <time>2026-08-02T08:18:47Z</time>
   </trkpt>
   <trkpt lat="55.5907680" lon="-2.5612470">
    <ele>97.3</ele>
    <time>2026-08-02T08:18:48Z</time>
   </trkpt>
   <trkpt lat="55.5907780" lon="-2.5612350">
    <ele>97.3</ele>
    <time>2026-08-02T08:18:49Z</time>
   </trkpt>
   <trkpt lat="55.5907810" lon="-2.5612200">
    <ele>97.3</ele>
    <time>2026-08-02T08:18:50Z</time>
   </trkpt>
   <trkpt lat="55.5907820" lon="-2.5612090">
    <ele>97.3</ele>
    <time>2026-08-02T08:18:51Z</time>
   </trkpt>
   <trkpt lat="55.5907840" lon="-2.5611960">
    <ele>97.3</ele>
    <time>2026-08-02T08:18:52Z</time>
   </trkpt>
   <trkpt lat="55.5907920" lon="-2.5611770">
    <ele>97.3</ele>
    <time>2026-08-02T08:18:53Z</time>
   </trkpt>
   <trkpt lat="55.5907950" lon="-2.5611660">
    <ele>97.3</ele>
    <time>2026-08-02T08:18:54Z</time>
   </trkpt>
   <trkpt lat="55.5907980" lon="-2.5611540">
    <ele>97.3</ele>
    <time>2026-08-02T08:18:55Z</time>
   </trkpt>
   <trkpt lat="55.5908020" lon="-2.5611410">
    <ele>97.3</ele>
    <time>2026-08-02T08:18:56Z</time>
   </trkpt>
   <trkpt lat="55.5908070" lon="-2.5611280">
    <ele>97.4</ele>
    <time>2026-08-02T08:18:57Z</time>
   </trkpt>
   <trkpt lat="55.5908120" lon="-2.5611140">
    <ele>97.4</ele>
    <time>2026-08-02T08:18:58Z</time>
   </trkpt>
   <trkpt lat="55.5908200" lon="-2.5610990">
    <ele>97.4</ele>
    <time>2026-08-02T08:18:59Z</time>
   </trkpt>
   <trkpt lat="55.5908260" lon="-2.5610860">
    <ele>97.4</ele>
    <time>2026-08-02T08:19:00Z</time>
   </trkpt>
   <trkpt lat="55.5908270" lon="-2.5610700">
    <ele>97.4</ele>
    <time>2026-08-02T08:19:01Z</time>
   </trkpt>
   <trkpt lat="55.5908320" lon="-2.5610590">
    <ele>97.4</ele>
    <time>2026-08-02T08:19:02Z</time>
   </trkpt>
   <trkpt lat="55.5908350" lon="-2.5610460">
    <ele>97.4</ele>
    <time>2026-08-02T08:19:03Z</time>
   </trkpt>
   <trkpt lat="55.5908360" lon="-2.5610400">
    <ele>97.4</ele>
    <time>2026-08-02T08:19:04Z</time>
   </trkpt>
   <trkpt lat="55.5908410" lon="-2.5610270">
    <ele>97.5</ele>
    <time>2026-08-02T08:19:05Z</time>
   </trkpt>
   <trkpt lat="55.5908450" lon="-2.5610150">
    <ele>97.5</ele>
    <time>2026-08-02T08:19:06Z</time>
   </trkpt>
   <trkpt lat="55.5908490" lon="-2.5610040">
    <ele>97.5</ele>
    <time>2026-08-02T08:19:07Z</time>
   </trkpt>
   <trkpt lat="55.5908520" lon="-2.5609900">
    <ele>97.5</ele>
    <time>2026-08-02T08:19:08Z</time>
   </trkpt>
   <trkpt lat="55.5908580" lon="-2.5609820">
    <ele>97.5</ele>
    <time>2026-08-02T08:19:09Z</time>
   </trkpt>
   <trkpt lat="55.5908670" lon="-2.5609630">
    <ele>97.5</ele>
    <time>2026-08-02T08:19:10Z</time>
   </trkpt>
   <trkpt lat="55.5908720" lon="-2.5609510">
    <ele>97.6</ele>
    <time>2026-08-02T08:19:11Z</time>
   </trkpt>
   <trkpt lat="55.5908790" lon="-2.5609390">
    <ele>97.6</ele>
    <time>2026-08-02T08:19:12Z</time>
   </trkpt>
   <trkpt lat="55.5908840" lon="-2.5609290">
    <ele>97.6</ele>
    <time>2026-08-02T08:19:13Z</time>
   </trkpt>
   <trkpt lat="55.5908890" lon="-2.5609140">
    <ele>97.6</ele>
    <time>2026-08-02T08:19:14Z</time>
   </trkpt>
   <trkpt lat="55.5908950" lon="-2.5608960">
    <ele>97.7</ele>
    <time>2026-08-02T08:19:15Z</time>
   </trkpt>
   <trkpt lat="55.5908990" lon="-2.5608850">
    <ele>97.7</ele>
    <time>2026-08-02T08:19:16Z</time>
   </trkpt>
   <trkpt lat="55.5909050" lon="-2.5608690">
    <ele>97.7</ele>
    <time>2026-08-02T08:19:17Z</time>
   </trkpt>
   <trkpt lat="55.5909080" lon="-2.5608570">
    <ele>97.7</ele>
    <time>2026-08-02T08:19:18Z</time>
   </trkpt>
   <trkpt lat="55.5909140" lon="-2.5608380">
    <ele>97.8</ele>
    <time>2026-08-02T08:19:19Z</time>
   </trkpt>
   <trkpt lat="55.5909200" lon="-2.5608230">
    <ele>97.8</ele>
    <time>2026-08-02T08:19:20Z</time>
   </trkpt>
   <trkpt lat="55.5909260" lon="-2.5608110">
    <ele>97.8</ele>
    <time>2026-08-02T08:19:21Z</time>
   </trkpt>
   <trkpt lat="55.5909320" lon="-2.5607980">
    <ele>97.9</ele>
    <time>2026-08-02T08:19:22Z</time>
   </trkpt>
   <trkpt lat="55.5909370" lon="-2.5607820">
    <ele>97.9</ele>
    <time>2026-08-02T08:19:23Z</time>
   </trkpt>
   <trkpt lat="55.5909420" lon="-2.5607660">
    <ele>97.9</ele>
    <time>2026-08-02T08:19:24Z</time>
   </trkpt>
   <trkpt lat="55.5909450" lon="-2.5607520">
    <ele>98.0</ele>
    <time>2026-08-02T08:19:25Z</time>
   </trkpt>
   <trkpt lat="55.5909470" lon="-2.5607440">
    <ele>98.0</ele>
    <time>2026-08-02T08:19:26Z</time>
   </trkpt>
   <trkpt lat="55.5909560" lon="-2.5607260">
    <ele>98.0</ele>
    <time>2026-08-02T08:19:27Z</time>
   </trkpt>
   <trkpt lat="55.5909550" lon="-2.5607130">
    <ele>98.1</ele>
    <time>2026-08-02T08:19:28Z</time>
   </trkpt>
   <trkpt lat="55.5909570" lon="-2.5607080">
    <ele>98.1</ele>
    <time>2026-08-02T08:19:29Z</time>
   </trkpt>
   <trkpt lat="55.5909700" lon="-2.5606940">
    <ele>98.2</ele>
    <time>2026-08-02T08:19:30Z</time>
   </trkpt>
   <trkpt lat="55.5909760" lon="-2.5606810">
    <ele>98.2</ele>
    <time>2026-08-02T08:19:31Z</time>
   </trkpt>
   <trkpt lat="55.5909800" lon="-2.5606730">
    <ele>98.2</ele>
    <time>2026-08-02T08:19:32Z</time>
   </trkpt>
   <trkpt lat="55.5909850" lon="-2.5606650">
    <ele>98.3</ele>
    <time>2026-08-02T08:19:33Z</time>
   </trkpt>
   <trkpt lat="55.5909940" lon="-2.5606490">
    <ele>98.3</ele>
    <time>2026-08-02T08:19:34Z</time>
   </trkpt>
   <trkpt lat="55.5909980" lon="-2.5606370">
    <ele>98.4</ele>
    <time>2026-08-02T08:19:35Z</time>
   </trkpt>
   <trkpt lat="55.5910030" lon="-2.5606210">
    <ele>98.4</ele>
    <time>2026-08-02T08:19:36Z</time>
   </trkpt>
   <trkpt lat="55.5910050" lon="-2.5606150">
    <ele>98.5</ele>
    <time>2026-08-02T08:19:37Z</time>
   </trkpt>
   <trkpt lat="55.5910030" lon="-2.5606090">
    <ele>98.5</ele>
    <time>2026-08-02T08:19:38Z</time>
   </trkpt>
   <trkpt lat="55.5910040" lon="-2.5606090">
    <ele>98.5</ele>
    <time>2026-08-02T08:19:39Z</time>
   </trkpt>
   <trkpt lat="55.5910090" lon="-2.5606140">
    <ele>98.5</ele>
    <time>2026-08-02T08:19:40Z</time>
   </trkpt>
   <trkpt lat="55.5910110" lon="-2.5606060">
    <ele>98.5</ele>
    <time>2026-08-02T08:19:41Z</time>
   </trkpt>
   <trkpt lat="55.5910190" lon="-2.5605970">
    <ele>98.6</ele>
    <time>2026-08-02T08:19:42Z</time>
   </trkpt>
   <trkpt lat="55.5910220" lon="-2.5605870">
    <ele>98.6</ele>
    <time>2026-08-02T08:19:43Z</time>
   </trkpt>
   <trkpt lat="55.5910290" lon="-2.5605820">
    <ele>98.7</ele>
    <time>2026-08-02T08:19:44Z</time>
   </trkpt>
   <trkpt lat="55.5910340" lon="-2.5605650">
    <ele>98.8</ele>
    <time>2026-08-02T08:19:45Z</time>
   </trkpt>
   <trkpt lat="55.5910380" lon="-2.5605540">
    <ele>98.8</ele>
    <time>2026-08-02T08:19:46Z</time>
   </trkpt>
   <trkpt lat="55.5910400" lon="-2.5605430">
    <ele>98.8</ele>
    <time>2026-08-02T08:19:47Z</time>
   </trkpt>
   <trkpt lat="55.5910430" lon="-2.5605310">
    <ele>98.9</ele>
    <time>2026-08-02T08:19:48Z</time>
   </trkpt>
   <trkpt lat="55.5910440" lon="-2.5605180">
    <ele>98.9</ele>
    <time>2026-08-02T08:19:49Z</time>
   </trkpt>
   <trkpt lat="55.5910500" lon="-2.5605080">
    <ele>99.0</ele>
    <time>2026-08-02T08:19:50Z</time>
   </trkpt>
   <trkpt lat="55.5910560" lon="-2.5604980">
    <ele>99.1</ele>
    <time>2026-08-02T08:19:51Z</time>
   </trkpt>
   <trkpt lat="55.5910620" lon="-2.5604840">
    <ele>99.1</ele>
    <time>2026-08-02T08:19:52Z</time>
   </trkpt>
   <trkpt lat="55.5910650" lon="-2.5604710">
    <ele>99.2</ele>
    <time>2026-08-02T08:19:53Z</time>
   </trkpt>
   <trkpt lat="55.5910700" lon="-2.5604510">
    <ele>99.3</ele>
    <time>2026-08-02T08:19:54Z</time>
   </trkpt>
   <trkpt lat="55.5910710" lon="-2.5604330">
    <ele>99.3</ele>
    <time>2026-08-02T08:19:55Z</time>
   </trkpt>
   <trkpt lat="55.5910760" lon="-2.5604230">
    <ele>99.4</ele>
    <time>2026-08-02T08:19:56Z</time>
   </trkpt>
   <trkpt lat="55.5910800" lon="-2.5604170">
    <ele>99.4</ele>
    <time>2026-08-02T08:19:57Z</time>
   </trkpt>
   <trkpt lat="55.5910840" lon="-2.5604170">
    <ele>99.5</ele>
    <time>2026-08-02T08:19:58Z</time>
   </trkpt>
   <trkpt lat="55.5910860" lon="-2.5604010">
    <ele>99.5</ele>
    <time>2026-08-02T08:19:59Z</time>
   </trkpt>
   <trkpt lat="55.5910960" lon="-2.5603820">
    <ele>99.6</ele>
    <time>2026-08-02T08:20:00Z</time>
   </trkpt>
   <trkpt lat="55.5910960" lon="-2.5603710">
    <ele>99.7</ele>
    <time>2026-08-02T08:20:01Z</time>
   </trkpt>
   <trkpt lat="55.5911020" lon="-2.5603530">
    <ele>99.8</ele>
    <time>2026-08-02T08:20:02Z</time>
   </trkpt>
   <trkpt lat="55.5911110" lon="-2.5603390">
    <ele>99.9</ele>
    <time>2026-08-02T08:20:03Z</time>
   </trkpt>
   <trkpt lat="55.5911160" lon="-2.5603200">
    <ele>100.0</ele>
    <time>2026-08-02T08:20:04Z</time>
   </trkpt>
   <trkpt lat="55.5911240" lon="-2.5603100">
    <ele>100.0</ele>
    <time>2026-08-02T08:20:05Z</time>
   </trkpt>
   <trkpt lat="55.5911300" lon="-2.5603020">
    <ele>100.1</ele>
    <time>2026-08-02T08:20:06Z</time>
   </trkpt>
   <trkpt lat="55.5911370" lon="-2.5602920">
    <ele>100.2</ele>
    <time>2026-08-02T08:20:07Z</time>
   </trkpt>
   <trkpt lat="55.5911390" lon="-2.5602790">
    <ele>100.2</ele>
    <time>2026-08-02T08:20:08Z</time>
   </trkpt>
   <trkpt lat="55.5911400" lon="-2.5602660">
    <ele>100.3</ele>
    <time>2026-08-02T08:20:09Z</time>
   </trkpt>
   <trkpt lat="55.5911440" lon="-2.5602520">
    <ele>100.4</ele>
    <time>2026-08-02T08:20:10Z</time>
   </trkpt>
   <trkpt lat="55.5911580" lon="-2.5602360">
    <ele>100.5</ele>
    <time>2026-08-02T08:20:11Z</time>
   </trkpt>
   <trkpt lat="55.5911610" lon="-2.5602240">
    <ele>100.6</ele>
    <time>2026-08-02T08:20:12Z</time>
   </trkpt>
   <trkpt lat="55.5911660" lon="-2.5602120">
    <ele>100.7</ele>
    <time>2026-08-02T08:20:13Z</time>
   </trkpt>
   <trkpt lat="55.5911680" lon="-2.5602040">
    <ele>100.7</ele>
    <time>2026-08-02T08:20:14Z</time>
   </trkpt>
   <trkpt lat="55.5911730" lon="-2.5601930">
    <ele>100.8</ele>
    <time>2026-08-02T08:20:15Z</time>
   </trkpt>
   <trkpt lat="55.5911790" lon="-2.5601780">
    <ele>100.9</ele>
    <time>2026-08-02T08:20:16Z</time>
   </trkpt>
   <trkpt lat="55.5911850" lon="-2.5601660">
    <ele>101.0</ele>
    <time>2026-08-02T08:20:17Z</time>
   </trkpt>
   <trkpt lat="55.5911920" lon="-2.5601510">
    <ele>101.1</ele>
    <time>2026-08-02T08:20:18Z</time>
   </trkpt>
   <trkpt lat="55.5911940" lon="-2.5601350">
    <ele>101.2</ele>
    <time>2026-08-02T08:20:19Z</time>
   </trkpt>
   <trkpt lat="55.5911960" lon="-2.5601270">
    <ele>101.2</ele>
    <time>2026-08-02T08:20:20Z</time>
   </trkpt>
   <trkpt lat="55.5911980" lon="-2.5601190">
    <ele>101.3</ele>
    <time>2026-08-02T08:20:21Z</time>
   </trkpt>
   <trkpt lat="55.5912110" lon="-2.5601000">
    <ele>101.4</ele>
    <time>2026-08-02T08:20:22Z</time>
   </trkpt>
   <trkpt lat="55.5912150" lon="-2.5600910">
    <ele>101.5</ele>
    <time>2026-08-02T08:20:23Z</time>
   </trkpt>
   <trkpt lat="55.5912230" lon="-2.5600800">
    <ele>101.6</ele>
    <time>2026-08-02T08:20:24Z</time>
   </trkpt>
   <trkpt lat="55.5912240" lon="-2.5600660">
    <ele>101.7</ele>
    <time>2026-08-02T08:20:25Z</time>
   </trkpt>
   <trkpt lat="55.5912290" lon="-2.5600510">
    <ele>101.8</ele>
    <time>2026-08-02T08:20:26Z</time>
   </trkpt>
   <trkpt lat="55.5912320" lon="-2.5600410">
    <ele>101.8</ele>
    <time>2026-08-02T08:20:27Z</time>
   </trkpt>
   <trkpt lat="55.5912360" lon="-2.5600290">
    <ele>101.9</ele>
    <time>2026-08-02T08:20:28Z</time>
   </trkpt>
   <trkpt lat="55.5912430" lon="-2.5600180">
    <ele>102.0</ele>
    <time>2026-08-02T08:20:29Z</time>
   </trkpt>
   <trkpt lat="55.5912510" lon="-2.5599980">
    <ele>102.1</ele>
    <time>2026-08-02T08:20:30Z</time>
   </trkpt>
   <trkpt lat="55.5912560" lon="-2.5599850">
    <ele>102.2</ele>
    <time>2026-08-02T08:20:31Z</time>
   </trkpt>
   <trkpt lat="55.5912660" lon="-2.5599730">
    <ele>102.3</ele>
    <time>2026-08-02T08:20:32Z</time>
   </trkpt>
   <trkpt lat="55.5912660" lon="-2.5599560">
    <ele>102.4</ele>
    <time>2026-08-02T08:20:33Z</time>
   </trkpt>
   <trkpt lat="55.5912720" lon="-2.5599420">
    <ele>102.5</ele>
    <time>2026-08-02T08:20:34Z</time>
   </trkpt>
   <trkpt lat="55.5912760" lon="-2.5599300">
    <ele>102.6</ele>
    <time>2026-08-02T08:20:35Z</time>
   </trkpt>
   <trkpt lat="55.5912780" lon="-2.5599200">
    <ele>102.7</ele>
    <time>2026-08-02T08:20:36Z</time>
   </trkpt>
   <trkpt lat="55.5912840" lon="-2.5599090">
    <ele>102.8</ele>
    <time>2026-08-02T08:20:37Z</time>
   </trkpt>
   <trkpt lat="55.5912890" lon="-2.5598920">
    <ele>102.9</ele>
    <time>2026-08-02T08:20:38Z</time>
   </trkpt>
   <trkpt lat="55.5912940" lon="-2.5598760">
    <ele>103.0</ele>
    <time>2026-08-02T08:20:39Z</time>
   </trkpt>
   <trkpt lat="55.5912990" lon="-2.5598620">
    <ele>103.1</ele>
    <time>2026-08-02T08:20:40Z</time>
   </trkpt>
   <trkpt lat="55.5912980" lon="-2.5598510">
    <ele>103.1</ele>
    <time>2026-08-02T08:20:41Z</time>
   </trkpt>
   <trkpt lat="55.5913030" lon="-2.5598430">
    <ele>103.2</ele>
    <time>2026-08-02T08:20:42Z</time>
   </trkpt>
   <trkpt lat="55.5913090" lon="-2.5598290">
    <ele>103.3</ele>
    <time>2026-08-02T08:20:43Z</time>
   </trkpt>
   <trkpt lat="55.5913170" lon="-2.5598120">
    <ele>103.4</ele>
    <time>2026-08-02T08:20:44Z</time>
   </trkpt>
   <trkpt lat="55.5913210" lon="-2.5598030">
    <ele>103.4</ele>
    <time>2026-08-02T08:20:45Z</time>
   </trkpt>
   <trkpt lat="55.5913250" lon="-2.5597860">
    <ele>103.5</ele>
    <time>2026-08-02T08:20:46Z</time>
   </trkpt>
   <trkpt lat="55.5913310" lon="-2.5597720">
    <ele>103.6</ele>
    <time>2026-08-02T08:20:47Z</time>
   </trkpt>
   <trkpt lat="55.5913370" lon="-2.5597590">
    <ele>103.7</ele>
    <time>2026-08-02T08:20:48Z</time>
   </trkpt>
   <trkpt lat="55.5913460" lon="-2.5597480">
    <ele>103.8</ele>
    <time>2026-08-02T08:20:49Z</time>
   </trkpt>
   <trkpt lat="55.5913510" lon="-2.5597350">
    <ele>103.9</ele>
    <time>2026-08-02T08:20:50Z</time>
   </trkpt>
   <trkpt lat="55.5913560" lon="-2.5597190">
    <ele>104.0</ele>
    <time>2026-08-02T08:20:51Z</time>
   </trkpt>
   <trkpt lat="55.5913570" lon="-2.5596970">
    <ele>104.1</ele>
    <time>2026-08-02T08:20:52Z</time>
   </trkpt>
   <trkpt lat="55.5913670" lon="-2.5596900">
    <ele>104.2</ele>
    <time>2026-08-02T08:20:53Z</time>
   </trkpt>
   <trkpt lat="55.5913740" lon="-2.5596760">
    <ele>104.3</ele>
    <time>2026-08-02T08:20:54Z</time>
   </trkpt>
   <trkpt lat="55.5913750" lon="-2.5596730">
    <ele>104.3</ele>
    <time>2026-08-02T08:20:55Z</time>
   </trkpt>
   <trkpt lat="55.5913780" lon="-2.5596490">
    <ele>104.4</ele>
    <time>2026-08-02T08:20:56Z</time>
   </trkpt>
   <trkpt lat="55.5913840" lon="-2.5596280">
    <ele>104.5</ele>
    <time>2026-08-02T08:20:57Z</time>
   </trkpt>
   <trkpt lat="55.5913890" lon="-2.5596150">
    <ele>104.6</ele>
    <time>2026-08-02T08:20:58Z</time>
   </trkpt>
   <trkpt lat="55.5913940" lon="-2.5596030">
    <ele>104.7</ele>
    <time>2026-08-02T08:20:59Z</time>
   </trkpt>
   <trkpt lat="55.5913950" lon="-2.5595920">
    <ele>104.7</ele>
    <time>2026-08-02T08:21:00Z</time>
   </trkpt>
   <trkpt lat="55.5914010" lon="-2.5595810">
    <ele>104.8</ele>
    <time>2026-08-02T08:21:01Z</time>
   </trkpt>
   <trkpt lat="55.5914100" lon="-2.5595610">
    <ele>104.9</ele>
    <time>2026-08-02T08:21:02Z</time>
   </trkpt>
   <trkpt lat="55.5914180" lon="-2.5595430">
    <ele>105.0</ele>
    <time>2026-08-02T08:21:03Z</time>
   </trkpt>
   <trkpt lat="55.5914220" lon="-2.5595350">
    <ele>105.1</ele>
    <time>2026-08-02T08:21:04Z</time>
   </trkpt>
   <trkpt lat="55.5914240" lon="-2.5595220">
    <ele>105.2</ele>
    <time>2026-08-02T08:21:05Z</time>
   </trkpt>
   <trkpt lat="55.5914320" lon="-2.5595100">
    <ele>105.2</ele>
    <time>2026-08-02T08:21:06Z</time>
   </trkpt>
   <trkpt lat="55.5914380" lon="-2.5594970">
    <ele>105.3</ele>
    <time>2026-08-02T08:21:07Z</time>
   </trkpt>
   <trkpt lat="55.5914400" lon="-2.5594820">
    <ele>105.4</ele>
    <time>2026-08-02T08:21:08Z</time>
   </trkpt>
   <trkpt lat="55.5914450" lon="-2.5594660">
    <ele>105.5</ele>
    <time>2026-08-02T08:21:09Z</time>
   </trkpt>
   <trkpt lat="55.5914540" lon="-2.5594550">
    <ele>105.6</ele>
    <time>2026-08-02T08:21:10Z</time>
   </trkpt>
   <trkpt lat="55.5914590" lon="-2.5594410">
    <ele>105.7</ele>
    <time>2026-08-02T08:21:11Z</time>
   </trkpt>
   <trkpt lat="55.5914620" lon="-2.5594310">
    <ele>105.7</ele>
    <time>2026-08-02T08:21:12Z</time>
   </trkpt>
   <trkpt lat="55.5914640" lon="-2.5594300">
    <ele>105.7</ele>
    <time>2026-08-02T08:21:13Z</time>
   </trkpt>
   <trkpt lat="55.5914620" lon="-2.5594350">
    <ele>105.8</ele>
    <time>2026-08-02T08:21:14Z</time>
   </trkpt>
   <trkpt lat="55.5914620" lon="-2.5594360">
    <ele>105.8</ele>
    <time>2026-08-02T08:21:15Z</time>
   </trkpt>
   <trkpt lat="55.5914620" lon="-2.5594360">
    <ele>105.8</ele>
    <time>2026-08-02T08:21:16Z</time>
   </trkpt>
   <trkpt lat="55.5914650" lon="-2.5594240">
    <ele>105.8</ele>
    <time>2026-08-02T08:21:17Z</time>
   </trkpt>
   <trkpt lat="55.5914660" lon="-2.5594210">
    <ele>105.8</ele>
    <time>2026-08-02T08:21:18Z</time>
   </trkpt>
   <trkpt lat="55.5914730" lon="-2.5593940">
    <ele>106.0</ele>
    <time>2026-08-02T08:21:19Z</time>
   </trkpt>
   <trkpt lat="55.5914790" lon="-2.5593760">
    <ele>106.1</ele>
    <time>2026-08-02T08:21:20Z</time>
   </trkpt>
   <trkpt lat="55.5914840" lon="-2.5593640">
    <ele>106.2</ele>
    <time>2026-08-02T08:21:21Z</time>
   </trkpt>
   <trkpt lat="55.5914880" lon="-2.5593630">
    <ele>106.2</ele>
    <time>2026-08-02T08:21:22Z</time>
   </trkpt>
   <trkpt lat="55.5914770" lon="-2.5593710">
    <ele>106.3</ele>
    <time>2026-08-02T08:21:23Z</time>
   </trkpt>
   <trkpt lat="55.5914820" lon="-2.5593880">
    <ele>106.4</ele>
    <time>2026-08-02T08:21:24Z</time>
   </trkpt>
   <trkpt lat="55.5914850" lon="-2.5593970">
    <ele>106.5</ele>
    <time>2026-08-02T08:21:25Z</time>
   </trkpt>
   <trkpt lat="55.5914850" lon="-2.5593970">
    <ele>106.5</ele>
    <time>2026-08-02T08:21:26Z</time>
   </trkpt>
   <trkpt lat="55.5914880" lon="-2.5593850">
    <ele>106.5</ele>
    <time>2026-08-02T08:21:27Z</time>
   </trkpt>
   <trkpt lat="55.5914890" lon="-2.5593680">
    <ele>106.6</ele>
    <time>2026-08-02T08:21:28Z</time>
   </trkpt>
   <trkpt lat="55.5914910" lon="-2.5593480">
    <ele>106.7</ele>
    <time>2026-08-02T08:21:29Z</time>
   </trkpt>
   <trkpt lat="55.5915010" lon="-2.5593380">
    <ele>106.8</ele>
    <time>2026-08-02T08:21:30Z</time>
   </trkpt>
   <trkpt lat="55.5915040" lon="-2.5593240">
    <ele>106.9</ele>
    <time>2026-08-02T08:21:31Z</time>
   </trkpt>
   <trkpt lat="55.5915060" lon="-2.5593130">
    <ele>107.0</ele>
    <time>2026-08-02T08:21:32Z</time>
   </trkpt>
   <trkpt lat="55.5915080" lon="-2.5592980">
    <ele>107.0</ele>
    <time>2026-08-02T08:21:33Z</time>
   </trkpt>
   <trkpt lat="55.5915110" lon="-2.5592860">
    <ele>107.1</ele>
    <time>2026-08-02T08:21:34Z</time>
   </trkpt>
   <trkpt lat="55.5915130" lon="-2.5592750">
    <ele>107.2</ele>
    <time>2026-08-02T08:21:35Z</time>
   </trkpt>
   <trkpt lat="55.5915170" lon="-2.5592640">
    <ele>107.2</ele>
    <time>2026-08-02T08:21:36Z</time>
   </trkpt>
   <trkpt lat="55.5915200" lon="-2.5592500">
    <ele>107.3</ele>
    <time>2026-08-02T08:21:37Z</time>
   </trkpt>
   <trkpt lat="55.5915240" lon="-2.5592350">
    <ele>107.4</ele>
    <time>2026-08-02T08:21:38Z</time>
   </trkpt>
   <trkpt lat="55.5915360" lon="-2.5592190">
    <ele>107.5</ele>
    <time>2026-08-02T08:21:39Z</time>
   </trkpt>
   <trkpt lat="55.5915430" lon="-2.5592040">
    <ele>107.6</ele>
    <time>2026-08-02T08:21:40Z</time>
   </trkpt>
   <trkpt lat="55.5915510" lon="-2.5591920">
    <ele>107.7</ele>
    <time>2026-08-02T08:21:41Z</time>
   </trkpt>
   <trkpt lat="55.5915500" lon="-2.5591830">
    <ele>107.7</ele>
    <time>2026-08-02T08:21:42Z</time>
   </trkpt>
   <trkpt lat="55.5915570" lon="-2.5591610">
    <ele>107.9</ele>
    <time>2026-08-02T08:21:43Z</time>
   </trkpt>
   <trkpt lat="55.5915640" lon="-2.5591510">
    <ele>107.9</ele>
    <time>2026-08-02T08:21:44Z</time>
   </trkpt>
   <trkpt lat="55.5915720" lon="-2.5591340">
    <ele>108.1</ele>
    <time>2026-08-02T08:21:45Z</time>
   </trkpt>
   <trkpt lat="55.5915710" lon="-2.5591310">
    <ele>108.1</ele>
    <time>2026-08-02T08:21:46Z</time>
   </trkpt>
   <trkpt lat="55.5915770" lon="-2.5591160">
    <ele>108.2</ele>
    <time>2026-08-02T08:21:47Z</time>
   </trkpt>
   <trkpt lat="55.5915820" lon="-2.5590990">
    <ele>108.3</ele>
    <time>2026-08-02T08:21:48Z</time>
   </trkpt>
   <trkpt lat="55.5915920" lon="-2.5590850">
    <ele>108.4</ele>
    <time>2026-08-02T08:21:49Z</time>
   </trkpt>
   <trkpt lat="55.5915970" lon="-2.5590680">
    <ele>108.5</ele>
    <time>2026-08-02T08:21:50Z</time>
   </trkpt>
   <trkpt lat="55.5916020" lon="-2.5590530">
    <ele>108.5</ele>
    <time>2026-08-02T08:21:51Z</time>
   </trkpt>
   <trkpt lat="55.5916060" lon="-2.5590370">
    <ele>108.6</ele>
    <time>2026-08-02T08:21:52Z</time>
   </trkpt>
   <trkpt lat="55.5916120" lon="-2.5590230">
    <ele>108.7</ele>
    <time>2026-08-02T08:21:53Z</time>
   </trkpt>
   <trkpt lat="55.5916120" lon="-2.5590130">
    <ele>108.8</ele>
    <time>2026-08-02T08:21:54Z</time>
   </trkpt>
   <trkpt lat="55.5916170" lon="-2.5589970">
    <ele>108.9</ele>
    <time>2026-08-02T08:21:55Z</time>
   </trkpt>
   <trkpt lat="55.5916250" lon="-2.5589920">
    <ele>108.9</ele>
    <time>2026-08-02T08:21:56Z</time>
   </trkpt>
   <trkpt lat="55.5916300" lon="-2.5589780">
    <ele>109.0</ele>
    <time>2026-08-02T08:21:57Z</time>
   </trkpt>
   <trkpt lat="55.5916350" lon="-2.5589680">
    <ele>109.1</ele>
    <time>2026-08-02T08:21:58Z</time>
   </trkpt>
   <trkpt lat="55.5916360" lon="-2.5589580">
    <ele>109.1</ele>
    <time>2026-08-02T08:21:59Z</time>
   </trkpt>
   <trkpt lat="55.5916420" lon="-2.5589480">
    <ele>109.2</ele>
    <time>2026-08-02T08:22:00Z</time>
   </trkpt>
   <trkpt lat="55.5916460" lon="-2.5589390">
    <ele>109.2</ele>
    <time>2026-08-02T08:22:01Z</time>
   </trkpt>
   <trkpt lat="55.5916430" lon="-2.5589410">
    <ele>109.3</ele>
    <time>2026-08-02T08:22:02Z</time>
   </trkpt>
   <trkpt lat="55.5916420" lon="-2.5589420">
    <ele>109.3</ele>
    <time>2026-08-02T08:22:03Z</time>
   </trkpt>
   <trkpt lat="55.5916460" lon="-2.5589400">
    <ele>109.3</ele>
    <time>2026-08-02T08:22:04Z</time>
   </trkpt>
   <trkpt lat="55.5916470" lon="-2.5589300">
    <ele>109.4</ele>
    <time>2026-08-02T08:22:05Z</time>
   </trkpt>
   <trkpt lat="55.5916550" lon="-2.5589120">
    <ele>109.5</ele>
    <time>2026-08-02T08:22:06Z</time>
   </trkpt>
   <trkpt lat="55.5916580" lon="-2.5588990">
    <ele>109.5</ele>
    <time>2026-08-02T08:22:07Z</time>
   </trkpt>
   <trkpt lat="55.5916640" lon="-2.5588840">
    <ele>109.6</ele>
    <time>2026-08-02T08:22:08Z</time>
   </trkpt>
   <trkpt lat="55.5916670" lon="-2.5588720">
    <ele>109.7</ele>
    <time>2026-08-02T08:22:09Z</time>
   </trkpt>
   <trkpt lat="55.5916750" lon="-2.5588600">
    <ele>109.7</ele>
    <time>2026-08-02T08:22:10Z</time>
   </trkpt>
   <trkpt lat="55.5916820" lon="-2.5588480">
    <ele>109.8</ele>
    <time>2026-08-02T08:22:11Z</time>
   </trkpt>
   <trkpt lat="55.5916850" lon="-2.5588370">
    <ele>109.9</ele>
    <time>2026-08-02T08:22:12Z</time>
   </trkpt>
   <trkpt lat="55.5916880" lon="-2.5588280">
    <ele>109.9</ele>
    <time>2026-08-02T08:22:13Z</time>
   </trkpt>
   <trkpt lat="55.5916940" lon="-2.5588170">
    <ele>110.0</ele>
    <time>2026-08-02T08:22:14Z</time>
   </trkpt>
   <trkpt lat="55.5917010" lon="-2.5588100">
    <ele>110.1</ele>
    <time>2026-08-02T08:22:15Z</time>
   </trkpt>
   <trkpt lat="55.5917050" lon="-2.5587920">
    <ele>110.1</ele>
    <time>2026-08-02T08:22:16Z</time>
   </trkpt>
   <trkpt lat="55.5917130" lon="-2.5587740">
    <ele>110.2</ele>
    <time>2026-08-02T08:22:17Z</time>
   </trkpt>
   <trkpt lat="55.5917190" lon="-2.5587600">
    <ele>110.3</ele>
    <time>2026-08-02T08:22:18Z</time>
   </trkpt>
   <trkpt lat="55.5917270" lon="-2.5587370">
    <ele>110.4</ele>
    <time>2026-08-02T08:22:19Z</time>
   </trkpt>
   <trkpt lat="55.5917290" lon="-2.5587280">
    <ele>110.5</ele>
    <time>2026-08-02T08:22:20Z</time>
   </trkpt>
   <trkpt lat="55.5917320" lon="-2.5587080">
    <ele>110.6</ele>
    <time>2026-08-02T08:22:21Z</time>
   </trkpt>
   <trkpt lat="55.5917410" lon="-2.5586940">
    <ele>110.7</ele>
    <time>2026-08-02T08:22:22Z</time>
   </trkpt>
   <trkpt lat="55.5917440" lon="-2.5586820">
    <ele>110.7</ele>
    <time>2026-08-02T08:22:23Z</time>
   </trkpt>
   <trkpt lat="55.5917550" lon="-2.5586720">
    <ele>110.8</ele>
    <time>2026-08-02T08:22:24Z</time>
   </trkpt>
   <trkpt lat="55.5917560" lon="-2.5586550">
    <ele>110.9</ele>
    <time>2026-08-02T08:22:25Z</time>
   </trkpt>
   <trkpt lat="55.5917560" lon="-2.5586380">
    <ele>111.0</ele>
    <time>2026-08-02T08:22:26Z</time>
   </trkpt>
   <trkpt lat="55.5917580" lon="-2.5586220">
    <ele>111.1</ele>
    <time>2026-08-02T08:22:27Z</time>
   </trkpt>
   <trkpt lat="55.5917590" lon="-2.5586070">
    <ele>111.1</ele>
    <time>2026-08-02T08:22:28Z</time>
   </trkpt>
   <trkpt lat="55.5917620" lon="-2.5585900">
    <ele>111.2</ele>
    <time>2026-08-02T08:22:29Z</time>
   </trkpt>
   <trkpt lat="55.5917600" lon="-2.5585860">
    <ele>111.2</ele>
    <time>2026-08-02T08:22:30Z</time>
   </trkpt>
   <trkpt lat="55.5917600" lon="-2.5585800">
    <ele>111.3</ele>
    <time>2026-08-02T08:22:31Z</time>
   </trkpt>
   <trkpt lat="55.5917610" lon="-2.5585760">
    <ele>111.3</ele>
    <time>2026-08-02T08:22:32Z</time>
   </trkpt>
   <trkpt lat="55.5917610" lon="-2.5585600">
    <ele>111.3</ele>
    <time>2026-08-02T08:22:33Z</time>
   </trkpt>
   <trkpt lat="55.5917650" lon="-2.5585550">
    <ele>111.4</ele>
    <time>2026-08-02T08:22:34Z</time>
   </trkpt>
   <trkpt lat="55.5917650" lon="-2.5585370">
    <ele>111.5</ele>
    <time>2026-08-02T08:22:35Z</time>
   </trkpt>
   <trkpt lat="55.5917660" lon="-2.5585270">
    <ele>111.5</ele>
    <time>2026-08-02T08:22:36Z</time>
   </trkpt>
   <trkpt lat="55.5917640" lon="-2.5585170">
    <ele>111.6</ele>
    <time>2026-08-02T08:22:37Z</time>
   </trkpt>
   <trkpt lat="55.5917640" lon="-2.5585050">
    <ele>111.6</ele>
    <time>2026-08-02T08:22:38Z</time>
   </trkpt>
   <trkpt lat="55.5917580" lon="-2.5584920">
    <ele>111.7</ele>
    <time>2026-08-02T08:22:39Z</time>
   </trkpt>
   <trkpt lat="55.5917540" lon="-2.5584870">
    <ele>111.7</ele>
    <time>2026-08-02T08:22:40Z</time>
   </trkpt>
   <trkpt lat="55.5917520" lon="-2.5584800">
    <ele>111.7</ele>
    <time>2026-08-02T08:22:41Z</time>
   </trkpt>
   <trkpt lat="55.5917500" lon="-2.5584670">
    <ele>111.8</ele>
    <time>2026-08-02T08:22:42Z</time>
   </trkpt>
   <trkpt lat="55.5917530" lon="-2.5584630">
    <ele>111.8</ele>
    <time>2026-08-02T08:22:43Z</time>
   </trkpt>
   <trkpt lat="55.5917460" lon="-2.5584400">
    <ele>111.9</ele>
    <time>2026-08-02T08:22:44Z</time>
   </trkpt>
   <trkpt lat="55.5917460" lon="-2.5584340">
    <ele>111.9</ele>
    <time>2026-08-02T08:22:45Z</time>
   </trkpt>
   <trkpt lat="55.5917390" lon="-2.5584170">
    <ele>112.0</ele>
    <time>2026-08-02T08:22:46Z</time>
   </trkpt>
   <trkpt lat="55.5917330" lon="-2.5584080">
    <ele>112.1</ele>
    <time>2026-08-02T08:22:47Z</time>
   </trkpt>
   <trkpt lat="55.5917280" lon="-2.5584080">
    <ele>112.1</ele>
    <time>2026-08-02T08:22:48Z</time>
   </trkpt>
   <trkpt lat="55.5917240" lon="-2.5583970">
    <ele>112.2</ele>
    <time>2026-08-02T08:22:49Z</time>
   </trkpt>
   <trkpt lat="55.5917270" lon="-2.5584020">
    <ele>112.2</ele>
    <time>2026-08-02T08:22:50Z</time>
   </trkpt>
   <trkpt lat="55.5917270" lon="-2.5584020">
    <ele>112.2</ele>
    <time>2026-08-02T08:22:51Z</time>
   </trkpt>
   <trkpt lat="55.5917270" lon="-2.5584020">
    <ele>112.2</ele>
    <time>2026-08-02T08:22:52Z</time>
   </trkpt>
   <trkpt lat="55.5917270" lon="-2.5584020">
    <ele>112.2</ele>
    <time>2026-08-02T08:22:53Z</time>
   </trkpt>
   <trkpt lat="55.5917270" lon="-2.5584020">
    <ele>112.2</ele>
    <time>2026-08-02T08:22:54Z</time>
   </trkpt>
   <trkpt lat="55.5917290" lon="-2.5583980">
    <ele>112.2</ele>
    <time>2026-08-02T08:22:55Z</time>
   </trkpt>
   <trkpt lat="55.5917250" lon="-2.5583920">
    <ele>112.3</ele>
    <time>2026-08-02T08:22:56Z</time>
   </trkpt>
   <trkpt lat="55.5917140" lon="-2.5583810">
    <ele>112.3</ele>
    <time>2026-08-02T08:22:57Z</time>
   </trkpt>
   <trkpt lat="55.5917090" lon="-2.5583630">
    <ele>112.4</ele>
    <time>2026-08-02T08:22:58Z</time>
   </trkpt>
   <trkpt lat="55.5917030" lon="-2.5583510">
    <ele>112.5</ele>
    <time>2026-08-02T08:22:59Z</time>
   </trkpt>
   <trkpt lat="55.5916940" lon="-2.5583510">
    <ele>112.5</ele>
    <time>2026-08-02T08:23:00Z</time>
   </trkpt>
   <trkpt lat="55.5916830" lon="-2.5583290">
    <ele>112.5</ele>
    <time>2026-08-02T08:23:01Z</time>
   </trkpt>
   <trkpt lat="55.5916790" lon="-2.5583110">
    <ele>112.5</ele>
    <time>2026-08-02T08:23:02Z</time>
   </trkpt>
   <trkpt lat="55.5916690" lon="-2.5582940">
    <ele>112.6</ele>
    <time>2026-08-02T08:23:03Z</time>
   </trkpt>
   <trkpt lat="55.5916690" lon="-2.5582890">
    <ele>112.6</ele>
    <time>2026-08-02T08:23:04Z</time>
   </trkpt>
   <trkpt lat="55.5916640" lon="-2.5582740">
    <ele>112.6</ele>
    <time>2026-08-02T08:23:05Z</time>
   </trkpt>
   <trkpt lat="55.5916600" lon="-2.5582640">
    <ele>112.6</ele>
    <time>2026-08-02T08:23:06Z</time>
   </trkpt>
   <trkpt lat="55.5916530" lon="-2.5582480">
    <ele>112.6</ele>
    <time>2026-08-02T08:23:07Z</time>
   </trkpt>
   <trkpt lat="55.5916430" lon="-2.5582290">
    <ele>112.6</ele>
    <time>2026-08-02T08:23:08Z</time>
   </trkpt>
   <trkpt lat="55.5916380" lon="-2.5582260">
    <ele>112.6</ele>
    <time>2026-08-02T08:23:09Z</time>
   </trkpt>
   <trkpt lat="55.5916320" lon="-2.5582190">
    <ele>112.6</ele>
    <time>2026-08-02T08:23:10Z</time>
   </trkpt>
   <trkpt lat="55.5916250" lon="-2.5582110">
    <ele>112.6</ele>
    <time>2026-08-02T08:23:11Z</time>
   </trkpt>
   <trkpt lat="55.5916160" lon="-2.5581990">
    <ele>112.6</ele>
    <time>2026-08-02T08:23:12Z</time>
   </trkpt>
   <trkpt lat="55.5916120" lon="-2.5581870">
    <ele>112.7</ele>
    <time>2026-08-02T08:23:13Z</time>
   </trkpt>
   <trkpt lat="55.5916050" lon="-2.5581710">
    <ele>112.7</ele>
    <time>2026-08-02T08:23:14Z</time>
   </trkpt>
   <trkpt lat="55.5916030" lon="-2.5581520">
    <ele>112.7</ele>
    <time>2026-08-02T08:23:15Z</time>
   </trkpt>
   <trkpt lat="55.5916010" lon="-2.5581470">
    <ele>112.7</ele>
    <time>2026-08-02T08:23:16Z</time>
   </trkpt>
   <trkpt lat="55.5915880" lon="-2.5581280">
    <ele>112.7</ele>
    <time>2026-08-02T08:23:17Z</time>
   </trkpt>
   <trkpt lat="55.5915770" lon="-2.5581090">
    <ele>112.7</ele>
    <time>2026-08-02T08:23:18Z</time>
   </trkpt>
   <trkpt lat="55.5915670" lon="-2.5581010">
    <ele>112.7</ele>
    <time>2026-08-02T08:23:19Z</time>
   </trkpt>
   <trkpt lat="55.5915640" lon="-2.5580860">
    <ele>112.7</ele>
    <time>2026-08-02T08:23:20Z</time>
   </trkpt>
   <trkpt lat="55.5915620" lon="-2.5580750">
    <ele>112.7</ele>
    <time>2026-08-02T08:23:21Z</time>
   </trkpt>
   <trkpt lat="55.5915580" lon="-2.5580650">
    <ele>112.7</ele>
    <time>2026-08-02T08:23:22Z</time>
   </trkpt>
   <trkpt lat="55.5915480" lon="-2.5580450">
    <ele>112.7</ele>
    <time>2026-08-02T08:23:23Z</time>
   </trkpt>
   <trkpt lat="55.5915370" lon="-2.5580320">
    <ele>112.7</ele>
    <time>2026-08-02T08:23:24Z</time>
   </trkpt>
   <trkpt lat="55.5915310" lon="-2.5580150">
    <ele>112.7</ele>
    <time>2026-08-02T08:23:25Z</time>
   </trkpt>
   <trkpt lat="55.5915240" lon="-2.5579990">
    <ele>112.7</ele>
    <time>2026-08-02T08:23:26Z</time>
   </trkpt>
   <trkpt lat="55.5915180" lon="-2.5579870">
    <ele>112.7</ele>
    <time>2026-08-02T08:23:27Z</time>
   </trkpt>
   <trkpt lat="55.5915140" lon="-2.5579740">
    <ele>112.7</ele>
    <time>2026-08-02T08:23:28Z</time>
   </trkpt>
   <trkpt lat="55.5915010" lon="-2.5579630">
    <ele>112.7</ele>
    <time>2026-08-02T08:23:29Z</time>
   </trkpt>
   <trkpt lat="55.5914910" lon="-2.5579500">
    <ele>112.7</ele>
    <time>2026-08-02T08:23:30Z</time>
   </trkpt>
   <trkpt lat="55.5914860" lon="-2.5579420">
    <ele>112.7</ele>
    <time>2026-08-02T08:23:31Z</time>
   </trkpt>
   <trkpt lat="55.5914850" lon="-2.5579370">
    <ele>112.7</ele>
    <time>2026-08-02T08:23:32Z</time>
   </trkpt>
   <trkpt lat="55.5914740" lon="-2.5579230">
    <ele>112.7</ele>
    <time>2026-08-02T08:23:33Z</time>
   </trkpt>
   <trkpt lat="55.5914670" lon="-2.5579070">
    <ele>112.7</ele>
    <time>2026-08-02T08:23:34Z</time>
   </trkpt>
   <trkpt lat="55.5914620" lon="-2.5578930">
    <ele>112.7</ele>
    <time>2026-08-02T08:23:35Z</time>
   </trkpt>
   <trkpt lat="55.5914540" lon="-2.5578780">
    <ele>112.6</ele>
    <time>2026-08-02T08:23:36Z</time>
   </trkpt>
   <trkpt lat="55.5914460" lon="-2.5578680">
    <ele>112.6</ele>
    <time>2026-08-02T08:23:37Z</time>
   </trkpt>
   <trkpt lat="55.5914420" lon="-2.5578590">
    <ele>112.6</ele>
    <time>2026-08-02T08:23:38Z</time>
   </trkpt>
   <trkpt lat="55.5914380" lon="-2.5578470">
    <ele>112.6</ele>
    <time>2026-08-02T08:23:39Z</time>
   </trkpt>
   <trkpt lat="55.5914280" lon="-2.5578240">
    <ele>112.6</ele>
    <time>2026-08-02T08:23:40Z</time>
   </trkpt>
   <trkpt lat="55.5914180" lon="-2.5578080">
    <ele>112.5</ele>
    <time>2026-08-02T08:23:41Z</time>
   </trkpt>
   <trkpt lat="55.5914090" lon="-2.5577890">
    <ele>112.5</ele>
    <time>2026-08-02T08:23:42Z</time>
   </trkpt>
   <trkpt lat="55.5913980" lon="-2.5577660">
    <ele>112.5</ele>
    <time>2026-08-02T08:23:43Z</time>
   </trkpt>
   <trkpt lat="55.5913820" lon="-2.5577460">
    <ele>112.4</ele>
    <time>2026-08-02T08:23:44Z</time>
   </trkpt>
   <trkpt lat="55.5913860" lon="-2.5577430">
    <ele>112.4</ele>
    <time>2026-08-02T08:23:45Z</time>
   </trkpt>
   <trkpt lat="55.5913800" lon="-2.5577260">
    <ele>112.4</ele>
    <time>2026-08-02T08:23:46Z</time>
   </trkpt>
   <trkpt lat="55.5913730" lon="-2.5577190">
    <ele>112.4</ele>
    <time>2026-08-02T08:23:47Z</time>
   </trkpt>
   <trkpt lat="55.5913650" lon="-2.5577050">
    <ele>112.3</ele>
    <time>2026-08-02T08:23:48Z</time>
   </trkpt>
   <trkpt lat="55.5913630" lon="-2.5576950">
    <ele>112.3</ele>
    <time>2026-08-02T08:23:49Z</time>
   </trkpt>
   <trkpt lat="55.5913590" lon="-2.5576830">
    <ele>112.3</ele>
    <time>2026-08-02T08:23:50Z</time>
   </trkpt>
   <trkpt lat="55.5913490" lon="-2.5576700">
    <ele>112.3</ele>
    <time>2026-08-02T08:23:51Z</time>
   </trkpt>
   <trkpt lat="55.5913420" lon="-2.5576580">
    <ele>112.2</ele>
    <time>2026-08-02T08:23:52Z</time>
   </trkpt>
   <trkpt lat="55.5913330" lon="-2.5576420">
    <ele>112.2</ele>
    <time>2026-08-02T08:23:53Z</time>
   </trkpt>
   <trkpt lat="55.5913340" lon="-2.5576280">
    <ele>112.2</ele>
    <time>2026-08-02T08:23:54Z</time>
   </trkpt>
   <trkpt lat="55.5913280" lon="-2.5576100">
    <ele>112.1</ele>
    <time>2026-08-02T08:23:55Z</time>
   </trkpt>
   <trkpt lat="55.5913210" lon="-2.5575950">
    <ele>112.1</ele>
    <time>2026-08-02T08:23:56Z</time>
   </trkpt>
   <trkpt lat="55.5913100" lon="-2.5575770">
    <ele>112.0</ele>
    <time>2026-08-02T08:23:57Z</time>
   </trkpt>
   <trkpt lat="55.5913060" lon="-2.5575610">
    <ele>112.0</ele>
    <time>2026-08-02T08:23:58Z</time>
   </trkpt>
   <trkpt lat="55.5913010" lon="-2.5575500">
    <ele>112.0</ele>
    <time>2026-08-02T08:23:59Z</time>
   </trkpt>
   <trkpt lat="55.5912900" lon="-2.5575440">
    <ele>111.9</ele>
    <time>2026-08-02T08:24:00Z</time>
   </trkpt>
   <trkpt lat="55.5912850" lon="-2.5575320">
    <ele>111.9</ele>
    <time>2026-08-02T08:24:01Z</time>
   </trkpt>
   <trkpt lat="55.5912740" lon="-2.5575160">
    <ele>111.9</ele>
    <time>2026-08-02T08:24:02Z</time>
   </trkpt>
   <trkpt lat="55.5912690" lon="-2.5575020">
    <ele>111.8</ele>
    <time>2026-08-02T08:24:03Z</time>
   </trkpt>
   <trkpt lat="55.5912630" lon="-2.5574850">
    <ele>111.8</ele>
    <time>2026-08-02T08:24:04Z</time>
   </trkpt>
   <trkpt lat="55.5912580" lon="-2.5574700">
    <ele>111.7</ele>
    <time>2026-08-02T08:24:05Z</time>
   </trkpt>
   <trkpt lat="55.5912500" lon="-2.5574570">
    <ele>111.7</ele>
    <time>2026-08-02T08:24:06Z</time>
   </trkpt>
   <trkpt lat="55.5912430" lon="-2.5574440">
    <ele>111.7</ele>
    <time>2026-08-02T08:24:07Z</time>
   </trkpt>
   <trkpt lat="55.5912360" lon="-2.5574340">
    <ele>111.6</ele>
    <time>2026-08-02T08:24:08Z</time>
   </trkpt>
   <trkpt lat="55.5912310" lon="-2.5574170">
    <ele>111.6</ele>
    <time>2026-08-02T08:24:09Z</time>
   </trkpt>
   <trkpt lat="55.5912220" lon="-2.5574070">
    <ele>111.5</ele>
    <time>2026-08-02T08:24:10Z</time>
   </trkpt>
   <trkpt lat="55.5912140" lon="-2.5573930">
    <ele>111.5</ele>
    <time>2026-08-02T08:24:11Z</time>
   </trkpt>
   <trkpt lat="55.5912080" lon="-2.5573790">
    <ele>111.4</ele>
    <time>2026-08-02T08:24:12Z</time>
   </trkpt>
   <trkpt lat="55.5912010" lon="-2.5573600">
    <ele>111.4</ele>
    <time>2026-08-02T08:24:13Z</time>
   </trkpt>
   <trkpt lat="55.5911920" lon="-2.5573450">
    <ele>111.3</ele>
    <time>2026-08-02T08:24:14Z</time>
   </trkpt>
   <trkpt lat="55.5911840" lon="-2.5573300">
    <ele>111.3</ele>
    <time>2026-08-02T08:24:15Z</time>
   </trkpt>
   <trkpt lat="55.5911810" lon="-2.5573210">
    <ele>111.3</ele>
    <time>2026-08-02T08:24:16Z</time>
   </trkpt>
   <trkpt lat="55.5911790" lon="-2.5573100">
    <ele>111.2</ele>
    <time>2026-08-02T08:24:18Z</time>
   </trkpt>
   <trkpt lat="55.5911690" lon="-2.5573020">
    <ele>111.2</ele>
    <time>2026-08-02T08:24:19Z</time>
   </trkpt>
   <trkpt lat="55.5911590" lon="-2.5572910">
    <ele>111.1</ele>
    <time>2026-08-02T08:24:20Z</time>
   </trkpt>
   <trkpt lat="55.5911550" lon="-2.5572900">
    <ele>111.1</ele>
    <time>2026-08-02T08:24:21Z</time>
   </trkpt>
   <trkpt lat="55.5911420" lon="-2.5572770">
    <ele>111.0</ele>
    <time>2026-08-02T08:24:22Z</time>
   </trkpt>
   <trkpt lat="55.5911360" lon="-2.5572620">
    <ele>111.0</ele>
    <time>2026-08-02T08:24:23Z</time>
   </trkpt>
   <trkpt lat="55.5911290" lon="-2.5572520">
    <ele>111.0</ele>
    <time>2026-08-02T08:24:24Z</time>
   </trkpt>
   <trkpt lat="55.5911270" lon="-2.5572380">
    <ele>110.9</ele>
    <time>2026-08-02T08:24:25Z</time>
   </trkpt>
   <trkpt lat="55.5911210" lon="-2.5572250">
    <ele>110.9</ele>
    <time>2026-08-02T08:24:26Z</time>
   </trkpt>
   <trkpt lat="55.5911110" lon="-2.5572040">
    <ele>110.8</ele>
    <time>2026-08-02T08:24:27Z</time>
   </trkpt>
   <trkpt lat="55.5911050" lon="-2.5571940">
    <ele>110.8</ele>
    <time>2026-08-02T08:24:28Z</time>
   </trkpt>
   <trkpt lat="55.5911000" lon="-2.5571810">
    <ele>110.7</ele>
    <time>2026-08-02T08:24:29Z</time>
   </trkpt>
   <trkpt lat="55.5910930" lon="-2.5571720">
    <ele>110.7</ele>
    <time>2026-08-02T08:24:30Z</time>
   </trkpt>
   <trkpt lat="55.5910870" lon="-2.5571680">
    <ele>110.6</ele>
    <time>2026-08-02T08:24:31Z</time>
   </trkpt>
   <trkpt lat="55.5910870" lon="-2.5571680">
    <ele>110.6</ele>
    <time>2026-08-02T08:24:32Z</time>
   </trkpt>
   <trkpt lat="55.5910860" lon="-2.5571690">
    <ele>110.6</ele>
    <time>2026-08-02T08:24:33Z</time>
   </trkpt>
   <trkpt lat="55.5910860" lon="-2.5571690">
    <ele>110.6</ele>
    <time>2026-08-02T08:24:34Z</time>
   </trkpt>
   <trkpt lat="55.5910840" lon="-2.5571630">
    <ele>110.6</ele>
    <time>2026-08-02T08:24:35Z</time>
   </trkpt>
   <trkpt lat="55.5910800" lon="-2.5571560">
    <ele>110.6</ele>
    <time>2026-08-02T08:24:36Z</time>
   </trkpt>
   <trkpt lat="55.5910720" lon="-2.5571470">
    <ele>110.6</ele>
    <time>2026-08-02T08:24:37Z</time>
   </trkpt>
   <trkpt lat="55.5910670" lon="-2.5571320">
    <ele>110.5</ele>
    <time>2026-08-02T08:24:38Z</time>
   </trkpt>
   <trkpt lat="55.5910610" lon="-2.5571140">
    <ele>110.5</ele>
    <time>2026-08-02T08:24:39Z</time>
   </trkpt>
   <trkpt lat="55.5910530" lon="-2.5571030">
    <ele>110.4</ele>
    <time>2026-08-02T08:24:40Z</time>
   </trkpt>
   <trkpt lat="55.5910470" lon="-2.5570890">
    <ele>110.4</ele>
    <time>2026-08-02T08:24:41Z</time>
   </trkpt>
   <trkpt lat="55.5910410" lon="-2.5570750">
    <ele>110.3</ele>
    <time>2026-08-02T08:24:42Z</time>
   </trkpt>
   <trkpt lat="55.5910360" lon="-2.5570610">
    <ele>110.3</ele>
    <time>2026-08-02T08:24:43Z</time>
   </trkpt>
   <trkpt lat="55.5910310" lon="-2.5570500">
    <ele>110.2</ele>
    <time>2026-08-02T08:24:44Z</time>
   </trkpt>
   <trkpt lat="55.5910250" lon="-2.5570360">
    <ele>110.2</ele>
    <time>2026-08-02T08:24:45Z</time>
   </trkpt>
   <trkpt lat="55.5910170" lon="-2.5570160">
    <ele>110.1</ele>
    <time>2026-08-02T08:24:46Z</time>
   </trkpt>
   <trkpt lat="55.5910150" lon="-2.5570050">
    <ele>110.1</ele>
    <time>2026-08-02T08:24:47Z</time>
   </trkpt>
   <trkpt lat="55.5910040" lon="-2.5569850">
    <ele>110.0</ele>
    <time>2026-08-02T08:24:48Z</time>
   </trkpt>
   <trkpt lat="55.5909990" lon="-2.5569690">
    <ele>110.0</ele>
    <time>2026-08-02T08:24:49Z</time>
   </trkpt>
   <trkpt lat="55.5909910" lon="-2.5569590">
    <ele>109.9</ele>
    <time>2026-08-02T08:24:50Z</time>
   </trkpt>
   <trkpt lat="55.5909850" lon="-2.5569490">
    <ele>109.9</ele>
    <time>2026-08-02T08:24:51Z</time>
   </trkpt>
   <trkpt lat="55.5909770" lon="-2.5569340">
    <ele>109.9</ele>
    <time>2026-08-02T08:24:52Z</time>
   </trkpt>
   <trkpt lat="55.5909720" lon="-2.5569230">
    <ele>109.8</ele>
    <time>2026-08-02T08:24:53Z</time>
   </trkpt>
   <trkpt lat="55.5909640" lon="-2.5569090">
    <ele>109.8</ele>
    <time>2026-08-02T08:24:54Z</time>
   </trkpt>
   <trkpt lat="55.5909580" lon="-2.5568910">
    <ele>109.7</ele>
    <time>2026-08-02T08:24:55Z</time>
   </trkpt>
   <trkpt lat="55.5909510" lon="-2.5568790">
    <ele>109.7</ele>
    <time>2026-08-02T08:24:56Z</time>
   </trkpt>
   <trkpt lat="55.5909430" lon="-2.5568670">
    <ele>109.6</ele>
    <time>2026-08-02T08:24:57Z</time>
   </trkpt>
   <trkpt lat="55.5909360" lon="-2.5568480">
    <ele>109.6</ele>
    <time>2026-08-02T08:24:58Z</time>
   </trkpt>
   <trkpt lat="55.5909290" lon="-2.5568300">
    <ele>109.5</ele>
    <time>2026-08-02T08:24:59Z</time>
   </trkpt>
   <trkpt lat="55.5909220" lon="-2.5568190">
    <ele>109.5</ele>
    <time>2026-08-02T08:25:00Z</time>
   </trkpt>
   <trkpt lat="55.5909190" lon="-2.5568160">
    <ele>109.5</ele>
    <time>2026-08-02T08:25:01Z</time>
   </trkpt>
   <trkpt lat="55.5909150" lon="-2.5568040">
    <ele>109.5</ele>
    <time>2026-08-02T08:25:02Z</time>
   </trkpt>
   <trkpt lat="55.5909010" lon="-2.5567870">
    <ele>109.5</ele>
    <time>2026-08-02T08:25:03Z</time>
   </trkpt>
   <trkpt lat="55.5908930" lon="-2.5567730">
    <ele>109.5</ele>
    <time>2026-08-02T08:25:04Z</time>
   </trkpt>
   <trkpt lat="55.5908900" lon="-2.5567600">
    <ele>109.5</ele>
    <time>2026-08-02T08:25:05Z</time>
   </trkpt>
   <trkpt lat="55.5908810" lon="-2.5567440">
    <ele>109.4</ele>
    <time>2026-08-02T08:25:06Z</time>
   </trkpt>
   <trkpt lat="55.5908760" lon="-2.5567370">
    <ele>109.4</ele>
    <time>2026-08-02T08:25:07Z</time>
   </trkpt>
   <trkpt lat="55.5908620" lon="-2.5567090">
    <ele>109.4</ele>
    <time>2026-08-02T08:25:08Z</time>
   </trkpt>
   <trkpt lat="55.5908540" lon="-2.5566970">
    <ele>109.4</ele>
    <time>2026-08-02T08:25:09Z</time>
   </trkpt>
   <trkpt lat="55.5908470" lon="-2.5566830">
    <ele>109.3</ele>
    <time>2026-08-02T08:25:10Z</time>
   </trkpt>
   <trkpt lat="55.5908380" lon="-2.5566650">
    <ele>109.3</ele>
    <time>2026-08-02T08:25:11Z</time>
   </trkpt>
   <trkpt lat="55.5908270" lon="-2.5566500">
    <ele>109.3</ele>
    <time>2026-08-02T08:25:12Z</time>
   </trkpt>
   <trkpt lat="55.5908200" lon="-2.5566390">
    <ele>109.3</ele>
    <time>2026-08-02T08:25:13Z</time>
   </trkpt>
   <trkpt lat="55.5908200" lon="-2.5566360">
    <ele>109.3</ele>
    <time>2026-08-02T08:25:14Z</time>
   </trkpt>
   <trkpt lat="55.5908150" lon="-2.5566280">
    <ele>109.3</ele>
    <time>2026-08-02T08:25:15Z</time>
   </trkpt>
   <trkpt lat="55.5908070" lon="-2.5566140">
    <ele>109.3</ele>
    <time>2026-08-02T08:25:16Z</time>
   </trkpt>
   <trkpt lat="55.5907990" lon="-2.5565990">
    <ele>109.2</ele>
    <time>2026-08-02T08:25:17Z</time>
   </trkpt>
   <trkpt lat="55.5907900" lon="-2.5565830">
    <ele>109.2</ele>
    <time>2026-08-02T08:25:18Z</time>
   </trkpt>
   <trkpt lat="55.5907810" lon="-2.5565670">
    <ele>109.2</ele>
    <time>2026-08-02T08:25:19Z</time>
   </trkpt>
   <trkpt lat="55.5907740" lon="-2.5565550">
    <ele>109.2</ele>
    <time>2026-08-02T08:25:20Z</time>
   </trkpt>
   <trkpt lat="55.5907700" lon="-2.5565390">
    <ele>109.2</ele>
    <time>2026-08-02T08:25:21Z</time>
   </trkpt>
   <trkpt lat="55.5907660" lon="-2.5565260">
    <ele>109.1</ele>
    <time>2026-08-02T08:25:22Z</time>
   </trkpt>
   <trkpt lat="55.5907600" lon="-2.5565100">
    <ele>109.1</ele>
    <time>2026-08-02T08:25:23Z</time>
   </trkpt>
   <trkpt lat="55.5907530" lon="-2.5564930">
    <ele>109.1</ele>
    <time>2026-08-02T08:25:24Z</time>
   </trkpt>
   <trkpt lat="55.5907480" lon="-2.5564870">
    <ele>109.1</ele>
    <time>2026-08-02T08:25:25Z</time>
   </trkpt>
   <trkpt lat="55.5907400" lon="-2.5564820">
    <ele>109.1</ele>
    <time>2026-08-02T08:25:26Z</time>
   </trkpt>
   <trkpt lat="55.5907310" lon="-2.5564680">
    <ele>109.0</ele>
    <time>2026-08-02T08:25:27Z</time>
   </trkpt>
   <trkpt lat="55.5907240" lon="-2.5564530">
    <ele>109.0</ele>
    <time>2026-08-02T08:25:28Z</time>
   </trkpt>
   <trkpt lat="55.5907190" lon="-2.5564350">
    <ele>109.0</ele>
    <time>2026-08-02T08:25:29Z</time>
   </trkpt>
   <trkpt lat="55.5907140" lon="-2.5564260">
    <ele>109.0</ele>
    <time>2026-08-02T08:25:30Z</time>
   </trkpt>
   <trkpt lat="55.5907110" lon="-2.5564070">
    <ele>109.0</ele>
    <time>2026-08-02T08:25:31Z</time>
   </trkpt>
   <trkpt lat="55.5907030" lon="-2.5563900">
    <ele>109.0</ele>
    <time>2026-08-02T08:25:32Z</time>
   </trkpt>
   <trkpt lat="55.5906950" lon="-2.5563730">
    <ele>108.9</ele>
    <time>2026-08-02T08:25:33Z</time>
   </trkpt>
   <trkpt lat="55.5906890" lon="-2.5563550">
    <ele>108.9</ele>
    <time>2026-08-02T08:25:34Z</time>
   </trkpt>
   <trkpt lat="55.5906820" lon="-2.5563490">
    <ele>108.9</ele>
    <time>2026-08-02T08:25:35Z</time>
   </trkpt>
   <trkpt lat="55.5906760" lon="-2.5563340">
    <ele>108.9</ele>
    <time>2026-08-02T08:25:36Z</time>
   </trkpt>
   <trkpt lat="55.5906660" lon="-2.5563120">
    <ele>108.8</ele>
    <time>2026-08-02T08:25:37Z</time>
   </trkpt>
   <trkpt lat="55.5906560" lon="-2.5562970">
    <ele>108.8</ele>
    <time>2026-08-02T08:25:38Z</time>
   </trkpt>
   <trkpt lat="55.5906480" lon="-2.5562840">
    <ele>108.8</ele>
    <time>2026-08-02T08:25:39Z</time>
   </trkpt>
   <trkpt lat="55.5906450" lon="-2.5562750">
    <ele>108.8</ele>
    <time>2026-08-02T08:25:40Z</time>
   </trkpt>
   <trkpt lat="55.5906390" lon="-2.5562640">
    <ele>108.8</ele>
    <time>2026-08-02T08:25:41Z</time>
   </trkpt>
   <trkpt lat="55.5906360" lon="-2.5562460">
    <ele>108.8</ele>
    <time>2026-08-02T08:25:42Z</time>
   </trkpt>
   <trkpt lat="55.5906300" lon="-2.5562380">
    <ele>108.7</ele>
    <time>2026-08-02T08:25:43Z</time>
   </trkpt>
   <trkpt lat="55.5906220" lon="-2.5562270">
    <ele>108.7</ele>
    <time>2026-08-02T08:25:44Z</time>
   </trkpt>
   <trkpt lat="55.5906190" lon="-2.5562110">
    <ele>108.7</ele>
    <time>2026-08-02T08:25:45Z</time>
   </trkpt>
   <trkpt lat="55.5906080" lon="-2.5562010">
    <ele>108.7</ele>
    <time>2026-08-02T08:25:46Z</time>
   </trkpt>
   <trkpt lat="55.5906050" lon="-2.5561910">
    <ele>108.7</ele>
    <time>2026-08-02T08:25:47Z</time>
   </trkpt>
   <trkpt lat="55.5905980" lon="-2.5561780">
    <ele>108.7</ele>
    <time>2026-08-02T08:25:48Z</time>
   </trkpt>
   <trkpt lat="55.5905980" lon="-2.5561670">
    <ele>108.7</ele>
    <time>2026-08-02T08:25:49Z</time>
   </trkpt>
   <trkpt lat="55.5905950" lon="-2.5561530">
    <ele>108.7</ele>
    <time>2026-08-02T08:25:50Z</time>
   </trkpt>
   <trkpt lat="55.5905970" lon="-2.5561410">
    <ele>108.7</ele>
    <time>2026-08-02T08:25:51Z</time>
   </trkpt>
   <trkpt lat="55.5906070" lon="-2.5561290">
    <ele>108.7</ele>
    <time>2026-08-02T08:25:52Z</time>
   </trkpt>
   <trkpt lat="55.5906100" lon="-2.5561110">
    <ele>108.7</ele>
    <time>2026-08-02T08:25:53Z</time>
   </trkpt>
   <trkpt lat="55.5906170" lon="-2.5560980">
    <ele>108.7</ele>
    <time>2026-08-02T08:25:54Z</time>
   </trkpt>
   <trkpt lat="55.5906230" lon="-2.5560850">
    <ele>108.7</ele>
    <time>2026-08-02T08:25:55Z</time>
   </trkpt>
   <trkpt lat="55.5906340" lon="-2.5560750">
    <ele>108.7</ele>
    <time>2026-08-02T08:25:56Z</time>
   </trkpt>
   <trkpt lat="55.5906430" lon="-2.5560660">
    <ele>108.7</ele>
    <time>2026-08-02T08:25:57Z</time>
   </trkpt>
   <trkpt lat="55.5906510" lon="-2.5560530">
    <ele>108.7</ele>
    <time>2026-08-02T08:25:58Z</time>
   </trkpt>
   <trkpt lat="55.5906590" lon="-2.5560470">
    <ele>108.7</ele>
    <time>2026-08-02T08:25:59Z</time>
   </trkpt>
   <trkpt lat="55.5906720" lon="-2.5560370">
    <ele>108.7</ele>
    <time>2026-08-02T08:26:00Z</time>
   </trkpt>
   <trkpt lat="55.5906790" lon="-2.5560240">
    <ele>108.7</ele>
    <time>2026-08-02T08:26:01Z</time>
   </trkpt>
   <trkpt lat="55.5906810" lon="-2.5560090">
    <ele>108.7</ele>
    <time>2026-08-02T08:26:02Z</time>
   </trkpt>
   <trkpt lat="55.5906820" lon="-2.5560030">
    <ele>108.7</ele>
    <time>2026-08-02T08:26:03Z</time>
   </trkpt>
   <trkpt lat="55.5906870" lon="-2.5559920">
    <ele>108.7</ele>
    <time>2026-08-02T08:26:04Z</time>
   </trkpt>
   <trkpt lat="55.5906910" lon="-2.5559780">
    <ele>108.7</ele>
    <time>2026-08-02T08:26:05Z</time>
   </trkpt>
   <trkpt lat="55.5907010" lon="-2.5559690">
    <ele>108.8</ele>
    <time>2026-08-02T08:26:06Z</time>
   </trkpt>
   <trkpt lat="55.5907040" lon="-2.5559510">
    <ele>108.8</ele>
    <time>2026-08-02T08:26:07Z</time>
   </trkpt>
   <trkpt lat="55.5907160" lon="-2.5559610">
    <ele>108.8</ele>
    <time>2026-08-02T08:26:08Z</time>
   </trkpt>
   <trkpt lat="55.5907270" lon="-2.5559480">
    <ele>108.8</ele>
    <time>2026-08-02T08:26:09Z</time>
   </trkpt>
   <trkpt lat="55.5907260" lon="-2.5559430">
    <ele>108.8</ele>
    <time>2026-08-02T08:26:10Z</time>
   </trkpt>
   <trkpt lat="55.5907280" lon="-2.5559200">
    <ele>108.8</ele>
    <time>2026-08-02T08:26:11Z</time>
   </trkpt>
   <trkpt lat="55.5907330" lon="-2.5559140">
    <ele>108.8</ele>
    <time>2026-08-02T08:26:12Z</time>
   </trkpt>
   <trkpt lat="55.5907370" lon="-2.5559030">
    <ele>108.8</ele>
    <time>2026-08-02T08:26:13Z</time>
   </trkpt>
   <trkpt lat="55.5907440" lon="-2.5558860">
    <ele>108.8</ele>
    <time>2026-08-02T08:26:14Z</time>
   </trkpt>
   <trkpt lat="55.5907470" lon="-2.5558600">
    <ele>108.8</ele>
    <time>2026-08-02T08:26:15Z</time>
   </trkpt>
   <trkpt lat="55.5907560" lon="-2.5558560">
    <ele>108.8</ele>
    <time>2026-08-02T08:26:16Z</time>
   </trkpt>
   <trkpt lat="55.5907580" lon="-2.5558460">
    <ele>108.8</ele>
    <time>2026-08-02T08:26:17Z</time>
   </trkpt>
   <trkpt lat="55.5907640" lon="-2.5558520">
    <ele>108.8</ele>
    <time>2026-08-02T08:26:18Z</time>
   </trkpt>
   <trkpt lat="55.5907660" lon="-2.5558480">
    <ele>108.8</ele>
    <time>2026-08-02T08:26:19Z</time>
   </trkpt>
   <trkpt lat="55.5907680" lon="-2.5558510">
    <ele>108.8</ele>
    <time>2026-08-02T08:26:20Z</time>
   </trkpt>
   <trkpt lat="55.5907740" lon="-2.5558420">
    <ele>108.8</ele>
    <time>2026-08-02T08:26:21Z</time>
   </trkpt>
   <trkpt lat="55.5907750" lon="-2.5558450">
    <ele>108.8</ele>
    <time>2026-08-02T08:26:22Z</time>
   </trkpt>
   <trkpt lat="55.5907700" lon="-2.5558290">
    <ele>108.8</ele>
    <time>2026-08-02T08:26:24Z</time>
   </trkpt>
   <trkpt lat="55.5907590" lon="-2.5558180">
    <ele>108.8</ele>
    <time>2026-08-02T08:26:25Z</time>
   </trkpt>
   <trkpt lat="55.5907580" lon="-2.5558110">
    <ele>108.8</ele>
    <time>2026-08-02T08:26:26Z</time>
   </trkpt>
   <trkpt lat="55.5907580" lon="-2.5558110">
    <ele>108.8</ele>
    <time>2026-08-02T08:26:27Z</time>
   </trkpt>
   <trkpt lat="55.5907580" lon="-2.5558110">
    <ele>108.8</ele>
    <time>2026-08-02T08:26:28Z</time>
   </trkpt>
   <trkpt lat="55.5907490" lon="-2.5558030">
    <ele>108.8</ele>
    <time>2026-08-02T08:26:29Z</time>
   </trkpt>
   <trkpt lat="55.5907490" lon="-2.5558030">
    <ele>108.8</ele>
    <time>2026-08-02T08:26:30Z</time>
   </trkpt>
   <trkpt lat="55.5907490" lon="-2.5558030">
    <ele>108.8</ele>
    <time>2026-08-02T08:26:31Z</time>
   </trkpt>
   <trkpt lat="55.5907490" lon="-2.5558030">
    <ele>108.8</ele>
    <time>2026-08-02T08:26:32Z</time>
   </trkpt>
   <trkpt lat="55.5907360" lon="-2.5557940">
    <ele>108.9</ele>
    <time>2026-08-02T08:26:33Z</time>
   </trkpt>
   <trkpt lat="55.5907380" lon="-2.5558000">
    <ele>108.9</ele>
    <time>2026-08-02T08:26:34Z</time>
   </trkpt>
   <trkpt lat="55.5907380" lon="-2.5558000">
    <ele>108.9</ele>
    <time>2026-08-02T08:26:35Z</time>
   </trkpt>
   <trkpt lat="55.5907380" lon="-2.5558000">
    <ele>108.9</ele>
    <time>2026-08-02T08:26:36Z</time>
   </trkpt>
   <trkpt lat="55.5907380" lon="-2.5558000">
    <ele>108.9</ele>
    <time>2026-08-02T08:26:37Z</time>
   </trkpt>
   <trkpt lat="55.5907380" lon="-2.5558000">
    <ele>108.9</ele>
    <time>2026-08-02T08:26:38Z</time>
   </trkpt>
   <trkpt lat="55.5907620" lon="-2.5558430">
    <ele>108.9</ele>
    <time>2026-08-02T08:26:42Z</time>
   </trkpt>
   <trkpt lat="55.5907640" lon="-2.5558480">
    <ele>108.9</ele>
    <time>2026-08-02T08:26:43Z</time>
   </trkpt>
   <trkpt lat="55.5907660" lon="-2.5559030">
    <ele>108.9</ele>
    <time>2026-08-02T08:26:49Z</time>
   </trkpt>
   <trkpt lat="55.5907660" lon="-2.5558850">
    <ele>108.9</ele>
    <time>2026-08-02T08:26:51Z</time>
   </trkpt>
   <trkpt lat="55.5907650" lon="-2.5558870">
    <ele>108.9</ele>
    <time>2026-08-02T08:26:52Z</time>
   </trkpt>
   <trkpt lat="55.5907600" lon="-2.5558280">
    <ele>108.9</ele>
    <time>2026-08-02T08:26:56Z</time>
   </trkpt>
   <trkpt lat="55.5907590" lon="-2.5558310">
    <ele>108.9</ele>
    <time>2026-08-02T08:26:57Z</time>
   </trkpt>
   <trkpt lat="55.5907590" lon="-2.5558390">
    <ele>108.9</ele>
    <time>2026-08-02T08:26:58Z</time>
   </trkpt>
   <trkpt lat="55.5907590" lon="-2.5558480">
    <ele>108.9</ele>
    <time>2026-08-02T08:27:04Z</time>
   </trkpt>
   <trkpt lat="55.5907590" lon="-2.5558470">
    <ele>108.9</ele>
    <time>2026-08-02T08:27:08Z</time>
   </trkpt>
   <trkpt lat="55.5907510" lon="-2.5558110">
    <ele>108.9</ele>
    <time>2026-08-02T08:27:09Z</time>
   </trkpt>
   <trkpt lat="55.5907610" lon="-2.5558120">
    <ele>108.9</ele>
    <time>2026-08-02T08:27:10Z</time>
   </trkpt>
   <trkpt lat="55.5907660" lon="-2.5558110">
    <ele>108.9</ele>
    <time>2026-08-02T08:27:11Z</time>
   </trkpt>
   <trkpt lat="55.5907700" lon="-2.5558100">
    <ele>108.9</ele>
    <time>2026-08-02T08:27:12Z</time>
   </trkpt>
   <trkpt lat="55.5907710" lon="-2.5558090">
    <ele>108.9</ele>
    <time>2026-08-02T08:27:14Z</time>
   </trkpt>
   <trkpt lat="55.5907770" lon="-2.5558030">
    <ele>108.9</ele>
    <time>2026-08-02T08:27:15Z</time>
   </trkpt>
   <trkpt lat="55.5907840" lon="-2.5557980">
    <ele>108.9</ele>
    <time>2026-08-02T08:27:16Z</time>
   </trkpt>
   <trkpt lat="55.5907840" lon="-2.5558010">
    <ele>109.0</ele>
    <time>2026-08-02T08:27:17Z</time>
   </trkpt>
   <trkpt lat="55.5907830" lon="-2.5558040">
    <ele>109.0</ele>
    <time>2026-08-02T08:27:18Z</time>
   </trkpt>
   <trkpt lat="55.5907830" lon="-2.5558060">
    <ele>109.0</ele>
    <time>2026-08-02T08:27:19Z</time>
   </trkpt>
   <trkpt lat="55.5907830" lon="-2.5558060">
    <ele>109.0</ele>
    <time>2026-08-02T08:27:20Z</time>
   </trkpt>
   <trkpt lat="55.5907830" lon="-2.5558060">
    <ele>109.0</ele>
    <time>2026-08-02T08:27:21Z</time>
   </trkpt>
   <trkpt lat="55.5907830" lon="-2.5558070">
    <ele>109.0</ele>
    <time>2026-08-02T08:27:22Z</time>
   </trkpt>
   <trkpt lat="55.5907830" lon="-2.5558070">
    <ele>109.0</ele>
    <time>2026-08-02T08:27:23Z</time>
   </trkpt>
   <trkpt lat="55.5907830" lon="-2.5558070">
    <ele>109.0</ele>
    <time>2026-08-02T08:27:24Z</time>
   </trkpt>
   <trkpt lat="55.5907830" lon="-2.5558070">
    <ele>109.0</ele>
    <time>2026-08-02T08:27:25Z</time>
   </trkpt>
   <trkpt lat="55.5907830" lon="-2.5558070">
    <ele>109.0</ele>
    <time>2026-08-02T08:27:26Z</time>
   </trkpt>
   <trkpt lat="55.5907830" lon="-2.5558060">
    <ele>109.0</ele>
    <time>2026-08-02T08:27:27Z</time>
   </trkpt>
   <trkpt lat="55.5907830" lon="-2.5558060">
    <ele>109.0</ele>
    <time>2026-08-02T08:27:28Z</time>
   </trkpt>
   <trkpt lat="55.5907830" lon="-2.5558060">
    <ele>109.0</ele>
    <time>2026-08-02T08:27:29Z</time>
   </trkpt>
   <trkpt lat="55.5907830" lon="-2.5558060">
    <ele>109.0</ele>
    <time>2026-08-02T08:27:30Z</time>
   </trkpt>
   <trkpt lat="55.5907830" lon="-2.5558060">
    <ele>109.0</ele>
    <time>2026-08-02T08:27:31Z</time>
   </trkpt>
   <trkpt lat="55.5907830" lon="-2.5558060">
    <ele>109.0</ele>
    <time>2026-08-02T08:27:32Z</time>
   </trkpt>
   <trkpt lat="55.5908060" lon="-2.5558110">
    <ele>109.0</ele>
    <time>2026-08-02T08:27:36Z</time>
   </trkpt>
   <trkpt lat="55.5908100" lon="-2.5558110">
    <ele>109.0</ele>
    <time>2026-08-02T08:27:37Z</time>
   </trkpt>
   <trkpt lat="55.5908200" lon="-2.5558030">
    <ele>109.0</ele>
    <time>2026-08-02T08:27:41Z</time>
   </trkpt>
   <trkpt lat="55.5908230" lon="-2.5557980">
    <ele>109.0</ele>
    <time>2026-08-02T08:27:42Z</time>
   </trkpt>
   <trkpt lat="55.5908260" lon="-2.5557910">
    <ele>109.0</ele>
    <time>2026-08-02T08:27:43Z</time>
   </trkpt>
   <trkpt lat="55.5908290" lon="-2.5557860">
    <ele>109.0</ele>
    <time>2026-08-02T08:27:44Z</time>
   </trkpt>
   <trkpt lat="55.5908330" lon="-2.5557850">
    <ele>109.0</ele>
    <time>2026-08-02T08:27:45Z</time>
   </trkpt>
   <trkpt lat="55.5908350" lon="-2.5557810">
    <ele>109.0</ele>
    <time>2026-08-02T08:27:46Z</time>
   </trkpt>
   <trkpt lat="55.5908360" lon="-2.5557760">
    <ele>109.0</ele>
    <time>2026-08-02T08:27:47Z</time>
   </trkpt>
   <trkpt lat="55.5908370" lon="-2.5557690">
    <ele>109.0</ele>
    <time>2026-08-02T08:27:48Z</time>
   </trkpt>
   <trkpt lat="55.5908350" lon="-2.5557620">
    <ele>109.0</ele>
    <time>2026-08-02T08:27:49Z</time>
   </trkpt>
   <trkpt lat="55.5908350" lon="-2.5557570">
    <ele>109.0</ele>
    <time>2026-08-02T08:27:50Z</time>
   </trkpt>
   <trkpt lat="55.5908340" lon="-2.5557530">
    <ele>109.0</ele>
    <time>2026-08-02T08:27:51Z</time>
   </trkpt>
   <trkpt lat="55.5908320" lon="-2.5557490">
    <ele>109.0</ele>
    <time>2026-08-02T08:27:52Z</time>
   </trkpt>
   <trkpt lat="55.5907760" lon="-2.5562630">
    <ele>109.1</ele>
    <time>2026-08-02T08:27:55Z</time>
   </trkpt>
   <trkpt lat="55.5908350" lon="-2.5557360">
    <ele>109.3</ele>
    <time>2026-08-02T08:27:56Z</time>
   </trkpt>
   <trkpt lat="55.5908350" lon="-2.5557350">
    <ele>109.3</ele>
    <time>2026-08-02T08:27:57Z</time>
   </trkpt>
   <trkpt lat="55.5908330" lon="-2.5557350">
    <ele>109.3</ele>
    <time>2026-08-02T08:27:58Z</time>
   </trkpt>
   <trkpt lat="55.5908300" lon="-2.5557340">
    <ele>109.3</ele>
    <time>2026-08-02T08:27:59Z</time>
   </trkpt>
   <trkpt lat="55.5908270" lon="-2.5557330">
    <ele>109.3</ele>
    <time>2026-08-02T08:28:00Z</time>
   </trkpt>
   <trkpt lat="55.5908270" lon="-2.5557390">
    <ele>109.3</ele>
    <time>2026-08-02T08:28:01Z</time>
   </trkpt>
   <trkpt lat="55.5908200" lon="-2.5557340">
    <ele>109.3</ele>
    <time>2026-08-02T08:28:02Z</time>
   </trkpt>
   <trkpt lat="55.5908170" lon="-2.5557320">
    <ele>109.3</ele>
    <time>2026-08-02T08:28:03Z</time>
   </trkpt>
   <trkpt lat="55.5908150" lon="-2.5557280">
    <ele>109.3</ele>
    <time>2026-08-02T08:28:04Z</time>
   </trkpt>
   <trkpt lat="55.5908140" lon="-2.5557250">
    <ele>109.3</ele>
    <time>2026-08-02T08:28:05Z</time>
   </trkpt>
   <trkpt lat="55.5908140" lon="-2.5557220">
    <ele>109.3</ele>
    <time>2026-08-02T08:28:06Z</time>
   </trkpt>
   <trkpt lat="55.5908150" lon="-2.5557180">
    <ele>109.3</ele>
    <time>2026-08-02T08:28:07Z</time>
   </trkpt>
   <trkpt lat="55.5908150" lon="-2.5557180">
    <ele>109.3</ele>
    <time>2026-08-02T08:28:08Z</time>
   </trkpt>
   <trkpt lat="55.5908170" lon="-2.5557150">
    <ele>109.3</ele>
    <time>2026-08-02T08:28:09Z</time>
   </trkpt>
   <trkpt lat="55.5908170" lon="-2.5557150">
    <ele>109.3</ele>
    <time>2026-08-02T08:28:10Z</time>
   </trkpt>
   <trkpt lat="55.5908110" lon="-2.5557210">
    <ele>109.3</ele>
    <time>2026-08-02T08:28:11Z</time>
   </trkpt>
   <trkpt lat="55.5908100" lon="-2.5557220">
    <ele>109.3</ele>
    <time>2026-08-02T08:28:12Z</time>
   </trkpt>
   <trkpt lat="55.5908070" lon="-2.5557260">
    <ele>109.3</ele>
    <time>2026-08-02T08:28:13Z</time>
   </trkpt>
   <trkpt lat="55.5908070" lon="-2.5557260">
    <ele>109.3</ele>
    <time>2026-08-02T08:28:14Z</time>
   </trkpt>
   <trkpt lat="55.5908070" lon="-2.5557260">
    <ele>109.3</ele>
    <time>2026-08-02T08:28:15Z</time>
   </trkpt>
   <trkpt lat="55.5908070" lon="-2.5557260">
    <ele>109.3</ele>
    <time>2026-08-02T08:28:16Z</time>
   </trkpt>
   <trkpt lat="55.5908070" lon="-2.5557260">
    <ele>109.3</ele>
    <time>2026-08-02T08:28:17Z</time>
   </trkpt>
   <trkpt lat="55.5908070" lon="-2.5557260">
    <ele>109.3</ele>
    <time>2026-08-02T08:28:18Z</time>
   </trkpt>
   <trkpt lat="55.5908070" lon="-2.5557260">
    <ele>109.3</ele>
    <time>2026-08-02T08:28:19Z</time>
   </trkpt>
   <trkpt lat="55.5908070" lon="-2.5557260">
    <ele>109.3</ele>
    <time>2026-08-02T08:28:20Z</time>
   </trkpt>
   <trkpt lat="55.5908070" lon="-2.5557260">
    <ele>109.3</ele>
    <time>2026-08-02T08:28:21Z</time>
   </trkpt>
   <trkpt lat="55.5908070" lon="-2.5557260">
    <ele>109.3</ele>
    <time>2026-08-02T08:28:22Z</time>
   </trkpt>
   <trkpt lat="55.5908070" lon="-2.5557260">
    <ele>109.3</ele>
    <time>2026-08-02T08:28:23Z</time>
   </trkpt>
   <trkpt lat="55.5908070" lon="-2.5557260">
    <ele>109.3</ele>
    <time>2026-08-02T08:28:24Z</time>
   </trkpt>
   <trkpt lat="55.5907900" lon="-2.5557380">
    <ele>109.3</ele>
    <time>2026-08-02T08:28:25Z</time>
   </trkpt>
   <trkpt lat="55.5907890" lon="-2.5557380">
    <ele>109.3</ele>
    <time>2026-08-02T08:28:26Z</time>
   </trkpt>
   <trkpt lat="55.5907890" lon="-2.5557380">
    <ele>109.3</ele>
    <time>2026-08-02T08:28:27Z</time>
   </trkpt>
   <trkpt lat="55.5908040" lon="-2.5557500">
    <ele>109.3</ele>
    <time>2026-08-02T08:28:28Z</time>
   </trkpt>
   <trkpt lat="55.5907990" lon="-2.5557520">
    <ele>109.3</ele>
    <time>2026-08-02T08:28:29Z</time>
   </trkpt>
   <trkpt lat="55.5907990" lon="-2.5557520">
    <ele>109.3</ele>
    <time>2026-08-02T08:28:30Z</time>
   </trkpt>
   <trkpt lat="55.5907990" lon="-2.5557520">
    <ele>109.3</ele>
    <time>2026-08-02T08:28:31Z</time>
   </trkpt>
   <trkpt lat="55.5907940" lon="-2.5557500">
    <ele>109.3</ele>
    <time>2026-08-02T08:28:32Z</time>
   </trkpt>
   <trkpt lat="55.5907930" lon="-2.5557770">
    <ele>109.3</ele>
    <time>2026-08-02T08:28:33Z</time>
   </trkpt>
   <trkpt lat="55.5907930" lon="-2.5557770">
    <ele>109.3</ele>
    <time>2026-08-02T08:28:34Z</time>
   </trkpt>
   <trkpt lat="55.5907930" lon="-2.5557770">
    <ele>109.3</ele>
    <time>2026-08-02T08:28:35Z</time>
   </trkpt>
   <trkpt lat="55.5908110" lon="-2.5557820">
    <ele>109.3</ele>
    <time>2026-08-02T08:28:36Z</time>
   </trkpt>
   <trkpt lat="55.5908110" lon="-2.5557930">
    <ele>109.3</ele>
    <time>2026-08-02T08:28:37Z</time>
   </trkpt>
   <trkpt lat="55.5908210" lon="-2.5557820">
    <ele>109.3</ele>
    <time>2026-08-02T08:28:38Z</time>
   </trkpt>
   <trkpt lat="55.5908170" lon="-2.5557640">
    <ele>109.3</ele>
    <time>2026-08-02T08:28:39Z</time>
   </trkpt>
   <trkpt lat="55.5907990" lon="-2.5560030">
    <ele>109.3</ele>
    <time>2026-08-02T08:28:45Z</time>
   </trkpt>
   <trkpt lat="55.5907980" lon="-2.5559860">
    <ele>109.3</ele>
    <time>2026-08-02T08:28:51Z</time>
   </trkpt>
   <trkpt lat="55.5907980" lon="-2.5559840">
    <ele>109.3</ele>
    <time>2026-08-02T08:28:52Z</time>
   </trkpt>
   <trkpt lat="55.5907980" lon="-2.5559700">
    <ele>109.3</ele>
    <time>2026-08-02T08:28:57Z</time>
   </trkpt>
   <trkpt lat="55.5907980" lon="-2.5559640">
    <ele>109.3</ele>
    <time>2026-08-02T08:28:59Z</time>
   </trkpt>
   <trkpt lat="55.5907970" lon="-2.5559530">
    <ele>109.3</ele>
    <time>2026-08-02T08:29:03Z</time>
   </trkpt>
   <trkpt lat="55.5907970" lon="-2.5559360">
    <ele>109.3</ele>
    <time>2026-08-02T08:29:09Z</time>
   </trkpt>
   <trkpt lat="55.5907970" lon="-2.5559310">
    <ele>109.3</ele>
    <time>2026-08-02T08:29:11Z</time>
   </trkpt>
   <trkpt lat="55.5907960" lon="-2.5559190">
    <ele>109.3</ele>
    <time>2026-08-02T08:29:15Z</time>
   </trkpt>
   <trkpt lat="55.5907960" lon="-2.5559030">
    <ele>109.3</ele>
    <time>2026-08-02T08:29:21Z</time>
   </trkpt>
   <trkpt lat="55.5907950" lon="-2.5558860">
    <ele>109.3</ele>
    <time>2026-08-02T08:29:27Z</time>
   </trkpt>
   <trkpt lat="55.5907950" lon="-2.5558690">
    <ele>109.3</ele>
    <time>2026-08-02T08:29:33Z</time>
   </trkpt>
   <trkpt lat="55.5907940" lon="-2.5558580">
    <ele>109.3</ele>
    <time>2026-08-02T08:29:37Z</time>
   </trkpt>
   <trkpt lat="55.5907940" lon="-2.5558530">
    <ele>109.3</ele>
    <time>2026-08-02T08:29:39Z</time>
   </trkpt>
   <trkpt lat="55.5907940" lon="-2.5558470">
    <ele>109.3</ele>
    <time>2026-08-02T08:29:41Z</time>
   </trkpt>
   <trkpt lat="55.5907940" lon="-2.5558440">
    <ele>109.3</ele>
    <time>2026-08-02T08:29:42Z</time>
   </trkpt>
   <trkpt lat="55.5907940" lon="-2.5558410">
    <ele>109.3</ele>
    <time>2026-08-02T08:29:43Z</time>
   </trkpt>
   <trkpt lat="55.5907940" lon="-2.5558390">
    <ele>109.3</ele>
    <time>2026-08-02T08:29:44Z</time>
   </trkpt>
   <trkpt lat="55.5907940" lon="-2.5558360">
    <ele>109.3</ele>
    <time>2026-08-02T08:29:45Z</time>
   </trkpt>
   <trkpt lat="55.5907940" lon="-2.5558330">
    <ele>109.3</ele>
    <time>2026-08-02T08:29:46Z</time>
   </trkpt>
   <trkpt lat="55.5907930" lon="-2.5558190">
    <ele>109.3</ele>
    <time>2026-08-02T08:29:51Z</time>
   </trkpt>
   <trkpt lat="55.5907930" lon="-2.5558020">
    <ele>109.3</ele>
    <time>2026-08-02T08:29:57Z</time>
   </trkpt>
   <trkpt lat="55.5907920" lon="-2.5557860">
    <ele>109.3</ele>
    <time>2026-08-02T08:30:03Z</time>
   </trkpt>
   <trkpt lat="55.5907920" lon="-2.5557830">
    <ele>109.3</ele>
    <time>2026-08-02T08:30:04Z</time>
   </trkpt>
   <trkpt lat="55.5907920" lon="-2.5557800">
    <ele>109.3</ele>
    <time>2026-08-02T08:30:05Z</time>
   </trkpt>
   <trkpt lat="55.5907920" lon="-2.5557770">
    <ele>109.3</ele>
    <time>2026-08-02T08:30:06Z</time>
   </trkpt>
   <trkpt lat="55.5907920" lon="-2.5557750">
    <ele>109.3</ele>
    <time>2026-08-02T08:30:07Z</time>
   </trkpt>
   <trkpt lat="55.5907920" lon="-2.5557690">
    <ele>109.3</ele>
    <time>2026-08-02T08:30:09Z</time>
   </trkpt>
   <trkpt lat="55.5907910" lon="-2.5557660">
    <ele>109.3</ele>
    <time>2026-08-02T08:30:10Z</time>
   </trkpt>
   <trkpt lat="55.5907910" lon="-2.5557630">
    <ele>109.3</ele>
    <time>2026-08-02T08:30:11Z</time>
   </trkpt>
   <trkpt lat="55.5907910" lon="-2.5557610">
    <ele>109.3</ele>
    <time>2026-08-02T08:30:12Z</time>
   </trkpt>
   <trkpt lat="55.5907910" lon="-2.5557580">
    <ele>109.3</ele>
    <time>2026-08-02T08:30:13Z</time>
   </trkpt>
   <trkpt lat="55.5907910" lon="-2.5557550">
    <ele>109.3</ele>
    <time>2026-08-02T08:30:14Z</time>
   </trkpt>
   <trkpt lat="55.5907910" lon="-2.5557520">
    <ele>109.3</ele>
    <time>2026-08-02T08:30:15Z</time>
   </trkpt>
   <trkpt lat="55.5907910" lon="-2.5557500">
    <ele>109.3</ele>
    <time>2026-08-02T08:30:16Z</time>
   </trkpt>
   <trkpt lat="55.5907910" lon="-2.5557470">
    <ele>109.3</ele>
    <time>2026-08-02T08:30:17Z</time>
   </trkpt>
   <trkpt lat="55.5907910" lon="-2.5557440">
    <ele>109.3</ele>
    <time>2026-08-02T08:30:18Z</time>
   </trkpt>
   <trkpt lat="55.5907910" lon="-2.5557410">
    <ele>109.3</ele>
    <time>2026-08-02T08:30:19Z</time>
   </trkpt>
   <trkpt lat="55.5907910" lon="-2.5557380">
    <ele>109.3</ele>
    <time>2026-08-02T08:30:20Z</time>
   </trkpt>
   <trkpt lat="55.5907900" lon="-2.5557360">
    <ele>109.3</ele>
    <time>2026-08-02T08:30:21Z</time>
   </trkpt>
   <trkpt lat="55.5907900" lon="-2.5557330">
    <ele>109.3</ele>
    <time>2026-08-02T08:30:22Z</time>
   </trkpt>
   <trkpt lat="55.5907900" lon="-2.5557300">
    <ele>109.3</ele>
    <time>2026-08-02T08:30:23Z</time>
   </trkpt>
   <trkpt lat="55.5907900" lon="-2.5557270">
    <ele>109.3</ele>
    <time>2026-08-02T08:30:24Z</time>
   </trkpt>
   <trkpt lat="55.5907900" lon="-2.5557240">
    <ele>109.3</ele>
    <time>2026-08-02T08:30:25Z</time>
   </trkpt>
   <trkpt lat="55.5907900" lon="-2.5557220">
    <ele>109.3</ele>
    <time>2026-08-02T08:30:26Z</time>
   </trkpt>
   <trkpt lat="55.5907900" lon="-2.5557190">
    <ele>109.3</ele>
    <time>2026-08-02T08:30:27Z</time>
   </trkpt>
   <trkpt lat="55.5907900" lon="-2.5557160">
    <ele>109.3</ele>
    <time>2026-08-02T08:30:28Z</time>
   </trkpt>
   <trkpt lat="55.5907900" lon="-2.5557130">
    <ele>109.3</ele>
    <time>2026-08-02T08:30:29Z</time>
   </trkpt>
   <trkpt lat="55.5907900" lon="-2.5557110">
    <ele>109.3</ele>
    <time>2026-08-02T08:30:30Z</time>
   </trkpt>
   <trkpt lat="55.5907900" lon="-2.5557080">
    <ele>109.3</ele>
    <time>2026-08-02T08:30:31Z</time>
   </trkpt>
   <trkpt lat="55.5907890" lon="-2.5557050">
    <ele>109.2</ele>
    <time>2026-08-02T08:30:32Z</time>
   </trkpt>
   <trkpt lat="55.5907890" lon="-2.5557020">
    <ele>109.2</ele>
    <time>2026-08-02T08:30:33Z</time>
   </trkpt>
   <trkpt lat="55.5907890" lon="-2.5556990">
    <ele>109.2</ele>
    <time>2026-08-02T08:30:34Z</time>
   </trkpt>
   <trkpt lat="55.5907890" lon="-2.5556970">
    <ele>109.2</ele>
    <time>2026-08-02T08:30:35Z</time>
   </trkpt>
   <trkpt lat="55.5907890" lon="-2.5556940">
    <ele>109.2</ele>
    <time>2026-08-02T08:30:36Z</time>
   </trkpt>
   <trkpt lat="55.5907890" lon="-2.5556910">
    <ele>109.2</ele>
    <time>2026-08-02T08:30:37Z</time>
   </trkpt>
   <trkpt lat="55.5907910" lon="-2.5556930">
    <ele>109.2</ele>
    <time>2026-08-02T08:30:38Z</time>
   </trkpt>
   <trkpt lat="55.5907920" lon="-2.5556950">
    <ele>109.2</ele>
    <time>2026-08-02T08:30:39Z</time>
   </trkpt>
   <trkpt lat="55.5907940" lon="-2.5556960">
    <ele>109.2</ele>
    <time>2026-08-02T08:30:40Z</time>
   </trkpt>
   <trkpt lat="55.5907940" lon="-2.5556960">
    <ele>109.2</ele>
    <time>2026-08-02T08:30:41Z</time>
   </trkpt>
   <trkpt lat="55.5907940" lon="-2.5556970">
    <ele>109.2</ele>
    <time>2026-08-02T08:30:42Z</time>
   </trkpt>
   <trkpt lat="55.5907950" lon="-2.5556970">
    <ele>109.2</ele>
    <time>2026-08-02T08:30:43Z</time>
   </trkpt>
   <trkpt lat="55.5907950" lon="-2.5556980">
    <ele>109.2</ele>
    <time>2026-08-02T08:30:44Z</time>
   </trkpt>
   <trkpt lat="55.5907960" lon="-2.5556990">
    <ele>109.2</ele>
    <time>2026-08-02T08:30:45Z</time>
   </trkpt>
   <trkpt lat="55.5907960" lon="-2.5556990">
    <ele>109.2</ele>
    <time>2026-08-02T08:30:46Z</time>
   </trkpt>
   <trkpt lat="55.5907960" lon="-2.5556990">
    <ele>109.2</ele>
    <time>2026-08-02T08:30:47Z</time>
   </trkpt>
   <trkpt lat="55.5907990" lon="-2.5557020">
    <ele>109.2</ele>
    <time>2026-08-02T08:30:48Z</time>
   </trkpt>
   <trkpt lat="55.5908270" lon="-2.5557430">
    <ele>109.2</ele>
    <time>2026-08-02T08:30:49Z</time>
   </trkpt>
   <trkpt lat="55.5908270" lon="-2.5557470">
    <ele>109.2</ele>
    <time>2026-08-02T08:30:50Z</time>
   </trkpt>
   <trkpt lat="55.5908260" lon="-2.5557500">
    <ele>109.2</ele>
    <time>2026-08-02T08:30:51Z</time>
   </trkpt>
   <trkpt lat="55.5908260" lon="-2.5557540">
    <ele>109.2</ele>
    <time>2026-08-02T08:30:52Z</time>
   </trkpt>
   <trkpt lat="55.5908250" lon="-2.5557570">
    <ele>109.2</ele>
    <time>2026-08-02T08:30:53Z</time>
   </trkpt>
   <trkpt lat="55.5908250" lon="-2.5557610">
    <ele>109.2</ele>
    <time>2026-08-02T08:30:54Z</time>
   </trkpt>
   <trkpt lat="55.5908250" lon="-2.5557640">
    <ele>109.2</ele>
    <time>2026-08-02T08:30:55Z</time>
   </trkpt>
   <trkpt lat="55.5908240" lon="-2.5557680">
    <ele>109.2</ele>
    <time>2026-08-02T08:30:56Z</time>
   </trkpt>
   <trkpt lat="55.5908240" lon="-2.5557720">
    <ele>109.2</ele>
    <time>2026-08-02T08:30:57Z</time>
   </trkpt>
   <trkpt lat="55.5908240" lon="-2.5557750">
    <ele>109.2</ele>
    <time>2026-08-02T08:30:58Z</time>
   </trkpt>
   <trkpt lat="55.5908230" lon="-2.5557790">
    <ele>109.2</ele>
    <time>2026-08-02T08:30:59Z</time>
   </trkpt>
   <trkpt lat="55.5908230" lon="-2.5557820">
    <ele>109.2</ele>
    <time>2026-08-02T08:31:00Z</time>
   </trkpt>
   <trkpt lat="55.5908230" lon="-2.5557860">
    <ele>109.2</ele>
    <time>2026-08-02T08:31:01Z</time>
   </trkpt>
   <trkpt lat="55.5908220" lon="-2.5557890">
    <ele>109.2</ele>
    <time>2026-08-02T08:31:02Z</time>
   </trkpt>
   <trkpt lat="55.5908220" lon="-2.5557930">
    <ele>109.2</ele>
    <time>2026-08-02T08:31:03Z</time>
   </trkpt>
   <trkpt lat="55.5908210" lon="-2.5557960">
    <ele>109.2</ele>
    <time>2026-08-02T08:31:04Z</time>
   </trkpt>
   <trkpt lat="55.5908210" lon="-2.5558000">
    <ele>109.2</ele>
    <time>2026-08-02T08:31:05Z</time>
   </trkpt>
   <trkpt lat="55.5908210" lon="-2.5558040">
    <ele>109.2</ele>
    <time>2026-08-02T08:31:06Z</time>
   </trkpt>
   <trkpt lat="55.5908200" lon="-2.5558070">
    <ele>109.2</ele>
    <time>2026-08-02T08:31:07Z</time>
   </trkpt>
   <trkpt lat="55.5908200" lon="-2.5558110">
    <ele>109.2</ele>
    <time>2026-08-02T08:31:08Z</time>
   </trkpt>
   <trkpt lat="55.5908190" lon="-2.5558140">
    <ele>109.2</ele>
    <time>2026-08-02T08:31:09Z</time>
   </trkpt>
   <trkpt lat="55.5908190" lon="-2.5558180">
    <ele>109.2</ele>
    <time>2026-08-02T08:31:10Z</time>
   </trkpt>
   <trkpt lat="55.5908190" lon="-2.5558210">
    <ele>109.2</ele>
    <time>2026-08-02T08:31:11Z</time>
   </trkpt>
   <trkpt lat="55.5908180" lon="-2.5558250">
    <ele>109.2</ele>
    <time>2026-08-02T08:31:12Z</time>
   </trkpt>
   <trkpt lat="55.5908180" lon="-2.5558290">
    <ele>109.2</ele>
    <time>2026-08-02T08:31:13Z</time>
   </trkpt>
   <trkpt lat="55.5908180" lon="-2.5558320">
    <ele>109.2</ele>
    <time>2026-08-02T08:31:14Z</time>
   </trkpt>
   <trkpt lat="55.5908170" lon="-2.5558360">
    <ele>109.2</ele>
    <time>2026-08-02T08:31:15Z</time>
   </trkpt>
   <trkpt lat="55.5908170" lon="-2.5558390">
    <ele>109.2</ele>
    <time>2026-08-02T08:31:16Z</time>
   </trkpt>
   <trkpt lat="55.5908170" lon="-2.5558430">
    <ele>109.2</ele>
    <time>2026-08-02T08:31:17Z</time>
   </trkpt>
   <trkpt lat="55.5908160" lon="-2.5558460">
    <ele>109.2</ele>
    <time>2026-08-02T08:31:18Z</time>
   </trkpt>
   <trkpt lat="55.5908160" lon="-2.5558500">
    <ele>109.2</ele>
    <time>2026-08-02T08:31:19Z</time>
   </trkpt>
   <trkpt lat="55.5908150" lon="-2.5558530">
    <ele>109.2</ele>
    <time>2026-08-02T08:31:20Z</time>
   </trkpt>
   <trkpt lat="55.5908150" lon="-2.5558570">
    <ele>109.2</ele>
    <time>2026-08-02T08:31:21Z</time>
   </trkpt>
   <trkpt lat="55.5908150" lon="-2.5558610">
    <ele>109.2</ele>
    <time>2026-08-02T08:31:22Z</time>
   </trkpt>
   <trkpt lat="55.5908140" lon="-2.5558640">
    <ele>109.2</ele>
    <time>2026-08-02T08:31:23Z</time>
   </trkpt>
   <trkpt lat="55.5908140" lon="-2.5558680">
    <ele>109.2</ele>
    <time>2026-08-02T08:31:24Z</time>
   </trkpt>
   <trkpt lat="55.5908130" lon="-2.5558710">
    <ele>109.2</ele>
    <time>2026-08-02T08:31:25Z</time>
   </trkpt>
   <trkpt lat="55.5908130" lon="-2.5558750">
    <ele>109.2</ele>
    <time>2026-08-02T08:31:26Z</time>
   </trkpt>
   <trkpt lat="55.5908130" lon="-2.5558780">
    <ele>109.2</ele>
    <time>2026-08-02T08:31:27Z</time>
   </trkpt>
   <trkpt lat="55.5908120" lon="-2.5558820">
    <ele>109.2</ele>
    <time>2026-08-02T08:31:28Z</time>
   </trkpt>
   <trkpt lat="55.5908120" lon="-2.5558860">
    <ele>109.2</ele>
    <time>2026-08-02T08:31:29Z</time>
   </trkpt>
   <trkpt lat="55.5908120" lon="-2.5558890">
    <ele>109.2</ele>
    <time>2026-08-02T08:31:30Z</time>
   </trkpt>
   <trkpt lat="55.5908110" lon="-2.5558930">
    <ele>109.2</ele>
    <time>2026-08-02T08:31:31Z</time>
   </trkpt>
   <trkpt lat="55.5908110" lon="-2.5558960">
    <ele>109.2</ele>
    <time>2026-08-02T08:31:32Z</time>
   </trkpt>
   <trkpt lat="55.5908110" lon="-2.5559000">
    <ele>109.2</ele>
    <time>2026-08-02T08:31:33Z</time>
   </trkpt>
   <trkpt lat="55.5908100" lon="-2.5559030">
    <ele>109.2</ele>
    <time>2026-08-02T08:31:34Z</time>
   </trkpt>
   <trkpt lat="55.5908100" lon="-2.5559070">
    <ele>109.2</ele>
    <time>2026-08-02T08:31:35Z</time>
   </trkpt>
   <trkpt lat="55.5908090" lon="-2.5559100">
    <ele>109.2</ele>
    <time>2026-08-02T08:31:36Z</time>
   </trkpt>
   <trkpt lat="55.5908090" lon="-2.5559140">
    <ele>109.2</ele>
    <time>2026-08-02T08:31:37Z</time>
   </trkpt>
   <trkpt lat="55.5908110" lon="-2.5559060">
    <ele>109.2</ele>
    <time>2026-08-02T08:31:38Z</time>
   </trkpt>
   <trkpt lat="55.5908140" lon="-2.5559030">
    <ele>109.2</ele>
    <time>2026-08-02T08:31:39Z</time>
   </trkpt>
   <trkpt lat="55.5908150" lon="-2.5558950">
    <ele>109.2</ele>
    <time>2026-08-02T08:31:40Z</time>
   </trkpt>
   <trkpt lat="55.5908160" lon="-2.5558900">
    <ele>109.2</ele>
    <time>2026-08-02T08:31:41Z</time>
   </trkpt>
   <trkpt lat="55.5908190" lon="-2.5558790">
    <ele>109.2</ele>
    <time>2026-08-02T08:31:42Z</time>
   </trkpt>
   <trkpt lat="55.5908190" lon="-2.5558660">
    <ele>109.2</ele>
    <time>2026-08-02T08:31:43Z</time>
   </trkpt>
   <trkpt lat="55.5908180" lon="-2.5558540">
    <ele>109.2</ele>
    <time>2026-08-02T08:31:44Z</time>
   </trkpt>
   <trkpt lat="55.5908200" lon="-2.5558440">
    <ele>109.2</ele>
    <time>2026-08-02T08:31:45Z</time>
   </trkpt>
   <trkpt lat="55.5908200" lon="-2.5558370">
    <ele>109.2</ele>
    <time>2026-08-02T08:31:46Z</time>
   </trkpt>
   <trkpt lat="55.5908260" lon="-2.5557870">
    <ele>109.2</ele>
    <time>2026-08-02T08:31:47Z</time>
   </trkpt>
   <trkpt lat="55.5908250" lon="-2.5557880">
    <ele>109.2</ele>
    <time>2026-08-02T08:31:48Z</time>
   </trkpt>
   <trkpt lat="55.5908270" lon="-2.5557900">
    <ele>109.2</ele>
    <time>2026-08-02T08:31:49Z</time>
   </trkpt>
   <trkpt lat="55.5908270" lon="-2.5557880">
    <ele>109.2</ele>
    <time>2026-08-02T08:31:50Z</time>
   </trkpt>
   <trkpt lat="55.5908270" lon="-2.5557860">
    <ele>109.2</ele>
    <time>2026-08-02T08:31:51Z</time>
   </trkpt>
   <trkpt lat="55.5908250" lon="-2.5557830">
    <ele>109.2</ele>
    <time>2026-08-02T08:31:52Z</time>
   </trkpt>
   <trkpt lat="55.5908230" lon="-2.5557870">
    <ele>109.2</ele>
    <time>2026-08-02T08:31:53Z</time>
   </trkpt>
   <trkpt lat="55.5908260" lon="-2.5557860">
    <ele>109.2</ele>
    <time>2026-08-02T08:31:54Z</time>
   </trkpt>
   <trkpt lat="55.5908260" lon="-2.5557830">
    <ele>109.2</ele>
    <time>2026-08-02T08:31:55Z</time>
   </trkpt>
   <trkpt lat="55.5908280" lon="-2.5557830">
    <ele>109.2</ele>
    <time>2026-08-02T08:31:56Z</time>
   </trkpt>
   <trkpt lat="55.5908270" lon="-2.5557820">
    <ele>109.2</ele>
    <time>2026-08-02T08:31:57Z</time>
   </trkpt>
   <trkpt lat="55.5908290" lon="-2.5557810">
    <ele>109.2</ele>
    <time>2026-08-02T08:31:58Z</time>
   </trkpt>
   <trkpt lat="55.5908290" lon="-2.5557790">
    <ele>109.2</ele>
    <time>2026-08-02T08:31:59Z</time>
   </trkpt>
   <trkpt lat="55.5908310" lon="-2.5557600">
    <ele>109.2</ele>
    <time>2026-08-02T08:32:00Z</time>
   </trkpt>
   <trkpt lat="55.5908310" lon="-2.5557580">
    <ele>109.2</ele>
    <time>2026-08-02T08:32:01Z</time>
   </trkpt>
   <trkpt lat="55.5908290" lon="-2.5557530">
    <ele>109.2</ele>
    <time>2026-08-02T08:32:02Z</time>
   </trkpt>
   <trkpt lat="55.5908290" lon="-2.5557520">
    <ele>109.2</ele>
    <time>2026-08-02T08:32:03Z</time>
   </trkpt>
   <trkpt lat="55.5908290" lon="-2.5557510">
    <ele>109.2</ele>
    <time>2026-08-02T08:32:04Z</time>
   </trkpt>
   <trkpt lat="55.5908300" lon="-2.5557520">
    <ele>109.2</ele>
    <time>2026-08-02T08:32:05Z</time>
   </trkpt>
   <trkpt lat="55.5908300" lon="-2.5557510">
    <ele>109.2</ele>
    <time>2026-08-02T08:32:06Z</time>
   </trkpt>
   <trkpt lat="55.5908280" lon="-2.5557720">
    <ele>109.2</ele>
    <time>2026-08-02T08:32:07Z</time>
   </trkpt>
   <trkpt lat="55.5908280" lon="-2.5557730">
    <ele>109.2</ele>
    <time>2026-08-02T08:32:08Z</time>
   </trkpt>
   <trkpt lat="55.5908280" lon="-2.5557730">
    <ele>109.2</ele>
    <time>2026-08-02T08:32:09Z</time>
   </trkpt>
   <trkpt lat="55.5908290" lon="-2.5557580">
    <ele>109.2</ele>
    <time>2026-08-02T08:32:10Z</time>
   </trkpt>
   <trkpt lat="55.5908290" lon="-2.5557580">
    <ele>109.2</ele>
    <time>2026-08-02T08:32:11Z</time>
   </trkpt>
   <trkpt lat="55.5908300" lon="-2.5557480">
    <ele>109.2</ele>
    <time>2026-08-02T08:32:12Z</time>
   </trkpt>
   <trkpt lat="55.5908300" lon="-2.5557420">
    <ele>109.2</ele>
    <time>2026-08-02T08:32:13Z</time>
   </trkpt>
   <trkpt lat="55.5908300" lon="-2.5557370">
    <ele>109.2</ele>
    <time>2026-08-02T08:32:15Z</time>
   </trkpt>
   <trkpt lat="55.5908300" lon="-2.5557370">
    <ele>109.2</ele>
    <time>2026-08-02T08:32:16Z</time>
   </trkpt>
   <trkpt lat="55.5908300" lon="-2.5557370">
    <ele>109.2</ele>
    <time>2026-08-02T08:32:17Z</time>
   </trkpt>
   <trkpt lat="55.5908300" lon="-2.5557340">
    <ele>109.2</ele>
    <time>2026-08-02T08:32:18Z</time>
   </trkpt>
   <trkpt lat="55.5908300" lon="-2.5557310">
    <ele>109.2</ele>
    <time>2026-08-02T08:32:19Z</time>
   </trkpt>
   <trkpt lat="55.5908300" lon="-2.5557290">
    <ele>109.2</ele>
    <time>2026-08-02T08:32:20Z</time>
   </trkpt>
   <trkpt lat="55.5908290" lon="-2.5557280">
    <ele>109.2</ele>
    <time>2026-08-02T08:32:21Z</time>
   </trkpt>
   <trkpt lat="55.5908290" lon="-2.5557280">
    <ele>109.2</ele>
    <time>2026-08-02T08:32:22Z</time>
   </trkpt>
   <trkpt lat="55.5908290" lon="-2.5557280">
    <ele>109.2</ele>
    <time>2026-08-02T08:32:23Z</time>
   </trkpt>
   <trkpt lat="55.5908290" lon="-2.5557280">
    <ele>109.2</ele>
    <time>2026-08-02T08:32:24Z</time>
   </trkpt>
   <trkpt lat="55.5908290" lon="-2.5557270">
    <ele>109.2</ele>
    <time>2026-08-02T08:32:25Z</time>
   </trkpt>
   <trkpt lat="55.5908290" lon="-2.5557270">
    <ele>109.2</ele>
    <time>2026-08-02T08:32:26Z</time>
   </trkpt>
   <trkpt lat="55.5908290" lon="-2.5557270">
    <ele>109.2</ele>
    <time>2026-08-02T08:32:27Z</time>
   </trkpt>
   <trkpt lat="55.5908300" lon="-2.5557270">
    <ele>109.2</ele>
    <time>2026-08-02T08:32:28Z</time>
   </trkpt>
   <trkpt lat="55.5908300" lon="-2.5557270">
    <ele>109.2</ele>
    <time>2026-08-02T08:32:29Z</time>
   </trkpt>
   <trkpt lat="55.5908300" lon="-2.5557260">
    <ele>109.2</ele>
    <time>2026-08-02T08:32:30Z</time>
   </trkpt>
   <trkpt lat="55.5908300" lon="-2.5557240">
    <ele>109.2</ele>
    <time>2026-08-02T08:32:31Z</time>
   </trkpt>
   <trkpt lat="55.5908300" lon="-2.5557250">
    <ele>109.2</ele>
    <time>2026-08-02T08:32:32Z</time>
   </trkpt>
   <trkpt lat="55.5908290" lon="-2.5557240">
    <ele>109.2</ele>
    <time>2026-08-02T08:32:33Z</time>
   </trkpt>
   <trkpt lat="55.5908290" lon="-2.5557230">
    <ele>109.2</ele>
    <time>2026-08-02T08:32:34Z</time>
   </trkpt>
   <trkpt lat="55.5908290" lon="-2.5557230">
    <ele>109.2</ele>
    <time>2026-08-02T08:32:35Z</time>
   </trkpt>
   <trkpt lat="55.5908290" lon="-2.5557230">
    <ele>109.2</ele>
    <time>2026-08-02T08:32:36Z</time>
   </trkpt>
   <trkpt lat="55.5908270" lon="-2.5557280">
    <ele>109.2</ele>
    <time>2026-08-02T08:32:37Z</time>
   </trkpt>
   <trkpt lat="55.5908260" lon="-2.5557230">
    <ele>109.2</ele>
    <time>2026-08-02T08:32:38Z</time>
   </trkpt>
   <trkpt lat="55.5908260" lon="-2.5557200">
    <ele>109.2</ele>
    <time>2026-08-02T08:32:39Z</time>
   </trkpt>
   <trkpt lat="55.5908260" lon="-2.5557200">
    <ele>109.2</ele>
    <time>2026-08-02T08:32:40Z</time>
   </trkpt>
   <trkpt lat="55.5908230" lon="-2.5557160">
    <ele>109.2</ele>
    <time>2026-08-02T08:32:41Z</time>
   </trkpt>
   <trkpt lat="55.5908230" lon="-2.5557140">
    <ele>109.2</ele>
    <time>2026-08-02T08:32:42Z</time>
   </trkpt>
   <trkpt lat="55.5908230" lon="-2.5557140">
    <ele>109.2</ele>
    <time>2026-08-02T08:32:43Z</time>
   </trkpt>
   <trkpt lat="55.5908230" lon="-2.5557140">
    <ele>109.2</ele>
    <time>2026-08-02T08:32:44Z</time>
   </trkpt>
   <trkpt lat="55.5908230" lon="-2.5557140">
    <ele>109.2</ele>
    <time>2026-08-02T08:32:45Z</time>
   </trkpt>
   <trkpt lat="55.5908230" lon="-2.5557140">
    <ele>109.2</ele>
    <time>2026-08-02T08:32:46Z</time>
   </trkpt>
   <trkpt lat="55.5908230" lon="-2.5557120">
    <ele>109.2</ele>
    <time>2026-08-02T08:32:47Z</time>
   </trkpt>
   <trkpt lat="55.5908230" lon="-2.5557120">
    <ele>109.2</ele>
    <time>2026-08-02T08:32:48Z</time>
   </trkpt>
   <trkpt lat="55.5908230" lon="-2.5557120">
    <ele>109.2</ele>
    <time>2026-08-02T08:32:49Z</time>
   </trkpt>
   <trkpt lat="55.5908230" lon="-2.5557110">
    <ele>109.2</ele>
    <time>2026-08-02T08:32:50Z</time>
   </trkpt>
   <trkpt lat="55.5908230" lon="-2.5557110">
    <ele>109.2</ele>
    <time>2026-08-02T08:32:51Z</time>
   </trkpt>
   <trkpt lat="55.5908240" lon="-2.5557100">
    <ele>109.2</ele>
    <time>2026-08-02T08:32:52Z</time>
   </trkpt>
   <trkpt lat="55.5908230" lon="-2.5557140">
    <ele>109.2</ele>
    <time>2026-08-02T08:32:53Z</time>
   </trkpt>
   <trkpt lat="55.5908220" lon="-2.5557160">
    <ele>109.2</ele>
    <time>2026-08-02T08:32:54Z</time>
   </trkpt>
   <trkpt lat="55.5908220" lon="-2.5557160">
    <ele>109.2</ele>
    <time>2026-08-02T08:32:55Z</time>
   </trkpt>
   <trkpt lat="55.5908220" lon="-2.5557160">
    <ele>109.2</ele>
    <time>2026-08-02T08:32:56Z</time>
   </trkpt>
   <trkpt lat="55.5908220" lon="-2.5557170">
    <ele>109.2</ele>
    <time>2026-08-02T08:32:57Z</time>
   </trkpt>
   <trkpt lat="55.5908220" lon="-2.5557160">
    <ele>109.2</ele>
    <time>2026-08-02T08:32:58Z</time>
   </trkpt>
   <trkpt lat="55.5908220" lon="-2.5557150">
    <ele>109.2</ele>
    <time>2026-08-02T08:32:59Z</time>
   </trkpt>
   <trkpt lat="55.5908220" lon="-2.5557150">
    <ele>109.2</ele>
    <time>2026-08-02T08:33:00Z</time>
   </trkpt>
   <trkpt lat="55.5908220" lon="-2.5557160">
    <ele>109.2</ele>
    <time>2026-08-02T08:33:01Z</time>
   </trkpt>
   <trkpt lat="55.5908220" lon="-2.5557160">
    <ele>109.2</ele>
    <time>2026-08-02T08:33:02Z</time>
   </trkpt>
   <trkpt lat="55.5908220" lon="-2.5557160">
    <ele>109.2</ele>
    <time>2026-08-02T08:33:03Z</time>
   </trkpt>
   <trkpt lat="55.5908220" lon="-2.5557150">
    <ele>109.2</ele>
    <time>2026-08-02T08:33:04Z</time>
   </trkpt>
   <trkpt lat="55.5908220" lon="-2.5557150">
    <ele>109.2</ele>
    <time>2026-08-02T08:33:05Z</time>
   </trkpt>
   <trkpt lat="55.5908220" lon="-2.5557150">
    <ele>109.2</ele>
    <time>2026-08-02T08:33:06Z</time>
   </trkpt>
   <trkpt lat="55.5908220" lon="-2.5557140">
    <ele>109.2</ele>
    <time>2026-08-02T08:33:07Z</time>
   </trkpt>
   <trkpt lat="55.5908220" lon="-2.5557200">
    <ele>109.2</ele>
    <time>2026-08-02T08:33:08Z</time>
   </trkpt>
   <trkpt lat="55.5908240" lon="-2.5557040">
    <ele>109.2</ele>
    <time>2026-08-02T08:33:09Z</time>
   </trkpt>
   <trkpt lat="55.5908250" lon="-2.5557100">
    <ele>109.2</ele>
    <time>2026-08-02T08:33:10Z</time>
   </trkpt>
   <trkpt lat="55.5908260" lon="-2.5557120">
    <ele>109.2</ele>
    <time>2026-08-02T08:33:11Z</time>
   </trkpt>
   <trkpt lat="55.5908300" lon="-2.5557080">
    <ele>109.2</ele>
    <time>2026-08-02T08:33:12Z</time>
   </trkpt>
   <trkpt lat="55.5908290" lon="-2.5557020">
    <ele>109.2</ele>
    <time>2026-08-02T08:33:13Z</time>
   </trkpt>
   <trkpt lat="55.5908290" lon="-2.5557050">
    <ele>109.2</ele>
    <time>2026-08-02T08:33:14Z</time>
   </trkpt>
   <trkpt lat="55.5908260" lon="-2.5557160">
    <ele>109.2</ele>
    <time>2026-08-02T08:33:15Z</time>
   </trkpt>
   <trkpt lat="55.5908260" lon="-2.5557160">
    <ele>109.2</ele>
    <time>2026-08-02T08:33:16Z</time>
   </trkpt>
   <trkpt lat="55.5908230" lon="-2.5557180">
    <ele>109.2</ele>
    <time>2026-08-02T08:33:17Z</time>
   </trkpt>
   <trkpt lat="55.5908230" lon="-2.5557180">
    <ele>109.2</ele>
    <time>2026-08-02T08:33:18Z</time>
   </trkpt>
   <trkpt lat="55.5908230" lon="-2.5557180">
    <ele>109.2</ele>
    <time>2026-08-02T08:33:19Z</time>
   </trkpt>
   <trkpt lat="55.5908230" lon="-2.5557180">
    <ele>109.2</ele>
    <time>2026-08-02T08:33:20Z</time>
   </trkpt>
   <trkpt lat="55.5908230" lon="-2.5557180">
    <ele>109.2</ele>
    <time>2026-08-02T08:33:21Z</time>
   </trkpt>
   <trkpt lat="55.5908230" lon="-2.5557180">
    <ele>109.2</ele>
    <time>2026-08-02T08:33:22Z</time>
   </trkpt>
   <trkpt lat="55.5908230" lon="-2.5557180">
    <ele>109.2</ele>
    <time>2026-08-02T08:33:23Z</time>
   </trkpt>
   <trkpt lat="55.5908240" lon="-2.5557170">
    <ele>109.2</ele>
    <time>2026-08-02T08:33:24Z</time>
   </trkpt>
   <trkpt lat="55.5908240" lon="-2.5557170">
    <ele>109.2</ele>
    <time>2026-08-02T08:33:25Z</time>
   </trkpt>
   <trkpt lat="55.5908240" lon="-2.5557170">
    <ele>109.2</ele>
    <time>2026-08-02T08:33:26Z</time>
   </trkpt>
   <trkpt lat="55.5908240" lon="-2.5557170">
    <ele>109.2</ele>
    <time>2026-08-02T08:33:27Z</time>
   </trkpt>
   <trkpt lat="55.5908240" lon="-2.5557170">
    <ele>109.2</ele>
    <time>2026-08-02T08:33:28Z</time>
   </trkpt>
   <trkpt lat="55.5908250" lon="-2.5557170">
    <ele>109.2</ele>
    <time>2026-08-02T08:33:29Z</time>
   </trkpt>
   <trkpt lat="55.5908250" lon="-2.5557170">
    <ele>109.2</ele>
    <time>2026-08-02T08:33:30Z</time>
   </trkpt>
   <trkpt lat="55.5908250" lon="-2.5557170">
    <ele>109.2</ele>
    <time>2026-08-02T08:33:31Z</time>
   </trkpt>
   <trkpt lat="55.5908250" lon="-2.5557170">
    <ele>109.2</ele>
    <time>2026-08-02T08:33:32Z</time>
   </trkpt>
   <trkpt lat="55.5908250" lon="-2.5557170">
    <ele>109.2</ele>
    <time>2026-08-02T08:33:33Z</time>
   </trkpt>
   <trkpt lat="55.5908250" lon="-2.5557170">
    <ele>109.2</ele>
    <time>2026-08-02T08:33:34Z</time>
   </trkpt>
   <trkpt lat="55.5908250" lon="-2.5557170">
    <ele>109.2</ele>
    <time>2026-08-02T08:33:35Z</time>
   </trkpt>
   <trkpt lat="55.5908250" lon="-2.5557170">
    <ele>109.2</ele>
    <time>2026-08-02T08:33:36Z</time>
   </trkpt>
   <trkpt lat="55.5908250" lon="-2.5557170">
    <ele>109.2</ele>
    <time>2026-08-02T08:33:37Z</time>
   </trkpt>
   <trkpt lat="55.5908250" lon="-2.5557170">
    <ele>109.2</ele>
    <time>2026-08-02T08:33:38Z</time>
   </trkpt>
   <trkpt lat="55.5908250" lon="-2.5557170">
    <ele>109.2</ele>
    <time>2026-08-02T08:33:39Z</time>
   </trkpt>
   <trkpt lat="55.5908240" lon="-2.5557280">
    <ele>109.2</ele>
    <time>2026-08-02T08:33:40Z</time>
   </trkpt>
   <trkpt lat="55.5908240" lon="-2.5557280">
    <ele>109.2</ele>
    <time>2026-08-02T08:33:41Z</time>
   </trkpt>
   <trkpt lat="55.5908240" lon="-2.5557280">
    <ele>109.2</ele>
    <time>2026-08-02T08:33:42Z</time>
   </trkpt>
   <trkpt lat="55.5908240" lon="-2.5557280">
    <ele>109.2</ele>
    <time>2026-08-02T08:33:43Z</time>
   </trkpt>
   <trkpt lat="55.5908240" lon="-2.5557280">
    <ele>109.2</ele>
    <time>2026-08-02T08:33:44Z</time>
   </trkpt>
   <trkpt lat="55.5908240" lon="-2.5557270">
    <ele>109.2</ele>
    <time>2026-08-02T08:33:45Z</time>
   </trkpt>
   <trkpt lat="55.5908240" lon="-2.5557260">
    <ele>109.2</ele>
    <time>2026-08-02T08:33:46Z</time>
   </trkpt>
   <trkpt lat="55.5908240" lon="-2.5557260">
    <ele>109.2</ele>
    <time>2026-08-02T08:33:47Z</time>
   </trkpt>
   <trkpt lat="55.5908240" lon="-2.5557260">
    <ele>109.2</ele>
    <time>2026-08-02T08:33:48Z</time>
   </trkpt>
   <trkpt lat="55.5908240" lon="-2.5557260">
    <ele>109.2</ele>
    <time>2026-08-02T08:33:49Z</time>
   </trkpt>
   <trkpt lat="55.5908250" lon="-2.5557250">
    <ele>109.2</ele>
    <time>2026-08-02T08:33:50Z</time>
   </trkpt>
   <trkpt lat="55.5908250" lon="-2.5557250">
    <ele>109.2</ele>
    <time>2026-08-02T08:33:51Z</time>
   </trkpt>
   <trkpt lat="55.5908250" lon="-2.5557250">
    <ele>109.2</ele>
    <time>2026-08-02T08:33:52Z</time>
   </trkpt>
   <trkpt lat="55.5908240" lon="-2.5557270">
    <ele>109.2</ele>
    <time>2026-08-02T08:33:53Z</time>
   </trkpt>
   <trkpt lat="55.5908240" lon="-2.5557280">
    <ele>109.2</ele>
    <time>2026-08-02T08:33:54Z</time>
   </trkpt>
   <trkpt lat="55.5908240" lon="-2.5557270">
    <ele>109.2</ele>
    <time>2026-08-02T08:33:55Z</time>
   </trkpt>
   <trkpt lat="55.5908240" lon="-2.5557270">
    <ele>109.2</ele>
    <time>2026-08-02T08:33:56Z</time>
   </trkpt>
   <trkpt lat="55.5908240" lon="-2.5557280">
    <ele>109.2</ele>
    <time>2026-08-02T08:33:57Z</time>
   </trkpt>
   <trkpt lat="55.5908240" lon="-2.5557280">
    <ele>109.2</ele>
    <time>2026-08-02T08:33:58Z</time>
   </trkpt>
   <trkpt lat="55.5908230" lon="-2.5557290">
    <ele>109.2</ele>
    <time>2026-08-02T08:33:59Z</time>
   </trkpt>
   <trkpt lat="55.5908230" lon="-2.5557290">
    <ele>109.2</ele>
    <time>2026-08-02T08:34:00Z</time>
   </trkpt>
   <trkpt lat="55.5908230" lon="-2.5557290">
    <ele>109.2</ele>
    <time>2026-08-02T08:34:01Z</time>
   </trkpt>
   <trkpt lat="55.5908230" lon="-2.5557290">
    <ele>109.2</ele>
    <time>2026-08-02T08:34:02Z</time>
   </trkpt>
   <trkpt lat="55.5908240" lon="-2.5557280">
    <ele>109.2</ele>
    <time>2026-08-02T08:34:03Z</time>
   </trkpt>
   <trkpt lat="55.5908240" lon="-2.5557280">
    <ele>109.2</ele>
    <time>2026-08-02T08:34:04Z</time>
   </trkpt>
   <trkpt lat="55.5908240" lon="-2.5557270">
    <ele>109.2</ele>
    <time>2026-08-02T08:34:05Z</time>
   </trkpt>
   <trkpt lat="55.5908240" lon="-2.5557270">
    <ele>109.2</ele>
    <time>2026-08-02T08:34:06Z</time>
   </trkpt>
   <trkpt lat="55.5908240" lon="-2.5557270">
    <ele>109.2</ele>
    <time>2026-08-02T08:34:07Z</time>
   </trkpt>
   <trkpt lat="55.5908240" lon="-2.5557270">
    <ele>109.2</ele>
    <time>2026-08-02T08:34:08Z</time>
   </trkpt>
   <trkpt lat="55.5908240" lon="-2.5557270">
    <ele>109.2</ele>
    <time>2026-08-02T08:34:09Z</time>
   </trkpt>
   <trkpt lat="55.5908230" lon="-2.5557320">
    <ele>109.2</ele>
    <time>2026-08-02T08:34:10Z</time>
   </trkpt>
   <trkpt lat="55.5908230" lon="-2.5557320">
    <ele>109.2</ele>
    <time>2026-08-02T08:34:11Z</time>
   </trkpt>
   <trkpt lat="55.5908240" lon="-2.5557310">
    <ele>109.2</ele>
    <time>2026-08-02T08:34:12Z</time>
   </trkpt>
   <trkpt lat="55.5908240" lon="-2.5557310">
    <ele>109.2</ele>
    <time>2026-08-02T08:34:13Z</time>
   </trkpt>
   <trkpt lat="55.5908240" lon="-2.5557310">
    <ele>109.2</ele>
    <time>2026-08-02T08:34:14Z</time>
   </trkpt>
   <trkpt lat="55.5908240" lon="-2.5557310">
    <ele>109.2</ele>
    <time>2026-08-02T08:34:15Z</time>
   </trkpt>
   <trkpt lat="55.5908240" lon="-2.5557310">
    <ele>109.2</ele>
    <time>2026-08-02T08:34:16Z</time>
   </trkpt>
   <trkpt lat="55.5908240" lon="-2.5557310">
    <ele>109.2</ele>
    <time>2026-08-02T08:34:17Z</time>
   </trkpt>
   <trkpt lat="55.5908240" lon="-2.5557310">
    <ele>109.2</ele>
    <time>2026-08-02T08:34:18Z</time>
   </trkpt>
   <trkpt lat="55.5908240" lon="-2.5557310">
    <ele>109.2</ele>
    <time>2026-08-02T08:34:19Z</time>
   </trkpt>
   <trkpt lat="55.5908240" lon="-2.5557300">
    <ele>109.2</ele>
    <time>2026-08-02T08:34:20Z</time>
   </trkpt>
   <trkpt lat="55.5908240" lon="-2.5557300">
    <ele>109.2</ele>
    <time>2026-08-02T08:34:21Z</time>
   </trkpt>
   <trkpt lat="55.5908240" lon="-2.5557300">
    <ele>109.2</ele>
    <time>2026-08-02T08:34:22Z</time>
   </trkpt>
   <trkpt lat="55.5908240" lon="-2.5557300">
    <ele>109.2</ele>
    <time>2026-08-02T08:34:23Z</time>
   </trkpt>
   <trkpt lat="55.5908240" lon="-2.5557300">
    <ele>109.2</ele>
    <time>2026-08-02T08:34:24Z</time>
   </trkpt>
   <trkpt lat="55.5908240" lon="-2.5557300">
    <ele>109.2</ele>
    <time>2026-08-02T08:34:25Z</time>
   </trkpt>
   <trkpt lat="55.5908240" lon="-2.5557300">
    <ele>109.2</ele>
    <time>2026-08-02T08:34:26Z</time>
   </trkpt>
   <trkpt lat="55.5908240" lon="-2.5557300">
    <ele>109.2</ele>
    <time>2026-08-02T08:34:27Z</time>
   </trkpt>
   <trkpt lat="55.5908240" lon="-2.5557300">
    <ele>109.2</ele>
    <time>2026-08-02T08:34:28Z</time>
   </trkpt>
   <trkpt lat="55.5908240" lon="-2.5557300">
    <ele>109.2</ele>
    <time>2026-08-02T08:34:29Z</time>
   </trkpt>
   <trkpt lat="55.5908240" lon="-2.5557300">
    <ele>109.2</ele>
    <time>2026-08-02T08:34:30Z</time>
   </trkpt>
   <trkpt lat="55.5908240" lon="-2.5557290">
    <ele>109.2</ele>
    <time>2026-08-02T08:34:31Z</time>
   </trkpt>
   <trkpt lat="55.5908240" lon="-2.5557290">
    <ele>109.2</ele>
    <time>2026-08-02T08:34:32Z</time>
   </trkpt>
   <trkpt lat="55.5908240" lon="-2.5557290">
    <ele>109.2</ele>
    <time>2026-08-02T08:34:33Z</time>
   </trkpt>
   <trkpt lat="55.5908240" lon="-2.5557290">
    <ele>109.2</ele>
    <time>2026-08-02T08:34:34Z</time>
   </trkpt>
   <trkpt lat="55.5908240" lon="-2.5557290">
    <ele>109.2</ele>
    <time>2026-08-02T08:34:35Z</time>
   </trkpt>
   <trkpt lat="55.5908240" lon="-2.5557290">
    <ele>109.2</ele>
    <time>2026-08-02T08:34:36Z</time>
   </trkpt>
   <trkpt lat="55.5908230" lon="-2.5557290">
    <ele>109.2</ele>
    <time>2026-08-02T08:34:37Z</time>
   </trkpt>
   <trkpt lat="55.5908230" lon="-2.5557330">
    <ele>109.2</ele>
    <time>2026-08-02T08:34:38Z</time>
   </trkpt>
   <trkpt lat="55.5908230" lon="-2.5557340">
    <ele>109.2</ele>
    <time>2026-08-02T08:34:39Z</time>
   </trkpt>
   <trkpt lat="55.5908240" lon="-2.5557360">
    <ele>109.2</ele>
    <time>2026-08-02T08:34:40Z</time>
   </trkpt>
   <trkpt lat="55.5908240" lon="-2.5557350">
    <ele>109.2</ele>
    <time>2026-08-02T08:34:41Z</time>
   </trkpt>
   <trkpt lat="55.5908220" lon="-2.5557380">
    <ele>109.2</ele>
    <time>2026-08-02T08:34:42Z</time>
   </trkpt>
   <trkpt lat="55.5908220" lon="-2.5557380">
    <ele>109.2</ele>
    <time>2026-08-02T08:34:43Z</time>
   </trkpt>
   <trkpt lat="55.5908220" lon="-2.5557380">
    <ele>109.2</ele>
    <time>2026-08-02T08:34:44Z</time>
   </trkpt>
   <trkpt lat="55.5908220" lon="-2.5557380">
    <ele>109.2</ele>
    <time>2026-08-02T08:34:45Z</time>
   </trkpt>
   <trkpt lat="55.5908220" lon="-2.5557420">
    <ele>109.2</ele>
    <time>2026-08-02T08:34:46Z</time>
   </trkpt>
   <trkpt lat="55.5908230" lon="-2.5557410">
    <ele>109.2</ele>
    <time>2026-08-02T08:34:47Z</time>
   </trkpt>
   <trkpt lat="55.5908240" lon="-2.5557400">
    <ele>109.2</ele>
    <time>2026-08-02T08:34:48Z</time>
   </trkpt>
   <trkpt lat="55.5908240" lon="-2.5557400">
    <ele>109.2</ele>
    <time>2026-08-02T08:34:49Z</time>
   </trkpt>
   <trkpt lat="55.5908240" lon="-2.5557400">
    <ele>109.2</ele>
    <time>2026-08-02T08:34:50Z</time>
   </trkpt>
   <trkpt lat="55.5908240" lon="-2.5557390">
    <ele>109.2</ele>
    <time>2026-08-02T08:34:51Z</time>
   </trkpt>
   <trkpt lat="55.5908310" lon="-2.5557180">
    <ele>109.1</ele>
    <time>2026-08-02T08:34:52Z</time>
   </trkpt>
   <trkpt lat="55.5908320" lon="-2.5557180">
    <ele>109.1</ele>
    <time>2026-08-02T08:34:53Z</time>
   </trkpt>
   <trkpt lat="55.5908240" lon="-2.5557210">
    <ele>109.1</ele>
    <time>2026-08-02T08:34:54Z</time>
   </trkpt>
   <trkpt lat="55.5908290" lon="-2.5557170">
    <ele>109.1</ele>
    <time>2026-08-02T08:34:55Z</time>
   </trkpt>
   <trkpt lat="55.5908290" lon="-2.5557140">
    <ele>109.1</ele>
    <time>2026-08-02T08:34:56Z</time>
   </trkpt>
   <trkpt lat="55.5908300" lon="-2.5557030">
    <ele>109.1</ele>
    <time>2026-08-02T08:34:57Z</time>
   </trkpt>
   <trkpt lat="55.5908300" lon="-2.5557030">
    <ele>109.1</ele>
    <time>2026-08-02T08:34:58Z</time>
   </trkpt>
   <trkpt lat="55.5908310" lon="-2.5557030">
    <ele>109.1</ele>
    <time>2026-08-02T08:34:59Z</time>
   </trkpt>
   <trkpt lat="55.5908360" lon="-2.5557080">
    <ele>109.1</ele>
    <time>2026-08-02T08:35:00Z</time>
   </trkpt>
   <trkpt lat="55.5908350" lon="-2.5557120">
    <ele>109.1</ele>
    <time>2026-08-02T08:35:01Z</time>
   </trkpt>
   <trkpt lat="55.5908400" lon="-2.5557120">
    <ele>109.1</ele>
    <time>2026-08-02T08:35:02Z</time>
   </trkpt>
   <trkpt lat="55.5908430" lon="-2.5557010">
    <ele>109.1</ele>
    <time>2026-08-02T08:35:03Z</time>
   </trkpt>
   <trkpt lat="55.5908490" lon="-2.5557170">
    <ele>109.1</ele>
    <time>2026-08-02T08:35:04Z</time>
   </trkpt>
   <trkpt lat="55.5908540" lon="-2.5557000">
    <ele>109.1</ele>
    <time>2026-08-02T08:35:05Z</time>
   </trkpt>
   <trkpt lat="55.5908610" lon="-2.5557080">
    <ele>109.1</ele>
    <time>2026-08-02T08:35:06Z</time>
   </trkpt>
   <trkpt lat="55.5908610" lon="-2.5557010">
    <ele>109.1</ele>
    <time>2026-08-02T08:35:07Z</time>
   </trkpt>
   <trkpt lat="55.5908610" lon="-2.5557000">
    <ele>109.1</ele>
    <time>2026-08-02T08:35:08Z</time>
   </trkpt>
   <trkpt lat="55.5908580" lon="-2.5557150">
    <ele>109.1</ele>
    <time>2026-08-02T08:35:09Z</time>
   </trkpt>
   <trkpt lat="55.5908410" lon="-2.5557740">
    <ele>109.1</ele>
    <time>2026-08-02T08:35:10Z</time>
   </trkpt>
   <trkpt lat="55.5908490" lon="-2.5557540">
    <ele>109.1</ele>
    <time>2026-08-02T08:35:11Z</time>
   </trkpt>
   <trkpt lat="55.5908440" lon="-2.5557900">
    <ele>109.1</ele>
    <time>2026-08-02T08:35:12Z</time>
   </trkpt>
   <trkpt lat="55.5908720" lon="-2.5557240">
    <ele>109.1</ele>
    <time>2026-08-02T08:35:13Z</time>
   </trkpt>
   <trkpt lat="55.5908590" lon="-2.5557280">
    <ele>109.1</ele>
    <time>2026-08-02T08:35:14Z</time>
   </trkpt>
   <trkpt lat="55.5908580" lon="-2.5557330">
    <ele>109.1</ele>
    <time>2026-08-02T08:35:15Z</time>
   </trkpt>
   <trkpt lat="55.5908560" lon="-2.5557370">
    <ele>109.1</ele>
    <time>2026-08-02T08:35:16Z</time>
   </trkpt>
   <trkpt lat="55.5908540" lon="-2.5557410">
    <ele>109.1</ele>
    <time>2026-08-02T08:35:17Z</time>
   </trkpt>
   <trkpt lat="55.5908410" lon="-2.5557400">
    <ele>109.1</ele>
    <time>2026-08-02T08:35:18Z</time>
   </trkpt>
   <trkpt lat="55.5908530" lon="-2.5557380">
    <ele>109.1</ele>
    <time>2026-08-02T08:35:19Z</time>
   </trkpt>
   <trkpt lat="55.5908550" lon="-2.5557580">
    <ele>109.1</ele>
    <time>2026-08-02T08:35:20Z</time>
   </trkpt>
   <trkpt lat="55.5908680" lon="-2.5557640">
    <ele>109.1</ele>
    <time>2026-08-02T08:35:21Z</time>
   </trkpt>
   <trkpt lat="55.5908730" lon="-2.5557390">
    <ele>109.1</ele>
    <time>2026-08-02T08:35:22Z</time>
   </trkpt>
   <trkpt lat="55.5908610" lon="-2.5557400">
    <ele>109.1</ele>
    <time>2026-08-02T08:35:23Z</time>
   </trkpt>
   <trkpt lat="55.5908500" lon="-2.5557360">
    <ele>109.1</ele>
    <time>2026-08-02T08:35:24Z</time>
   </trkpt>
   <trkpt lat="55.5908510" lon="-2.5557530">
    <ele>109.1</ele>
    <time>2026-08-02T08:35:25Z</time>
   </trkpt>
   <trkpt lat="55.5908490" lon="-2.5557430">
    <ele>109.1</ele>
    <time>2026-08-02T08:35:26Z</time>
   </trkpt>
   <trkpt lat="55.5908200" lon="-2.5557690">
    <ele>109.1</ele>
    <time>2026-08-02T08:35:27Z</time>
   </trkpt>
   <trkpt lat="55.5908150" lon="-2.5558020">
    <ele>109.1</ele>
    <time>2026-08-02T08:35:28Z</time>
   </trkpt>
   <trkpt lat="55.5908140" lon="-2.5558110">
    <ele>109.1</ele>
    <time>2026-08-02T08:35:29Z</time>
   </trkpt>
   <trkpt lat="55.5908070" lon="-2.5558230">
    <ele>109.1</ele>
    <time>2026-08-02T08:35:30Z</time>
   </trkpt>
   <trkpt lat="55.5908040" lon="-2.5558320">
    <ele>109.1</ele>
    <time>2026-08-02T08:35:31Z</time>
   </trkpt>
   <trkpt lat="55.5908020" lon="-2.5558560">
    <ele>109.1</ele>
    <time>2026-08-02T08:35:32Z</time>
   </trkpt>
   <trkpt lat="55.5908030" lon="-2.5558580">
    <ele>109.1</ele>
    <time>2026-08-02T08:35:33Z</time>
   </trkpt>
   <trkpt lat="55.5908010" lon="-2.5558580">
    <ele>109.1</ele>
    <time>2026-08-02T08:35:34Z</time>
   </trkpt>
   <trkpt lat="55.5908020" lon="-2.5558550">
    <ele>109.1</ele>
    <time>2026-08-02T08:35:35Z</time>
   </trkpt>
   <trkpt lat="55.5908040" lon="-2.5558460">
    <ele>109.0</ele>
    <time>2026-08-02T08:35:36Z</time>
   </trkpt>
   <trkpt lat="55.5908090" lon="-2.5558350">
    <ele>109.0</ele>
    <time>2026-08-02T08:35:37Z</time>
   </trkpt>
   <trkpt lat="55.5908110" lon="-2.5558180">
    <ele>109.0</ele>
    <time>2026-08-02T08:35:38Z</time>
   </trkpt>
   <trkpt lat="55.5908200" lon="-2.5558040">
    <ele>109.0</ele>
    <time>2026-08-02T08:35:39Z</time>
   </trkpt>
   <trkpt lat="55.5908190" lon="-2.5557860">
    <ele>109.0</ele>
    <time>2026-08-02T08:35:40Z</time>
   </trkpt>
   <trkpt lat="55.5908220" lon="-2.5557650">
    <ele>109.0</ele>
    <time>2026-08-02T08:35:41Z</time>
   </trkpt>
   <trkpt lat="55.5908290" lon="-2.5557780">
    <ele>109.0</ele>
    <time>2026-08-02T08:35:42Z</time>
   </trkpt>
   <trkpt lat="55.5908260" lon="-2.5557750">
    <ele>109.0</ele>
    <time>2026-08-02T08:35:43Z</time>
   </trkpt>
   <trkpt lat="55.5908330" lon="-2.5557620">
    <ele>109.0</ele>
    <time>2026-08-02T08:35:44Z</time>
   </trkpt>
   <trkpt lat="55.5908330" lon="-2.5557600">
    <ele>109.0</ele>
    <time>2026-08-02T08:35:45Z</time>
   </trkpt>
   <trkpt lat="55.5908250" lon="-2.5557410">
    <ele>109.0</ele>
    <time>2026-08-02T08:35:46Z</time>
   </trkpt>
   <trkpt lat="55.5908180" lon="-2.5557350">
    <ele>109.0</ele>
    <time>2026-08-02T08:35:47Z</time>
   </trkpt>
   <trkpt lat="55.5908260" lon="-2.5557680">
    <ele>109.0</ele>
    <time>2026-08-02T08:35:48Z</time>
   </trkpt>
   <trkpt lat="55.5908260" lon="-2.5557680">
    <ele>109.0</ele>
    <time>2026-08-02T08:35:49Z</time>
   </trkpt>
   <trkpt lat="55.5908260" lon="-2.5557680">
    <ele>109.0</ele>
    <time>2026-08-02T08:35:50Z</time>
   </trkpt>
   <trkpt lat="55.5908410" lon="-2.5557260">
    <ele>109.0</ele>
    <time>2026-08-02T08:35:51Z</time>
   </trkpt>
   <trkpt lat="55.5908550" lon="-2.5557310">
    <ele>109.0</ele>
    <time>2026-08-02T08:35:52Z</time>
   </trkpt>
   <trkpt lat="55.5908680" lon="-2.5557350">
    <ele>109.0</ele>
    <time>2026-08-02T08:35:53Z</time>
   </trkpt>
   <trkpt lat="55.5908640" lon="-2.5557320">
    <ele>109.0</ele>
    <time>2026-08-02T08:35:54Z</time>
   </trkpt>
   <trkpt lat="55.5908640" lon="-2.5557350">
    <ele>109.0</ele>
    <time>2026-08-02T08:35:55Z</time>
   </trkpt>
   <trkpt lat="55.5908630" lon="-2.5557400">
    <ele>109.0</ele>
    <time>2026-08-02T08:35:56Z</time>
   </trkpt>
   <trkpt lat="55.5908630" lon="-2.5557420">
    <ele>109.0</ele>
    <time>2026-08-02T08:35:57Z</time>
   </trkpt>
   <trkpt lat="55.5908630" lon="-2.5557460">
    <ele>109.0</ele>
    <time>2026-08-02T08:35:58Z</time>
   </trkpt>
   <trkpt lat="55.5908600" lon="-2.5557480">
    <ele>109.0</ele>
    <time>2026-08-02T08:35:59Z</time>
   </trkpt>
   <trkpt lat="55.5908400" lon="-2.5557110">
    <ele>109.0</ele>
    <time>2026-08-02T08:36:00Z</time>
   </trkpt>
   <trkpt lat="55.5908400" lon="-2.5557110">
    <ele>109.0</ele>
    <time>2026-08-02T08:36:01Z</time>
   </trkpt>
   <trkpt lat="55.5908400" lon="-2.5557110">
    <ele>109.0</ele>
    <time>2026-08-02T08:36:02Z</time>
   </trkpt>
   <trkpt lat="55.5908400" lon="-2.5557110">
    <ele>109.0</ele>
    <time>2026-08-02T08:36:03Z</time>
   </trkpt>
   <trkpt lat="55.5908400" lon="-2.5557110">
    <ele>109.0</ele>
    <time>2026-08-02T08:36:04Z</time>
   </trkpt>
   <trkpt lat="55.5908400" lon="-2.5557110">
    <ele>109.0</ele>
    <time>2026-08-02T08:36:05Z</time>
   </trkpt>
   <trkpt lat="55.5908400" lon="-2.5557110">
    <ele>109.0</ele>
    <time>2026-08-02T08:36:06Z</time>
   </trkpt>
   <trkpt lat="55.5908400" lon="-2.5557110">
    <ele>109.0</ele>
    <time>2026-08-02T08:36:07Z</time>
   </trkpt>
   <trkpt lat="55.5908400" lon="-2.5557110">
    <ele>109.0</ele>
    <time>2026-08-02T08:36:09Z</time>
   </trkpt>
   <trkpt lat="55.5908400" lon="-2.5557980">
    <ele>109.0</ele>
    <time>2026-08-02T08:36:10Z</time>
   </trkpt>
   <trkpt lat="55.5908340" lon="-2.5558400">
    <ele>109.0</ele>
    <time>2026-08-02T08:36:16Z</time>
   </trkpt>
   <trkpt lat="55.5907980" lon="-2.5561070">
    <ele>108.9</ele>
    <time>2026-08-02T08:36:22Z</time>
   </trkpt>
   <trkpt lat="55.5907980" lon="-2.5561070">
    <ele>108.9</ele>
    <time>2026-08-02T08:36:28Z</time>
   </trkpt>
   <trkpt lat="55.5907940" lon="-2.5561310">
    <ele>108.9</ele>
    <time>2026-08-02T08:36:34Z</time>
   </trkpt>
   <trkpt lat="55.5907940" lon="-2.5561310">
    <ele>108.9</ele>
    <time>2026-08-02T08:36:40Z</time>
   </trkpt>
   <trkpt lat="55.5907930" lon="-2.5561320">
    <ele>108.9</ele>
    <time>2026-08-02T08:36:44Z</time>
   </trkpt>
   <trkpt lat="55.5907930" lon="-2.5561320">
    <ele>108.9</ele>
    <time>2026-08-02T08:36:46Z</time>
   </trkpt>
   <trkpt lat="55.5907900" lon="-2.5561520">
    <ele>108.9</ele>
    <time>2026-08-02T08:36:52Z</time>
   </trkpt>
   <trkpt lat="55.5907870" lon="-2.5561770">
    <ele>108.9</ele>
    <time>2026-08-02T08:36:58Z</time>
   </trkpt>
   <trkpt lat="55.5907870" lon="-2.5561770">
    <ele>108.9</ele>
    <time>2026-08-02T08:37:04Z</time>
   </trkpt>
   <trkpt lat="55.5907870" lon="-2.5561770">
    <ele>108.9</ele>
    <time>2026-08-02T08:37:10Z</time>
   </trkpt>
   <trkpt lat="55.5907870" lon="-2.5561770">
    <ele>108.9</ele>
    <time>2026-08-02T08:37:16Z</time>
   </trkpt>
   <trkpt lat="55.5907830" lon="-2.5562080">
    <ele>108.9</ele>
    <time>2026-08-02T08:37:22Z</time>
   </trkpt>
   <trkpt lat="55.5907820" lon="-2.5562220">
    <ele>108.9</ele>
    <time>2026-08-02T08:37:28Z</time>
   </trkpt>
   <trkpt lat="55.5907800" lon="-2.5562310">
    <ele>108.9</ele>
    <time>2026-08-02T08:37:34Z</time>
   </trkpt>
   <trkpt lat="55.5907790" lon="-2.5562390">
    <ele>108.9</ele>
    <time>2026-08-02T08:37:40Z</time>
   </trkpt>
   <trkpt lat="55.5907790" lon="-2.5562420">
    <ele>108.9</ele>
    <time>2026-08-02T08:37:46Z</time>
   </trkpt>
   <trkpt lat="55.5907780" lon="-2.5562490">
    <ele>108.9</ele>
    <time>2026-08-02T08:37:52Z</time>
   </trkpt>
   <trkpt lat="55.5907780" lon="-2.5562490">
    <ele>108.9</ele>
    <time>2026-08-02T08:37:56Z</time>
   </trkpt>
  </trkseg>
 </trk>
</gpx>
